,original subtotal,discount,net subtotal,tax,shipping,area,notes,tender,payment cash,payment card,payment gift card,payment store credit,payment check,payment other,payment total,gift card sold,gift card used
1,25.00,0.00,25.00,0.00,,pos,,cc,0.00,0.00,0.00,0.00,0.00,0.00,25.00,,
2,10.00,0.00,10.00,0.00,,pos,,cc,0.00,0.00,0.00,0.00,0.00,0.00,10.00,,
3,20.00,0.00,20.00,0.00,,pos,,cc,0.00,0.00,0.00,0.00,0.00,0.00,20.00,,
4,20.00,0.00,20.00,0.00,,pos,,cc,0.00,0.00,0.00,0.00,0.00,0.00,20.00,,
5,20.00,0.00,20.00,0.00,,pos,,cc,0.00,0.00,0.00,0.00,0.00,0.00,20.00,,
6,5.00,0.00,5.00,0.00,,pos,,cc,0.00,0.00,0.00,0.00,0.00,0.00,5.00,,
7,20.00,0.00,20.00,0.00,,pos,,cc,0.00,0.00,0.00,0.00,0.00,0.00,20.00,,
8,20.00,0.00,20.00,0.00,,pos,,cc,0.00,0.00,0.00,0.00,0.00,0.00,20.00,,
9,20.00,0.00,20.00,0.00,,pos,,cc,0.00,0.00,0.00,0.00,0.00,0.00,20.00,,
10,25.00,0.00,25.00,0.00,,pos,,cc,0.00,0.00,0.00,0.00,0.00,0.00,25.00,,
11,25.00,0.00,25.00,0.00,,pos,,cc,0.00,0.00,0.00,0.00,0.00,0.00,25.00,,
12,15.00,0.00,15.00,0.00,,pos,,cc,0.00,0.00,0.00,0.00,0.00,0.00,15.00,,
13,50.00,0.00,50.00,0.00,,pos,,cc,0.00,0.00,0.00,0.00,0.00,0.00,50.00,,
14,45.00,0.00,45.00,0.00,,pos,,cc,0.00,0.00,0.00,0.00,0.00,0.00,45.00,,
15,50.00,0.00,50.00,0.00,,pos,,cc,0.00,0.00,0.00,0.00,0.00,0.00,50.00,,
16,25.00,0.00,25.00,0.00,,pos,,cc,0.00,0.00,0.00,0.00,0.00,0.00,25.00,,
17,50.00,0.00,50.00,0.00,,pos,,cc,0.00,0.00,0.00,0.00,0.00,0.00,50.00,,
18,25.00,0.00,25.00,0.00,,pos,,cc,0.00,0.00,0.00,0.00,0.00,0.00,25.00,,
19,25.00,0.00,25.00,0.00,,pos,,cc,0.00,0.00,0.00,0.00,0.00,0.00,25.00,,
20,25.00,0.00,25.00,0.00,,pos,,cc,0.00,0.00,0.00,0.00,0.00,0.00,25.00,,
21,25.00,0.00,25.00,0.00,,pos,,cc,0.00,0.00,0.00,0.00,0.00,0.00,25.00,,
22,25.00,0.00,25.00,0.00,,pos,,cc,0.00,0.00,0.00,0.00,0.00,0.00,25.00,,
23,25.00,0.00,25.00,0.00,,pos,,cc,0.00,0.00,0.00,0.00,0.00,0.00,25.00,,
24,25.00,0.00,25.00,0.00,,pos,,cc,0.00,0.00,0.00,0.00,0.00,0.00,25.00,,
25,25.00,0.00,25.00,0.00,,pos,,cc,0.00,0.00,0.00,0.00,0.00,0.00,25.00,,
26,25.00,0.00,25.00,0.00,,pos,,cc,0.00,0.00,0.00,0.00,0.00,0.00,25.00,,
27,25.00,0.00,25.00,0.00,,pos,,cc,0.00,0.00,0.00,0.00,0.00,0.00,25.00,,
28,35.00,0.00,35.00,0.00,,pos,,cc,0.00,0.00,0.00,0.00,0.00,0.00,35.00,,
29,50.00,0.00,50.00,0.00,,pos,,cc,0.00,0.00,0.00,0.00,0.00,0.00,50.00,,
30,35.00,0.00,35.00,0.00,,pos,,cc,0.00,0.00,0.00,0.00,0.00,0.00,35.00,,
31,35.00,0.00,35.00,0.00,,pos,,cc,0.00,0.00,0.00,0.00,0.00,0.00,35.00,,
32,100.00,0.00,100.00,0.00,,pos,,cc,0.00,0.00,0.00,0.00,0.00,0.00,100.00,,
33,35.00,0.00,35.00,0.00,,pos,,cc,0.00,0.00,0.00,0.00,0.00,0.00,35.00,,
34,65.00,0.00,65.00,0.00,,pos,,cc,0.00,0.00,0.00,0.00,0.00,0.00,65.00,,
39,500.00,0.00,500.00,0.00,,pos,,cc,0.00,0.00,0.00,0.00,0.00,0.00,500.00,,
40,20.00,0.00,20.00,0.00,,pos,,cc,0.00,0.00,0.00,0.00,0.00,0.00,20.00,,
41,25.00,0.00,25.00,0.00,,pos,,cc,0.00,0.00,0.00,0.00,0.00,0.00,25.00,,
42,20.00,0.00,20.00,0.00,,pos,,cc,0.00,0.00,0.00,0.00,0.00,0.00,20.00,,
43,5.00,0.00,5.00,0.00,,pos,,cc,0.00,0.00,0.00,0.00,0.00,0.00,5.00,,
44,20.00,0.00,20.00,0.00,,pos,,cc,0.00,0.00,0.00,0.00,0.00,0.00,20.00,,
45,20.00,0.00,20.00,0.00,,pos,,cc,0.00,0.00,0.00,0.00,0.00,0.00,20.00,,
46,20.00,0.00,20.00,0.00,,pos,,cc,0.00,0.00,0.00,0.00,0.00,0.00,20.00,,
47,20.00,0.00,20.00,0.00,,pos,,cc,0.00,0.00,0.00,0.00,0.00,0.00,20.00,,
48,20.00,0.00,20.00,0.00,,pos,,cc,0.00,0.00,0.00,0.00,0.00,0.00,20.00,,
49,25.00,0.00,25.00,0.00,,pos,,cc,0.00,0.00,0.00,0.00,0.00,0.00,25.00,,
50,25.00,0.00,25.00,0.00,,pos,,cc,0.00,0.00,0.00,0.00,0.00,0.00,25.00,,
51,25.00,0.00,25.00,0.00,,pos,,cc,0.00,0.00,0.00,0.00,0.00,0.00,25.00,,
52,20.00,0.00,20.00,0.00,,pos,,cc,0.00,0.00,0.00,0.00,0.00,0.00,20.00,,
53,25.00,0.00,25.00,0.00,,pos,,cc,0.00,0.00,0.00,0.00,0.00,0.00,25.00,,
54,25.00,0.00,25.00,0.00,,pos,,cc,0.00,0.00,0.00,0.00,0.00,0.00,25.00,,
55,125.00,0.00,125.00,0.00,,pos,,cc,0.00,0.00,0.00,0.00,0.00,0.00,125.00,,
56,10.00,0.00,10.00,0.00,,pos,,cc,0.00,0.00,0.00,0.00,0.00,0.00,10.00,,
57,10.00,0.00,10.00,0.00,,pos,,cc,0.00,0.00,0.00,0.00,0.00,0.00,10.00,,
58,20.00,0.00,20.00,0.00,,pos,,cc,0.00,0.00,0.00,0.00,0.00,0.00,20.00,,
59,20.00,0.00,20.00,0.00,,pos,,cc,0.00,0.00,0.00,0.00,0.00,0.00,20.00,,
60,20.00,0.00,20.00,0.00,,pos,,cc,0.00,0.00,0.00,0.00,0.00,0.00,20.00,,
61,20.00,0.00,20.00,0.00,,pos,,cc,0.00,0.00,0.00,0.00,0.00,0.00,20.00,,
62,30.00,0.00,30.00,0.00,,pos,,cc,0.00,0.00,0.00,0.00,0.00,0.00,30.00,,
63,200.00,0.00,200.00,0.00,,pos,,cc,0.00,0.00,0.00,0.00,0.00,0.00,200.00,,
64,40.00,0.00,40.00,0.00,,pos,,cc,0.00,0.00,0.00,0.00,0.00,0.00,40.00,,
65,40.00,0.00,40.00,0.00,,pos,,cc,0.00,0.00,0.00,0.00,0.00,0.00,40.00,,
66,100.00,0.00,100.00,0.00,,pos,,cc,0.00,0.00,0.00,0.00,0.00,0.00,100.00,,
67,40.00,0.00,40.00,0.00,,pos,,cc,0.00,0.00,0.00,0.00,0.00,0.00,40.00,,
68,40.00,0.00,40.00,0.00,,pos,,cc,0.00,0.00,0.00,0.00,0.00,0.00,40.00,,
69,40.00,0.00,40.00,0.00,,pos,,cc,0.00,0.00,0.00,0.00,0.00,0.00,40.00,,
70,100.00,0.00,100.00,0.00,,pos,,cc,0.00,0.00,0.00,0.00,0.00,0.00,100.00,,
71,100.00,0.00,100.00,0.00,,pos,,cc,0.00,0.00,0.00,0.00,0.00,0.00,100.00,,
72,40.00,0.00,40.00,0.00,,pos,,cc,0.00,0.00,0.00,0.00,0.00,0.00,40.00,,
73,25.00,0.00,25.00,0.00,,pos,,cc,0.00,0.00,0.00,0.00,0.00,0.00,25.00,,
74,25.00,0.00,25.00,0.00,,pos,,cc,0.00,0.00,0.00,0.00,0.00,0.00,25.00,,
75,25.00,0.00,25.00,0.00,,pos,,cc,0.00,0.00,0.00,0.00,0.00,0.00,25.00,,
76,25.00,0.00,25.00,0.00,,pos,,cc,0.00,0.00,0.00,0.00,0.00,0.00,25.00,,
77,25.00,0.00,25.00,0.00,,pos,,cc,0.00,0.00,0.00,0.00,0.00,0.00,25.00,,
78,25.00,0.00,25.00,0.00,,pos,,cc,0.00,0.00,0.00,0.00,0.00,0.00,25.00,,
79,35.00,0.00,35.00,0.00,,pos,,cc,0.00,0.00,0.00,0.00,0.00,0.00,35.00,,
80,35.00,0.00,35.00,0.00,,pos,,cc,0.00,0.00,0.00,0.00,0.00,0.00,35.00,,
81,250.00,0.00,250.00,0.00,,pos,,cc,0.00,0.00,0.00,0.00,0.00,0.00,250.00,,
82,125.00,0.00,125.00,0.00,,pos,,cc,0.00,0.00,0.00,0.00,0.00,0.00,125.00,,
83,50.00,0.00,50.00,0.00,,pos,,cc,0.00,0.00,0.00,0.00,0.00,0.00,50.00,,
84,50.00,0.00,50.00,0.00,,pos,,cc,0.00,0.00,0.00,0.00,0.00,0.00,50.00,,
85,20.00,0.00,20.00,0.00,,pos,,cc,0.00,0.00,0.00,0.00,0.00,0.00,20.00,,
86,50.00,0.00,50.00,0.00,,pos,,cc,0.00,0.00,0.00,0.00,0.00,0.00,50.00,,
87,35.00,0.00,35.00,0.00,,pos,,cc,0.00,0.00,0.00,0.00,0.00,0.00,35.00,,
88,20.00,0.00,20.00,0.00,,pos,,cc,0.00,0.00,0.00,0.00,0.00,0.00,20.00,,
89,20.00,0.00,20.00,0.00,,pos,,cc,0.00,0.00,0.00,0.00,0.00,0.00,20.00,,
90,20.00,0.00,20.00,0.00,,pos,,cc,0.00,0.00,0.00,0.00,0.00,0.00,20.00,,
91,3151.95,0.00,3151.95,0.00,,pos,,cc,0.00,0.00,0.00,0.00,0.00,0.00,3151.95,,
92,1593.48,0.00,1593.48,0.00,,pos,,cc,0.00,0.00,0.00,0.00,0.00,0.00,1593.48,,
93,500.00,0.00,500.00,0.00,,pos,,cc,0.00,0.00,0.00,0.00,0.00,0.00,500.00,,
94,100.00,0.00,100.00,0.00,,pos,,cc,0.00,0.00,0.00,0.00,0.00,0.00,100.00,,
95,25.00,0.00,25.00,0.00,,pos,,cc,0.00,0.00,0.00,0.00,0.00,0.00,25.00,,
97,50.00,0.00,50.00,0.00,,pos,,cc,0.00,0.00,0.00,0.00,0.00,0.00,50.00,,
98,40.00,0.00,40.00,0.00,,pos,,cc,0.00,0.00,0.00,0.00,0.00,0.00,40.00,,
99,25.00,0.00,25.00,0.00,,pos,,cc,0.00,0.00,0.00,0.00,0.00,0.00,25.00,,
100,40.00,0.00,40.00,0.00,,pos,,cc,0.00,0.00,0.00,0.00,0.00,0.00,40.00,,
101,40.00,0.00,40.00,0.00,,pos,,cc,0.00,0.00,0.00,0.00,0.00,0.00,40.00,,
102,150.00,0.00,150.00,0.00,,pos,,cc,0.00,0.00,0.00,0.00,0.00,0.00,150.00,,
104,40.00,0.00,40.00,0.00,,pos,,cc,0.00,0.00,0.00,0.00,0.00,0.00,40.00,,
105,100.00,0.00,100.00,0.00,,pos,,cc,0.00,0.00,0.00,0.00,0.00,0.00,100.00,,
106,100.00,0.00,100.00,0.00,,pos,,cc,0.00,0.00,0.00,0.00,0.00,0.00,100.00,,
112,35.00,0.00,35.00,0.00,,pos,,cc,0.00,0.00,0.00,0.00,0.00,0.00,35.00,,
113,50.00,0.00,50.00,0.00,,pos,,cc,0.00,0.00,0.00,0.00,0.00,0.00,50.00,,
114,24.00,0.00,24.00,0.00,,pos,,cc,0.00,0.00,0.00,0.00,0.00,0.00,24.00,,
115,5.00,0.00,5.00,0.00,,pos,,cc,0.00,0.00,0.00,0.00,0.00,0.00,5.00,,
116,50.00,0.00,50.00,0.00,,pos,,cc,0.00,0.00,0.00,0.00,0.00,0.00,50.00,,
117,60.00,0.00,60.00,0.00,,pos,,cc,0.00,0.00,0.00,0.00,0.00,0.00,60.00,,
118,50.00,0.00,50.00,0.00,,pos,,cc,0.00,0.00,0.00,0.00,0.00,0.00,50.00,,
119,20.00,0.00,20.00,0.00,,pos,,cc,0.00,0.00,0.00,0.00,0.00,0.00,20.00,,
120,3.00,0.00,3.00,0.00,,pos,,cc,0.00,0.00,0.00,0.00,0.00,0.00,3.00,,
121,10.00,0.00,10.00,0.00,,pos,,cc,0.00,0.00,0.00,0.00,0.00,0.00,10.00,,
122,25.00,0.00,25.00,0.00,,pos,,cc,0.00,0.00,0.00,0.00,0.00,0.00,25.00,,
123,25.00,0.00,25.00,0.00,,pos,,cc,0.00,0.00,0.00,0.00,0.00,0.00,25.00,,
124,10.00,0.00,10.00,0.00,,pos,,cc,0.00,0.00,0.00,0.00,0.00,0.00,10.00,,
125,11.65,0.00,11.65,0.00,,pos,,cc,0.00,0.00,0.00,0.00,0.00,0.00,11.65,,
126,20.00,0.00,20.00,0.00,,pos,,cc,0.00,0.00,0.00,0.00,0.00,0.00,20.00,,
127,250.00,0.00,250.00,0.00,,pos,,cc,0.00,0.00,0.00,0.00,0.00,0.00,250.00,,
128,7.00,0.00,7.00,0.00,,pos,,cc,0.00,0.00,0.00,0.00,0.00,0.00,7.00,,
129,36.00,0.00,36.00,0.00,,pos,,cc,0.00,0.00,0.00,0.00,0.00,0.00,36.00,,
130,20.00,0.00,20.00,0.00,,pos,,cc,0.00,0.00,0.00,0.00,0.00,0.00,20.00,,
131,20.00,0.00,20.00,0.00,,pos,,cc,0.00,0.00,0.00,0.00,0.00,0.00,20.00,,
132,20.00,0.00,20.00,0.00,,pos,,cc,0.00,0.00,0.00,0.00,0.00,0.00,20.00,,
133,20.00,0.00,20.00,0.00,,pos,,cc,0.00,0.00,0.00,0.00,0.00,0.00,20.00,,
134,5.00,0.00,5.00,0.00,,pos,,cc,0.00,0.00,0.00,0.00,0.00,0.00,5.00,,
135,20.00,0.00,20.00,0.00,,pos,,cc,0.00,0.00,0.00,0.00,0.00,0.00,20.00,,
136,30.00,0.00,30.00,0.00,,pos,,cc,0.00,0.00,0.00,0.00,0.00,0.00,30.00,,
137,20.00,0.00,20.00,0.00,,pos,,cc,0.00,0.00,0.00,0.00,0.00,0.00,20.00,,
138,2.00,0.00,2.00,0.00,,pos,,cc,0.00,0.00,0.00,0.00,0.00,0.00,2.00,,
139,5.00,0.00,5.00,0.00,,pos,,cc,0.00,0.00,0.00,0.00,0.00,0.00,5.00,,
140,25.00,0.00,25.00,0.00,,pos,,cc,0.00,0.00,0.00,0.00,0.00,0.00,25.00,,
141,25.00,0.00,25.00,0.00,,pos,,cc,0.00,0.00,0.00,0.00,0.00,0.00,25.00,,
142,25.00,0.00,25.00,0.00,,pos,,cc,0.00,0.00,0.00,0.00,0.00,0.00,25.00,,
143,50.00,0.00,50.00,0.00,,pos,,cc,0.00,0.00,0.00,0.00,0.00,0.00,50.00,,
144,25.00,0.00,25.00,0.00,,pos,,cc,0.00,0.00,0.00,0.00,0.00,0.00,25.00,,
145,100.00,0.00,100.00,0.00,,pos,,cc,0.00,0.00,0.00,0.00,0.00,0.00,100.00,,
146,100.00,0.00,100.00,0.00,,pos,,cc,0.00,0.00,0.00,0.00,0.00,0.00,100.00,,
147,25.00,0.00,25.00,0.00,,pos,,cc,0.00,0.00,0.00,0.00,0.00,0.00,25.00,,
148,100.00,0.00,100.00,0.00,,pos,,cc,0.00,0.00,0.00,0.00,0.00,0.00,100.00,,
149,25.00,0.00,25.00,0.00,,pos,,cc,0.00,0.00,0.00,0.00,0.00,0.00,25.00,,
150,50.00,0.00,50.00,0.00,,pos,,cc,0.00,0.00,0.00,0.00,0.00,0.00,50.00,,
151,25.00,0.00,25.00,0.00,,pos,,cc,0.00,0.00,0.00,0.00,0.00,0.00,25.00,,
152,50.00,0.00,50.00,0.00,,pos,,cc,0.00,0.00,0.00,0.00,0.00,0.00,50.00,,
153,40.00,0.00,40.00,0.00,,pos,,cc,0.00,0.00,0.00,0.00,0.00,0.00,40.00,,
154,100.00,0.00,100.00,0.00,,pos,,cc,0.00,0.00,0.00,0.00,0.00,0.00,100.00,,
155,40.00,0.00,40.00,0.00,,pos,,cc,0.00,0.00,0.00,0.00,0.00,0.00,40.00,,
156,100.00,0.00,100.00,0.00,,pos,,cc,0.00,0.00,0.00,0.00,0.00,0.00,100.00,,
157,40.00,0.00,40.00,0.00,,pos,,cc,0.00,0.00,0.00,0.00,0.00,0.00,40.00,,
158,100.00,0.00,100.00,0.00,,pos,,cc,0.00,0.00,0.00,0.00,0.00,0.00,100.00,,
159,25.00,0.00,25.00,0.00,,pos,,cc,0.00,0.00,0.00,0.00,0.00,0.00,25.00,,
160,25.00,0.00,25.00,0.00,,pos,,cc,0.00,0.00,0.00,0.00,0.00,0.00,25.00,,
161,25.00,0.00,25.00,0.00,,pos,,cc,0.00,0.00,0.00,0.00,0.00,0.00,25.00,,
162,125.00,0.00,125.00,0.00,,pos,,cc,0.00,0.00,0.00,0.00,0.00,0.00,125.00,,
163,25.00,0.00,25.00,0.00,,pos,,cc,0.00,0.00,0.00,0.00,0.00,0.00,25.00,,
164,25.00,0.00,25.00,0.00,,pos,,cc,0.00,0.00,0.00,0.00,0.00,0.00,25.00,,
165,35.00,0.00,35.00,0.00,,pos,,cc,0.00,0.00,0.00,0.00,0.00,0.00,35.00,,
166,35.00,0.00,35.00,0.00,,pos,,cc,0.00,0.00,0.00,0.00,0.00,0.00,35.00,,
167,20.00,0.00,20.00,0.00,,pos,,cc,0.00,0.00,0.00,0.00,0.00,0.00,20.00,,
168,20.00,0.00,20.00,0.00,,pos,,cc,0.00,0.00,0.00,0.00,0.00,0.00,20.00,,
169,20.00,0.00,20.00,0.00,,pos,,cc,0.00,0.00,0.00,0.00,0.00,0.00,20.00,,
170,20.00,0.00,20.00,0.00,,pos,,cc,0.00,0.00,0.00,0.00,0.00,0.00,20.00,,
171,20.00,0.00,20.00,0.00,,pos,,cc,0.00,0.00,0.00,0.00,0.00,0.00,20.00,,
172,35.00,0.00,35.00,0.00,,pos,,cc,0.00,0.00,0.00,0.00,0.00,0.00,35.00,,
173,40.00,0.00,40.00,0.00,,pos,,cc,0.00,0.00,0.00,0.00,0.00,0.00,40.00,,
175,100.00,0.00,100.00,0.00,,pos,,cc,0.00,0.00,0.00,0.00,0.00,0.00,100.00,,
176,100.00,0.00,100.00,0.00,,pos,,cc,0.00,0.00,0.00,0.00,0.00,0.00,100.00,,
177,20.00,0.00,20.00,0.00,,pos,,cc,0.00,0.00,0.00,0.00,0.00,0.00,20.00,,
178,20.00,0.00,20.00,0.00,,pos,,cc,0.00,0.00,0.00,0.00,0.00,0.00,20.00,,
179,20.00,0.00,20.00,0.00,,pos,,cc,0.00,0.00,0.00,0.00,0.00,0.00,20.00,,
180,20.00,0.00,20.00,0.00,,pos,,cc,0.00,0.00,0.00,0.00,0.00,0.00,20.00,,
181,20.00,0.00,20.00,0.00,,pos,,cc,0.00,0.00,0.00,0.00,0.00,0.00,20.00,,
183,30.00,0.00,30.00,0.00,,pos,,cc,0.00,0.00,0.00,0.00,0.00,0.00,30.00,,
184,25.00,0.00,25.00,0.00,,pos,,cc,0.00,0.00,0.00,0.00,0.00,0.00,25.00,,
185,35.00,0.00,35.00,0.00,,pos,,cc,0.00,0.00,0.00,0.00,0.00,0.00,35.00,,
186,20.00,0.00,20.00,0.00,,pos,,cc,0.00,0.00,0.00,0.00,0.00,0.00,20.00,,
187,20.00,0.00,20.00,0.00,,pos,,cc,0.00,0.00,0.00,0.00,0.00,0.00,20.00,,
188,20.00,0.00,20.00,0.00,,pos,,cc,0.00,0.00,0.00,0.00,0.00,0.00,20.00,,
189,20.00,0.00,20.00,0.00,,pos,,cc,0.00,0.00,0.00,0.00,0.00,0.00,20.00,,
190,20.00,0.00,20.00,0.00,,pos,,cc,0.00,0.00,0.00,0.00,0.00,0.00,20.00,,
191,80.00,0.00,80.00,0.00,,pos,,cc,0.00,0.00,0.00,0.00,0.00,0.00,80.00,,
192,20.00,0.00,20.00,0.00,,pos,,cc,0.00,0.00,0.00,0.00,0.00,0.00,20.00,,
193,250.00,0.00,250.00,0.00,,pos,,cc,0.00,0.00,0.00,0.00,0.00,0.00,250.00,,
194,100.00,0.00,100.00,0.00,,pos,,cc,0.00,0.00,0.00,0.00,0.00,0.00,100.00,,
195,50.00,0.00,50.00,0.00,,pos,,cc,0.00,0.00,0.00,0.00,0.00,0.00,50.00,,
196,35.00,0.00,35.00,0.00,,pos,,cc,0.00,0.00,0.00,0.00,0.00,0.00,35.00,,
197,100.00,0.00,100.00,0.00,,pos,,cc,0.00,0.00,0.00,0.00,0.00,0.00,100.00,,
198,100.00,0.00,100.00,0.00,,pos,,cc,0.00,0.00,0.00,0.00,0.00,0.00,100.00,,
199,125.00,0.00,125.00,0.00,,pos,,cc,0.00,0.00,0.00,0.00,0.00,0.00,125.00,,
200,20.00,0.00,20.00,0.00,,pos,,cc,0.00,0.00,0.00,0.00,0.00,0.00,20.00,,
201,35.00,0.00,35.00,0.00,,pos,,cc,0.00,0.00,0.00,0.00,0.00,0.00,35.00,,
202,35.00,0.00,35.00,0.00,,pos,,cc,0.00,0.00,0.00,0.00,0.00,0.00,35.00,,
203,25.00,0.00,25.00,0.00,,pos,,cc,0.00,0.00,0.00,0.00,0.00,0.00,25.00,,
204,20.00,0.00,20.00,0.00,,pos,,cc,0.00,0.00,0.00,0.00,0.00,0.00,20.00,,
205,25.00,0.00,25.00,0.00,,pos,,cc,0.00,0.00,0.00,0.00,0.00,0.00,25.00,,
206,20.00,0.00,20.00,0.00,,pos,,cc,0.00,0.00,0.00,0.00,0.00,0.00,20.00,,
207,35.00,0.00,35.00,0.00,,pos,,cc,0.00,0.00,0.00,0.00,0.00,0.00,35.00,,
208,15.00,0.00,15.00,0.00,,pos,,cc,0.00,0.00,0.00,0.00,0.00,0.00,15.00,,
209,35.00,0.00,35.00,0.00,,pos,,cc,0.00,0.00,0.00,0.00,0.00,0.00,35.00,,
210,25.00,0.00,25.00,0.00,,pos,,cc,0.00,0.00,0.00,0.00,0.00,0.00,25.00,,
211,25.00,0.00,25.00,0.00,,pos,,cc,0.00,0.00,0.00,0.00,0.00,0.00,25.00,,
212,40.00,0.00,40.00,0.00,,pos,,cc,0.00,0.00,0.00,0.00,0.00,0.00,40.00,,
213,25.00,0.00,25.00,0.00,,pos,,cc,0.00,0.00,0.00,0.00,0.00,0.00,25.00,,
214,25.00,0.00,25.00,0.00,,pos,,cc,0.00,0.00,0.00,0.00,0.00,0.00,25.00,,
215,50.00,0.00,50.00,0.00,,pos,,cc,0.00,0.00,0.00,0.00,0.00,0.00,50.00,,
216,50.00,0.00,50.00,0.00,,pos,,cc,0.00,0.00,0.00,0.00,0.00,0.00,50.00,,
217,10.00,0.00,10.00,0.00,,pos,,cc,0.00,0.00,0.00,0.00,0.00,0.00,10.00,,
218,50.00,0.00,50.00,0.00,,pos,,cc,0.00,0.00,0.00,0.00,0.00,0.00,50.00,,
219,25.00,0.00,25.00,0.00,,pos,,cc,0.00,0.00,0.00,0.00,0.00,0.00,25.00,,
220,25.00,0.00,25.00,0.00,,pos,,cc,0.00,0.00,0.00,0.00,0.00,0.00,25.00,,
221,25.00,0.00,25.00,0.00,,pos,,cc,0.00,0.00,0.00,0.00,0.00,0.00,25.00,,
222,50.00,0.00,50.00,0.00,,pos,,cc,0.00,0.00,0.00,0.00,0.00,0.00,50.00,,
223,25.00,0.00,25.00,0.00,,pos,,cc,0.00,0.00,0.00,0.00,0.00,0.00,25.00,,
224,50.00,0.00,50.00,0.00,,pos,,cc,0.00,0.00,0.00,0.00,0.00,0.00,50.00,,
225,100.00,0.00,100.00,0.00,,pos,,cc,0.00,0.00,0.00,0.00,0.00,0.00,100.00,,
226,50.00,0.00,50.00,0.00,,pos,,cc,0.00,0.00,0.00,0.00,0.00,0.00,50.00,,
227,50.00,0.00,50.00,0.00,,pos,,cc,0.00,0.00,0.00,0.00,0.00,0.00,50.00,,
228,50.00,0.00,50.00,0.00,,pos,,cc,0.00,0.00,0.00,0.00,0.00,0.00,50.00,,
229,25.00,0.00,25.00,0.00,,pos,,cc,0.00,0.00,0.00,0.00,0.00,0.00,25.00,,
230,10.00,0.00,10.00,0.00,,pos,,cc,0.00,0.00,0.00,0.00,0.00,0.00,10.00,,
231,50.00,0.00,50.00,0.00,,pos,,cc,0.00,0.00,0.00,0.00,0.00,0.00,50.00,,
232,20.00,0.00,20.00,0.00,,pos,,cc,0.00,0.00,0.00,0.00,0.00,0.00,20.00,,
233,20.00,0.00,20.00,0.00,,pos,,cc,0.00,0.00,0.00,0.00,0.00,0.00,20.00,,
234,20.00,0.00,20.00,0.00,,pos,,cc,0.00,0.00,0.00,0.00,0.00,0.00,20.00,,
235,20.00,0.00,20.00,0.00,,pos,,cc,0.00,0.00,0.00,0.00,0.00,0.00,20.00,,
236,20.00,0.00,20.00,0.00,,pos,,cc,0.00,0.00,0.00,0.00,0.00,0.00,20.00,,
237,20.00,0.00,20.00,0.00,,pos,,cc,0.00,0.00,0.00,0.00,0.00,0.00,20.00,,
238,25.00,0.00,25.00,0.00,,pos,,cc,0.00,0.00,0.00,0.00,0.00,0.00,25.00,,
239,35.00,0.00,35.00,0.00,,pos,,cc,0.00,0.00,0.00,0.00,0.00,0.00,35.00,,
240,35.00,0.00,35.00,0.00,,pos,,cc,0.00,0.00,0.00,0.00,0.00,0.00,35.00,,
241,35.00,0.00,35.00,0.00,,pos,,cc,0.00,0.00,0.00,0.00,0.00,0.00,35.00,,
242,35.00,0.00,35.00,0.00,,pos,,cc,0.00,0.00,0.00,0.00,0.00,0.00,35.00,,
243,35.00,0.00,35.00,0.00,,pos,,cc,0.00,0.00,0.00,0.00,0.00,0.00,35.00,,
244,30.00,0.00,30.00,0.00,,pos,,cc,0.00,0.00,0.00,0.00,0.00,0.00,30.00,,
245,35.00,0.00,35.00,0.00,,pos,,cc,0.00,0.00,0.00,0.00,0.00,0.00,35.00,,
246,100.00,0.00,100.00,0.00,,pos,,cc,0.00,0.00,0.00,0.00,0.00,0.00,100.00,,
247,10.00,0.00,10.00,0.00,,pos,,cc,0.00,0.00,0.00,0.00,0.00,0.00,10.00,,
248,50.00,0.00,50.00,0.00,,pos,,cc,0.00,0.00,0.00,0.00,0.00,0.00,50.00,,
249,7.00,0.00,7.00,0.00,,pos,,cc,0.00,0.00,0.00,0.00,0.00,0.00,7.00,,
250,35.00,0.00,35.00,0.00,,pos,,cc,0.00,0.00,0.00,0.00,0.00,0.00,35.00,,
251,40.00,0.00,40.00,0.00,,pos,,cc,0.00,0.00,0.00,0.00,0.00,0.00,40.00,,
252,35.00,0.00,35.00,0.00,,pos,,cc,0.00,0.00,0.00,0.00,0.00,0.00,35.00,,
253,35.00,0.00,35.00,0.00,,pos,,cc,0.00,0.00,0.00,0.00,0.00,0.00,35.00,,
254,35.00,0.00,35.00,0.00,,pos,,cc,0.00,0.00,0.00,0.00,0.00,0.00,35.00,,
255,35.00,0.00,35.00,0.00,,pos,,cc,0.00,0.00,0.00,0.00,0.00,0.00,35.00,,
256,35.00,0.00,35.00,0.00,,pos,,cc,0.00,0.00,0.00,0.00,0.00,0.00,35.00,,
257,35.00,0.00,35.00,0.00,,pos,,cc,0.00,0.00,0.00,0.00,0.00,0.00,35.00,,
258,40.00,0.00,40.00,0.00,,pos,,cc,0.00,0.00,0.00,0.00,0.00,0.00,40.00,,
259,25.00,0.00,25.00,0.00,,pos,,cc,0.00,0.00,0.00,0.00,0.00,0.00,25.00,,
260,40.00,0.00,40.00,0.00,,pos,,cc,0.00,0.00,0.00,0.00,0.00,0.00,40.00,,
261,40.00,0.00,40.00,0.00,,pos,,cc,0.00,0.00,0.00,0.00,0.00,0.00,40.00,,
263,25.00,0.00,25.00,0.00,,pos,,cc,0.00,0.00,0.00,0.00,0.00,0.00,25.00,,
264,400.00,0.00,400.00,0.00,,pos,,cc,0.00,0.00,0.00,0.00,0.00,0.00,400.00,,
266,40.00,0.00,40.00,0.00,,pos,,cc,0.00,0.00,0.00,0.00,0.00,0.00,40.00,,
267,25.00,0.00,25.00,0.00,,pos,,cc,0.00,0.00,0.00,0.00,0.00,0.00,25.00,,
268,40.00,0.00,40.00,0.00,,pos,,cc,0.00,0.00,0.00,0.00,0.00,0.00,40.00,,
269,40.00,0.00,40.00,0.00,,pos,,cc,0.00,0.00,0.00,0.00,0.00,0.00,40.00,,
270,10.00,0.00,10.00,0.00,,pos,,cc,0.00,0.00,0.00,0.00,0.00,0.00,10.00,,
271,40.00,0.00,40.00,0.00,,pos,,cc,0.00,0.00,0.00,0.00,0.00,0.00,40.00,,
272,10.00,0.00,10.00,0.00,,pos,,cc,0.00,0.00,0.00,0.00,0.00,0.00,10.00,,
273,40.00,0.00,40.00,0.00,,pos,,cc,0.00,0.00,0.00,0.00,0.00,0.00,40.00,,
274,10.00,0.00,10.00,0.00,,pos,,cc,0.00,0.00,0.00,0.00,0.00,0.00,10.00,,
275,25.00,0.00,25.00,0.00,,pos,,cc,0.00,0.00,0.00,0.00,0.00,0.00,25.00,,
276,10.00,0.00,10.00,0.00,,pos,,cc,0.00,0.00,0.00,0.00,0.00,0.00,10.00,,
277,25.00,0.00,25.00,0.00,,pos,,cc,0.00,0.00,0.00,0.00,0.00,0.00,25.00,,
278,25.00,0.00,25.00,0.00,,pos,,cc,0.00,0.00,0.00,0.00,0.00,0.00,25.00,,
279,25.00,0.00,25.00,0.00,,pos,,cc,0.00,0.00,0.00,0.00,0.00,0.00,25.00,,
280,25.00,0.00,25.00,0.00,,pos,,cc,0.00,0.00,0.00,0.00,0.00,0.00,25.00,,
281,25.00,0.00,25.00,0.00,,pos,,cc,0.00,0.00,0.00,0.00,0.00,0.00,25.00,,
282,25.00,0.00,25.00,0.00,,pos,,cc,0.00,0.00,0.00,0.00,0.00,0.00,25.00,,
283,25.00,0.00,25.00,0.00,,pos,,cc,0.00,0.00,0.00,0.00,0.00,0.00,25.00,,
284,35.00,0.00,35.00,0.00,,pos,,cc,0.00,0.00,0.00,0.00,0.00,0.00,35.00,,
285,15.00,0.00,15.00,0.00,,pos,,cc,0.00,0.00,0.00,0.00,0.00,0.00,15.00,,
286,25.00,0.00,25.00,0.00,,pos,,cc,0.00,0.00,0.00,0.00,0.00,0.00,25.00,,
287,35.00,0.00,35.00,0.00,,pos,,cc,0.00,0.00,0.00,0.00,0.00,0.00,35.00,,
288,25.00,0.00,25.00,0.00,,pos,,cc,0.00,0.00,0.00,0.00,0.00,0.00,25.00,,
289,35.00,0.00,35.00,0.00,,pos,,cc,0.00,0.00,0.00,0.00,0.00,0.00,35.00,,
290,25.00,0.00,25.00,0.00,,pos,,cc,0.00,0.00,0.00,0.00,0.00,0.00,25.00,,
291,35.00,0.00,35.00,0.00,,pos,,cc,0.00,0.00,0.00,0.00,0.00,0.00,35.00,,
292,25.00,0.00,25.00,0.00,,pos,,cc,0.00,0.00,0.00,0.00,0.00,0.00,25.00,,
293,35.00,0.00,35.00,0.00,,pos,,cc,0.00,0.00,0.00,0.00,0.00,0.00,35.00,,
294,25.00,0.00,25.00,0.00,,pos,,cc,0.00,0.00,0.00,0.00,0.00,0.00,25.00,,
295,35.00,0.00,35.00,0.00,,pos,,cc,0.00,0.00,0.00,0.00,0.00,0.00,35.00,,
296,25.00,0.00,25.00,0.00,,pos,,cc,0.00,0.00,0.00,0.00,0.00,0.00,25.00,,
297,25.00,0.00,25.00,0.00,,pos,,cc,0.00,0.00,0.00,0.00,0.00,0.00,25.00,,
298,20.00,0.00,20.00,0.00,,pos,,cc,0.00,0.00,0.00,0.00,0.00,0.00,20.00,,
299,15.00,0.00,15.00,0.00,,pos,,cc,0.00,0.00,0.00,0.00,0.00,0.00,15.00,,
300,20.00,0.00,20.00,0.00,,pos,,cc,0.00,0.00,0.00,0.00,0.00,0.00,20.00,,
301,20.00,0.00,20.00,0.00,,pos,,cc,0.00,0.00,0.00,0.00,0.00,0.00,20.00,,
302,20.00,0.00,20.00,0.00,,pos,,cc,0.00,0.00,0.00,0.00,0.00,0.00,20.00,,
303,20.00,0.00,20.00,0.00,,pos,,cc,0.00,0.00,0.00,0.00,0.00,0.00,20.00,,
304,5.00,0.00,5.00,0.00,,pos,,cc,0.00,0.00,0.00,0.00,0.00,0.00,5.00,,
305,20.00,0.00,20.00,0.00,,pos,,cc,0.00,0.00,0.00,0.00,0.00,0.00,20.00,,
306,15.00,0.00,15.00,0.00,,pos,,cc,0.00,0.00,0.00,0.00,0.00,0.00,15.00,,
307,25.00,0.00,25.00,0.00,,pos,,cc,0.00,0.00,0.00,0.00,0.00,0.00,25.00,,
308,25.00,0.00,25.00,0.00,,pos,,cc,0.00,0.00,0.00,0.00,0.00,0.00,25.00,,
309,25.00,0.00,25.00,0.00,,pos,,cc,0.00,0.00,0.00,0.00,0.00,0.00,25.00,,
310,25.00,0.00,25.00,0.00,,pos,,cc,0.00,0.00,0.00,0.00,0.00,0.00,25.00,,
311,25.00,0.00,25.00,0.00,,pos,,cc,0.00,0.00,0.00,0.00,0.00,0.00,25.00,,
312,25.00,0.00,25.00,0.00,,pos,,cc,0.00,0.00,0.00,0.00,0.00,0.00,25.00,,
313,25.00,0.00,25.00,0.00,,pos,,cc,0.00,0.00,0.00,0.00,0.00,0.00,25.00,,
314,25.00,0.00,25.00,0.00,,pos,,cc,0.00,0.00,0.00,0.00,0.00,0.00,25.00,,
315,25.00,0.00,25.00,0.00,,pos,,cc,0.00,0.00,0.00,0.00,0.00,0.00,25.00,,
316,25.00,0.00,25.00,0.00,,pos,,cc,0.00,0.00,0.00,0.00,0.00,0.00,25.00,,
317,25.00,0.00,25.00,0.00,,pos,,cc,0.00,0.00,0.00,0.00,0.00,0.00,25.00,,
318,25.00,0.00,25.00,0.00,,pos,,cc,0.00,0.00,0.00,0.00,0.00,0.00,25.00,,
319,25.00,0.00,25.00,0.00,,pos,,cc,0.00,0.00,0.00,0.00,0.00,0.00,25.00,,
320,25.00,0.00,25.00,0.00,,pos,,cc,0.00,0.00,0.00,0.00,0.00,0.00,25.00,,
321,25.00,0.00,25.00,0.00,,pos,,cc,0.00,0.00,0.00,0.00,0.00,0.00,25.00,,
322,25.00,0.00,25.00,0.00,,pos,,cc,0.00,0.00,0.00,0.00,0.00,0.00,25.00,,
323,25.00,0.00,25.00,0.00,,pos,,cc,0.00,0.00,0.00,0.00,0.00,0.00,25.00,,
324,25.00,0.00,25.00,0.00,,pos,,cc,0.00,0.00,0.00,0.00,0.00,0.00,25.00,,
325,35.00,0.00,35.00,0.00,,pos,,cc,0.00,0.00,0.00,0.00,0.00,0.00,35.00,,
326,35.00,0.00,35.00,0.00,,pos,,cc,0.00,0.00,0.00,0.00,0.00,0.00,35.00,,
327,500.00,0.00,500.00,0.00,,pos,,cc,0.00,0.00,0.00,0.00,0.00,0.00,500.00,,
328,35.00,0.00,35.00,0.00,,pos,,cc,0.00,0.00,0.00,0.00,0.00,0.00,35.00,,
329,50.00,0.00,50.00,0.00,,pos,,cc,0.00,0.00,0.00,0.00,0.00,0.00,50.00,,
330,25.00,0.00,25.00,0.00,,pos,,cc,0.00,0.00,0.00,0.00,0.00,0.00,25.00,,
331,35.00,0.00,35.00,0.00,,pos,,cc,0.00,0.00,0.00,0.00,0.00,0.00,35.00,,
332,30.00,0.00,30.00,0.00,,pos,,cc,0.00,0.00,0.00,0.00,0.00,0.00,30.00,,
333,35.00,0.00,35.00,0.00,,pos,,cc,0.00,0.00,0.00,0.00,0.00,0.00,35.00,,
334,35.00,0.00,35.00,0.00,,pos,,cc,0.00,0.00,0.00,0.00,0.00,0.00,35.00,,
335,35.00,0.00,35.00,0.00,,pos,,cc,0.00,0.00,0.00,0.00,0.00,0.00,35.00,,
336,35.00,0.00,35.00,0.00,,pos,,cc,0.00,0.00,0.00,0.00,0.00,0.00,35.00,,
337,24.00,0.00,24.00,0.00,,pos,,cc,0.00,0.00,0.00,0.00,0.00,0.00,24.00,,
338,35.00,0.00,35.00,0.00,,pos,,cc,0.00,0.00,0.00,0.00,0.00,0.00,35.00,,
339,35.00,0.00,35.00,0.00,,pos,,cc,0.00,0.00,0.00,0.00,0.00,0.00,35.00,,
340,100.00,0.00,100.00,0.00,,pos,,cc,0.00,0.00,0.00,0.00,0.00,0.00,100.00,,
341,50.00,0.00,50.00,0.00,,pos,,cc,0.00,0.00,0.00,0.00,0.00,0.00,50.00,,
342,500.00,0.00,500.00,0.00,,pos,,cc,0.00,0.00,0.00,0.00,0.00,0.00,500.00,,
343,1000.00,0.00,1000.00,0.00,,pos,,cc,0.00,0.00,0.00,0.00,0.00,0.00,1000.00,,
344,100.00,0.00,100.00,0.00,,pos,,cc,0.00,0.00,0.00,0.00,0.00,0.00,100.00,,
345,750.00,0.00,750.00,0.00,,pos,,cc,0.00,0.00,0.00,0.00,0.00,0.00,750.00,,
346,200.00,0.00,200.00,0.00,,pos,,cc,0.00,0.00,0.00,0.00,0.00,0.00,200.00,,
347,700.00,0.00,700.00,0.00,,pos,,cc,0.00,0.00,0.00,0.00,0.00,0.00,700.00,,
348,500.00,0.00,500.00,0.00,,pos,,cc,0.00,0.00,0.00,0.00,0.00,0.00,500.00,,
349,1000.00,0.00,1000.00,0.00,,pos,,cc,0.00,0.00,0.00,0.00,0.00,0.00,1000.00,,
350,100.00,0.00,100.00,0.00,,pos,,cc,0.00,0.00,0.00,0.00,0.00,0.00,100.00,,
351,1000.00,0.00,1000.00,0.00,,pos,,cc,0.00,0.00,0.00,0.00,0.00,0.00,1000.00,,
352,700.00,0.00,700.00,0.00,,pos,,cc,0.00,0.00,0.00,0.00,0.00,0.00,700.00,,
353,500.00,0.00,500.00,0.00,,pos,,cc,0.00,0.00,0.00,0.00,0.00,0.00,500.00,,
354,700.00,0.00,700.00,0.00,,pos,,cc,0.00,0.00,0.00,0.00,0.00,0.00,700.00,,
355,500.00,0.00,500.00,0.00,,pos,,cc,0.00,0.00,0.00,0.00,0.00,0.00,500.00,,
356,700.00,0.00,700.00,0.00,,pos,,cc,0.00,0.00,0.00,0.00,0.00,0.00,700.00,,
357,500.00,0.00,500.00,0.00,,pos,,cc,0.00,0.00,0.00,0.00,0.00,0.00,500.00,,
358,700.00,0.00,700.00,0.00,,pos,,cc,0.00,0.00,0.00,0.00,0.00,0.00,700.00,,
359,20.00,0.00,20.00,0.00,,pos,,cc,0.00,0.00,0.00,0.00,0.00,0.00,20.00,,
360,5.00,0.00,5.00,0.00,,pos,,cc,0.00,0.00,0.00,0.00,0.00,0.00,5.00,,
361,20.00,0.00,20.00,0.00,,pos,,cc,0.00,0.00,0.00,0.00,0.00,0.00,20.00,,
362,20.00,0.00,20.00,0.00,,pos,,cc,0.00,0.00,0.00,0.00,0.00,0.00,20.00,,
363,20.00,0.00,20.00,0.00,,pos,,cc,0.00,0.00,0.00,0.00,0.00,0.00,20.00,,
364,20.00,0.00,20.00,0.00,,pos,,cc,0.00,0.00,0.00,0.00,0.00,0.00,20.00,,
365,20.00,0.00,20.00,0.00,,pos,,cc,0.00,0.00,0.00,0.00,0.00,0.00,20.00,,
366,25.00,0.00,25.00,0.00,,pos,,cc,0.00,0.00,0.00,0.00,0.00,0.00,25.00,,
367,25.00,0.00,25.00,0.00,,pos,,cc,0.00,0.00,0.00,0.00,0.00,0.00,25.00,,
368,20.00,0.00,20.00,0.00,,pos,,cc,0.00,0.00,0.00,0.00,0.00,0.00,20.00,,
369,25.00,0.00,25.00,0.00,,pos,,cc,0.00,0.00,0.00,0.00,0.00,0.00,25.00,,
370,5.00,0.00,5.00,0.00,,pos,,cc,0.00,0.00,0.00,0.00,0.00,0.00,5.00,,
371,35.00,0.00,35.00,0.00,,pos,,cc,0.00,0.00,0.00,0.00,0.00,0.00,35.00,,
372,20.00,0.00,20.00,0.00,,pos,,cc,0.00,0.00,0.00,0.00,0.00,0.00,20.00,,
373,20.00,0.00,20.00,0.00,,pos,,cc,0.00,0.00,0.00,0.00,0.00,0.00,20.00,,
374,10.00,0.00,10.00,0.00,,pos,,cc,0.00,0.00,0.00,0.00,0.00,0.00,10.00,,
375,20.00,0.00,20.00,0.00,,pos,,cc,0.00,0.00,0.00,0.00,0.00,0.00,20.00,,
376,20.00,0.00,20.00,0.00,,pos,,cc,0.00,0.00,0.00,0.00,0.00,0.00,20.00,,
377,35.00,0.00,35.00,0.00,,pos,,cc,0.00,0.00,0.00,0.00,0.00,0.00,35.00,,
378,35.00,0.00,35.00,0.00,,pos,,cc,0.00,0.00,0.00,0.00,0.00,0.00,35.00,,
379,125.00,0.00,125.00,0.00,,pos,,cc,0.00,0.00,0.00,0.00,0.00,0.00,125.00,,
380,50.00,0.00,50.00,0.00,,pos,,cc,0.00,0.00,0.00,0.00,0.00,0.00,50.00,,
381,30.00,0.00,30.00,0.00,,pos,,cc,0.00,0.00,0.00,0.00,0.00,0.00,30.00,,
382,25.00,0.00,25.00,0.00,,pos,,cc,0.00,0.00,0.00,0.00,0.00,0.00,25.00,,
383,15.00,0.00,15.00,0.00,,pos,,cc,0.00,0.00,0.00,0.00,0.00,0.00,15.00,,
384,40.00,0.00,40.00,0.00,,pos,,cc,0.00,0.00,0.00,0.00,0.00,0.00,40.00,,
385,25.00,0.00,25.00,0.00,,pos,,cc,0.00,0.00,0.00,0.00,0.00,0.00,25.00,,
386,25.00,0.00,25.00,0.00,,pos,,cc,0.00,0.00,0.00,0.00,0.00,0.00,25.00,,
387,40.00,0.00,40.00,0.00,,pos,,cc,0.00,0.00,0.00,0.00,0.00,0.00,40.00,,
388,200.00,0.00,200.00,0.00,,pos,,cc,0.00,0.00,0.00,0.00,0.00,0.00,200.00,,
389,50.00,0.00,50.00,0.00,,pos,,cc,0.00,0.00,0.00,0.00,0.00,0.00,50.00,,
390,25.00,0.00,25.00,0.00,,pos,,cc,0.00,0.00,0.00,0.00,0.00,0.00,25.00,,
391,25.00,0.00,25.00,0.00,,pos,,cc,0.00,0.00,0.00,0.00,0.00,0.00,25.00,,
392,50.00,0.00,50.00,0.00,,pos,,cc,0.00,0.00,0.00,0.00,0.00,0.00,50.00,,
393,50.00,0.00,50.00,0.00,,pos,,cc,0.00,0.00,0.00,0.00,0.00,0.00,50.00,,
394,25.00,0.00,25.00,0.00,,pos,,cc,0.00,0.00,0.00,0.00,0.00,0.00,25.00,,
395,30.00,0.00,30.00,0.00,,pos,,cc,0.00,0.00,0.00,0.00,0.00,0.00,30.00,,
396,15.00,0.00,15.00,0.00,,pos,,cc,0.00,0.00,0.00,0.00,0.00,0.00,15.00,,
397,35.00,0.00,35.00,0.00,,pos,,cc,0.00,0.00,0.00,0.00,0.00,0.00,35.00,,
398,50.00,0.00,50.00,0.00,,pos,,cc,0.00,0.00,0.00,0.00,0.00,0.00,50.00,,
399,100.00,0.00,100.00,0.00,,pos,,cc,0.00,0.00,0.00,0.00,0.00,0.00,100.00,,
400,50.00,0.00,50.00,0.00,,pos,,cc,0.00,0.00,0.00,0.00,0.00,0.00,50.00,,
401,50.00,0.00,50.00,0.00,,pos,,cc,0.00,0.00,0.00,0.00,0.00,0.00,50.00,,
402,20.00,0.00,20.00,0.00,,pos,,cc,0.00,0.00,0.00,0.00,0.00,0.00,20.00,,
403,20.00,0.00,20.00,0.00,,pos,,cc,0.00,0.00,0.00,0.00,0.00,0.00,20.00,,
404,30.00,0.00,30.00,0.00,,pos,,cc,0.00,0.00,0.00,0.00,0.00,0.00,30.00,,
405,50.00,0.00,50.00,0.00,,pos,,cc,0.00,0.00,0.00,0.00,0.00,0.00,50.00,,
406,20.00,0.00,20.00,0.00,,pos,,cc,0.00,0.00,0.00,0.00,0.00,0.00,20.00,,
407,20.00,0.00,20.00,0.00,,pos,,cc,0.00,0.00,0.00,0.00,0.00,0.00,20.00,,
408,30.00,0.00,30.00,0.00,,pos,,cc,0.00,0.00,0.00,0.00,0.00,0.00,30.00,,
409,20.00,0.00,20.00,0.00,,pos,,cc,0.00,0.00,0.00,0.00,0.00,0.00,20.00,,
410,50.00,0.00,50.00,0.00,,pos,,cc,0.00,0.00,0.00,0.00,0.00,0.00,50.00,,
411,100.00,0.00,100.00,0.00,,pos,,cc,0.00,0.00,0.00,0.00,0.00,0.00,100.00,,
412,50.00,0.00,50.00,0.00,,pos,,cc,0.00,0.00,0.00,0.00,0.00,0.00,50.00,,
414,50.00,0.00,50.00,0.00,,pos,,cc,0.00,0.00,0.00,0.00,0.00,0.00,50.00,,
415,25.00,0.00,25.00,0.00,,pos,,cc,0.00,0.00,0.00,0.00,0.00,0.00,25.00,,
416,50.00,0.00,50.00,0.00,,pos,,cc,0.00,0.00,0.00,0.00,0.00,0.00,50.00,,
417,50.00,0.00,50.00,0.00,,pos,,cc,0.00,0.00,0.00,0.00,0.00,0.00,50.00,,
418,50.00,0.00,50.00,0.00,,pos,,cc,0.00,0.00,0.00,0.00,0.00,0.00,50.00,,
419,100.00,0.00,100.00,0.00,,pos,,cc,0.00,0.00,0.00,0.00,0.00,0.00,100.00,,
420,100.00,0.00,100.00,0.00,,pos,,cc,0.00,0.00,0.00,0.00,0.00,0.00,100.00,,
421,200.00,0.00,200.00,0.00,,pos,,cc,0.00,0.00,0.00,0.00,0.00,0.00,200.00,,
422,200.00,0.00,200.00,0.00,,pos,,cc,0.00,0.00,0.00,0.00,0.00,0.00,200.00,,
423,100.00,0.00,100.00,0.00,,pos,,cc,0.00,0.00,0.00,0.00,0.00,0.00,100.00,,
424,200.00,0.00,200.00,0.00,,pos,,cc,0.00,0.00,0.00,0.00,0.00,0.00,200.00,,
425,107.90,0.00,107.90,0.00,,pos,,cc,0.00,0.00,0.00,0.00,0.00,0.00,107.90,,
426,100.00,0.00,100.00,0.00,,pos,,cc,0.00,0.00,0.00,0.00,0.00,0.00,100.00,,
427,100.00,0.00,100.00,0.00,,pos,,cc,0.00,0.00,0.00,0.00,0.00,0.00,100.00,,
428,100.00,0.00,100.00,0.00,,pos,,cc,0.00,0.00,0.00,0.00,0.00,0.00,100.00,,
429,100.00,0.00,100.00,0.00,,pos,,cc,0.00,0.00,0.00,0.00,0.00,0.00,100.00,,
430,100.00,0.00,100.00,0.00,,pos,,cc,0.00,0.00,0.00,0.00,0.00,0.00,100.00,,
431,200.00,0.00,200.00,0.00,,pos,,cc,0.00,0.00,0.00,0.00,0.00,0.00,200.00,,
432,50.00,0.00,50.00,0.00,,pos,,cc,0.00,0.00,0.00,0.00,0.00,0.00,50.00,,
433,150.00,0.00,150.00,0.00,,pos,,cc,0.00,0.00,0.00,0.00,0.00,0.00,150.00,,
434,200.00,0.00,200.00,0.00,,pos,,cc,0.00,0.00,0.00,0.00,0.00,0.00,200.00,,
435,500.00,0.00,500.00,0.00,,pos,,cc,0.00,0.00,0.00,0.00,0.00,0.00,500.00,,
436,65.00,0.00,65.00,0.00,,pos,,cc,0.00,0.00,0.00,0.00,0.00,0.00,65.00,,
437,500.00,0.00,500.00,0.00,,pos,,cc,0.00,0.00,0.00,0.00,0.00,0.00,500.00,,
438,65.00,0.00,65.00,0.00,,pos,,cc,0.00,0.00,0.00,0.00,0.00,0.00,65.00,,
439,1000.00,0.00,1000.00,0.00,,pos,,cc,0.00,0.00,0.00,0.00,0.00,0.00,1000.00,,
440,35.00,0.00,35.00,0.00,,pos,,cc,0.00,0.00,0.00,0.00,0.00,0.00,35.00,,
441,40.00,0.00,40.00,0.00,,pos,,cc,0.00,0.00,0.00,0.00,0.00,0.00,40.00,,
442,20.00,0.00,20.00,0.00,,pos,,cc,0.00,0.00,0.00,0.00,0.00,0.00,20.00,,
443,20.00,0.00,20.00,0.00,,pos,,cc,0.00,0.00,0.00,0.00,0.00,0.00,20.00,,
444,20.00,0.00,20.00,0.00,,pos,,cc,0.00,0.00,0.00,0.00,0.00,0.00,20.00,,
445,40.00,0.00,40.00,0.00,,pos,,cc,0.00,0.00,0.00,0.00,0.00,0.00,40.00,,
446,40.00,0.00,40.00,0.00,,pos,,cc,0.00,0.00,0.00,0.00,0.00,0.00,40.00,,
447,40.00,0.00,40.00,0.00,,pos,,cc,0.00,0.00,0.00,0.00,0.00,0.00,40.00,,
448,40.00,0.00,40.00,0.00,,pos,,cc,0.00,0.00,0.00,0.00,0.00,0.00,40.00,,
449,40.00,0.00,40.00,0.00,,pos,,cc,0.00,0.00,0.00,0.00,0.00,0.00,40.00,,
450,40.00,0.00,40.00,0.00,,pos,,cc,0.00,0.00,0.00,0.00,0.00,0.00,40.00,,
451,40.00,0.00,40.00,0.00,,pos,,cc,0.00,0.00,0.00,0.00,0.00,0.00,40.00,,
452,100.00,0.00,100.00,0.00,,pos,,cc,0.00,0.00,0.00,0.00,0.00,0.00,100.00,,
454,100.00,0.00,100.00,0.00,,pos,,cc,0.00,0.00,0.00,0.00,0.00,0.00,100.00,,
458,100.00,0.00,100.00,0.00,,pos,,cc,0.00,0.00,0.00,0.00,0.00,0.00,100.00,,
459,100.00,0.00,100.00,0.00,,pos,,cc,0.00,0.00,0.00,0.00,0.00,0.00,100.00,,
460,100.00,0.00,100.00,0.00,,pos,,cc,0.00,0.00,0.00,0.00,0.00,0.00,100.00,,
461,25.00,0.00,25.00,0.00,,pos,,cc,0.00,0.00,0.00,0.00,0.00,0.00,25.00,,
462,100.00,0.00,100.00,0.00,,pos,,cc,0.00,0.00,0.00,0.00,0.00,0.00,100.00,,
463,10.00,0.00,10.00,0.00,,pos,,cc,0.00,0.00,0.00,0.00,0.00,0.00,10.00,,
464,100.00,0.00,100.00,0.00,,pos,,cc,0.00,0.00,0.00,0.00,0.00,0.00,100.00,,
465,50.00,0.00,50.00,0.00,,pos,,cc,0.00,0.00,0.00,0.00,0.00,0.00,50.00,,
466,100.00,0.00,100.00,0.00,,pos,,cc,0.00,0.00,0.00,0.00,0.00,0.00,100.00,,
467,25.00,0.00,25.00,0.00,,pos,,cc,0.00,0.00,0.00,0.00,0.00,0.00,25.00,,
468,50.00,0.00,50.00,0.00,,pos,,cc,0.00,0.00,0.00,0.00,0.00,0.00,50.00,,
469,100.00,0.00,100.00,0.00,,pos,,cc,0.00,0.00,0.00,0.00,0.00,0.00,100.00,,
470,100.00,0.00,100.00,0.00,,pos,,cc,0.00,0.00,0.00,0.00,0.00,0.00,100.00,,
471,25.00,0.00,25.00,0.00,,pos,,cc,0.00,0.00,0.00,0.00,0.00,0.00,25.00,,
472,175.00,0.00,175.00,0.00,,pos,,cc,0.00,0.00,0.00,0.00,0.00,0.00,175.00,,
473,25.00,0.00,25.00,0.00,,pos,,cc,0.00,0.00,0.00,0.00,0.00,0.00,25.00,,
474,200.00,0.00,200.00,0.00,,pos,,cc,0.00,0.00,0.00,0.00,0.00,0.00,200.00,,
475,25.00,0.00,25.00,0.00,,pos,,cc,0.00,0.00,0.00,0.00,0.00,0.00,25.00,,
476,100.00,0.00,100.00,0.00,,pos,,cc,0.00,0.00,0.00,0.00,0.00,0.00,100.00,,
477,25.00,0.00,25.00,0.00,,pos,,cc,0.00,0.00,0.00,0.00,0.00,0.00,25.00,,
478,25.00,0.00,25.00,0.00,,pos,,cc,0.00,0.00,0.00,0.00,0.00,0.00,25.00,,
479,25.00,0.00,25.00,0.00,,pos,,cc,0.00,0.00,0.00,0.00,0.00,0.00,25.00,,
480,30.00,0.00,30.00,0.00,,pos,,cc,0.00,0.00,0.00,0.00,0.00,0.00,30.00,,
481,20.00,0.00,20.00,0.00,,pos,,cc,0.00,0.00,0.00,0.00,0.00,0.00,20.00,,
482,100.00,0.00,100.00,0.00,,pos,,cc,0.00,0.00,0.00,0.00,0.00,0.00,100.00,,
484,250.00,0.00,250.00,0.00,,pos,,cc,0.00,0.00,0.00,0.00,0.00,0.00,250.00,,
485,2.00,0.00,2.00,0.00,,pos,,cc,0.00,0.00,0.00,0.00,0.00,0.00,2.00,,
486,20.00,0.00,20.00,0.00,,pos,,cc,0.00,0.00,0.00,0.00,0.00,0.00,20.00,,
487,20.00,0.00,20.00,0.00,,pos,,cc,0.00,0.00,0.00,0.00,0.00,0.00,20.00,,
488,35.00,0.00,35.00,0.00,,pos,,cc,0.00,0.00,0.00,0.00,0.00,0.00,35.00,,
489,30.00,0.00,30.00,0.00,,pos,,cc,0.00,0.00,0.00,0.00,0.00,0.00,30.00,,
490,20.00,0.00,20.00,0.00,,pos,,cc,0.00,0.00,0.00,0.00,0.00,0.00,20.00,,
491,20.00,0.00,20.00,0.00,,pos,,cc,0.00,0.00,0.00,0.00,0.00,0.00,20.00,,
492,30.00,0.00,30.00,0.00,,pos,,cc,0.00,0.00,0.00,0.00,0.00,0.00,30.00,,
494,10.00,0.00,10.00,0.00,,pos,,cc,0.00,0.00,0.00,0.00,0.00,0.00,10.00,,
496,35.00,0.00,35.00,0.00,,pos,,cc,0.00,0.00,0.00,0.00,0.00,0.00,35.00,,
497,35.00,0.00,35.00,0.00,,pos,,cc,0.00,0.00,0.00,0.00,0.00,0.00,35.00,,
498,14.00,0.00,14.00,0.00,,pos,,cc,0.00,0.00,0.00,0.00,0.00,0.00,14.00,,
499,35.00,0.00,35.00,0.00,,pos,,cc,0.00,0.00,0.00,0.00,0.00,0.00,35.00,,
500,35.00,0.00,35.00,0.00,,pos,,cc,0.00,0.00,0.00,0.00,0.00,0.00,35.00,,
501,35.00,0.00,35.00,0.00,,pos,,cc,0.00,0.00,0.00,0.00,0.00,0.00,35.00,,
502,35.00,0.00,35.00,0.00,,pos,,cc,0.00,0.00,0.00,0.00,0.00,0.00,35.00,,
503,35.00,0.00,35.00,0.00,,pos,,cc,0.00,0.00,0.00,0.00,0.00,0.00,35.00,,
504,40.00,0.00,40.00,0.00,,pos,,cc,0.00,0.00,0.00,0.00,0.00,0.00,40.00,,
505,40.00,0.00,40.00,0.00,,pos,,cc,0.00,0.00,0.00,0.00,0.00,0.00,40.00,,
506,40.00,0.00,40.00,0.00,,pos,,cc,0.00,0.00,0.00,0.00,0.00,0.00,40.00,,
507,450.00,0.00,450.00,0.00,,pos,,cc,0.00,0.00,0.00,0.00,0.00,0.00,450.00,,
510,25.00,0.00,25.00,0.00,,pos,,cc,0.00,0.00,0.00,0.00,0.00,0.00,25.00,,
511,25.00,0.00,25.00,0.00,,pos,,cc,0.00,0.00,0.00,0.00,0.00,0.00,25.00,,
512,25.00,0.00,25.00,0.00,,pos,,cc,0.00,0.00,0.00,0.00,0.00,0.00,25.00,,
513,25.00,0.00,25.00,0.00,,pos,,cc,0.00,0.00,0.00,0.00,0.00,0.00,25.00,,
514,25.00,0.00,25.00,0.00,,pos,,cc,0.00,0.00,0.00,0.00,0.00,0.00,25.00,,
515,25.00,0.00,25.00,0.00,,pos,,cc,0.00,0.00,0.00,0.00,0.00,0.00,25.00,,
516,50.00,0.00,50.00,0.00,,pos,,cc,0.00,0.00,0.00,0.00,0.00,0.00,50.00,,
517,25.00,0.00,25.00,0.00,,pos,,cc,0.00,0.00,0.00,0.00,0.00,0.00,25.00,,
518,25.00,0.00,25.00,0.00,,pos,,cc,0.00,0.00,0.00,0.00,0.00,0.00,25.00,,
519,25.00,0.00,25.00,0.00,,pos,,cc,0.00,0.00,0.00,0.00,0.00,0.00,25.00,,
520,25.00,0.00,25.00,0.00,,pos,,cc,0.00,0.00,0.00,0.00,0.00,0.00,25.00,,
521,7.00,0.00,7.00,0.00,,pos,,cc,0.00,0.00,0.00,0.00,0.00,0.00,7.00,,
522,20.00,0.00,20.00,0.00,,pos,,cc,0.00,0.00,0.00,0.00,0.00,0.00,20.00,,
523,50.00,0.00,50.00,0.00,,pos,,cc,0.00,0.00,0.00,0.00,0.00,0.00,50.00,,
524,20.00,0.00,20.00,0.00,,pos,,cc,0.00,0.00,0.00,0.00,0.00,0.00,20.00,,
525,20.00,0.00,20.00,0.00,,pos,,cc,0.00,0.00,0.00,0.00,0.00,0.00,20.00,,
526,20.00,0.00,20.00,0.00,,pos,,cc,0.00,0.00,0.00,0.00,0.00,0.00,20.00,,
527,20.00,0.00,20.00,0.00,,pos,,cc,0.00,0.00,0.00,0.00,0.00,0.00,20.00,,
528,20.00,0.00,20.00,0.00,,pos,,cc,0.00,0.00,0.00,0.00,0.00,0.00,20.00,,
529,10.00,0.00,10.00,0.00,,pos,,cc,0.00,0.00,0.00,0.00,0.00,0.00,10.00,,
530,20.00,0.00,20.00,0.00,,pos,,cc,0.00,0.00,0.00,0.00,0.00,0.00,20.00,,
531,20.00,0.00,20.00,0.00,,pos,,cc,0.00,0.00,0.00,0.00,0.00,0.00,20.00,,
532,15.00,0.00,15.00,0.00,,pos,,cc,0.00,0.00,0.00,0.00,0.00,0.00,15.00,,
533,10.00,0.00,10.00,0.00,,pos,,cc,0.00,0.00,0.00,0.00,0.00,0.00,10.00,,
534,15.00,0.00,15.00,0.00,,pos,,cc,0.00,0.00,0.00,0.00,0.00,0.00,15.00,,
535,25.00,0.00,25.00,0.00,,pos,,cc,0.00,0.00,0.00,0.00,0.00,0.00,25.00,,
536,25.00,0.00,25.00,0.00,,pos,,cc,0.00,0.00,0.00,0.00,0.00,0.00,25.00,,
537,20.00,0.00,20.00,0.00,,pos,,cc,0.00,0.00,0.00,0.00,0.00,0.00,20.00,,
538,5.00,0.00,5.00,0.00,,pos,,cc,0.00,0.00,0.00,0.00,0.00,0.00,5.00,,
539,20.00,0.00,20.00,0.00,,pos,,cc,0.00,0.00,0.00,0.00,0.00,0.00,20.00,,
540,20.00,0.00,20.00,0.00,,pos,,cc,0.00,0.00,0.00,0.00,0.00,0.00,20.00,,
541,20.00,0.00,20.00,0.00,,pos,,cc,0.00,0.00,0.00,0.00,0.00,0.00,20.00,,
542,20.00,0.00,20.00,0.00,,pos,,cc,0.00,0.00,0.00,0.00,0.00,0.00,20.00,,
545,30.00,0.00,30.00,0.00,,pos,,cc,0.00,0.00,0.00,0.00,0.00,0.00,30.00,,
546,15.00,0.00,15.00,0.00,,pos,,cc,0.00,0.00,0.00,0.00,0.00,0.00,15.00,,
547,25.00,0.00,25.00,0.00,,pos,,cc,0.00,0.00,0.00,0.00,0.00,0.00,25.00,,
548,25.00,0.00,25.00,0.00,,pos,,cc,0.00,0.00,0.00,0.00,0.00,0.00,25.00,,
549,125.00,0.00,125.00,0.00,,pos,,cc,0.00,0.00,0.00,0.00,0.00,0.00,125.00,,
550,25.00,0.00,25.00,0.00,,pos,,cc,0.00,0.00,0.00,0.00,0.00,0.00,25.00,,
551,50.00,0.00,50.00,0.00,,pos,,cc,0.00,0.00,0.00,0.00,0.00,0.00,50.00,,
552,25.00,0.00,25.00,0.00,,pos,,cc,0.00,0.00,0.00,0.00,0.00,0.00,25.00,,
553,100.00,0.00,100.00,0.00,,pos,,cc,0.00,0.00,0.00,0.00,0.00,0.00,100.00,,
554,25.00,0.00,25.00,0.00,,pos,,cc,0.00,0.00,0.00,0.00,0.00,0.00,25.00,,
555,25.00,0.00,25.00,0.00,,pos,,cc,0.00,0.00,0.00,0.00,0.00,0.00,25.00,,
556,50.00,0.00,50.00,0.00,,pos,,cc,0.00,0.00,0.00,0.00,0.00,0.00,50.00,,
557,35.00,0.00,35.00,0.00,,pos,,cc,0.00,0.00,0.00,0.00,0.00,0.00,35.00,,
558,20.00,0.00,20.00,0.00,,pos,,cc,0.00,0.00,0.00,0.00,0.00,0.00,20.00,,
559,20.00,0.00,20.00,0.00,,pos,,cc,0.00,0.00,0.00,0.00,0.00,0.00,20.00,,
560,20.00,0.00,20.00,0.00,,pos,,cc,0.00,0.00,0.00,0.00,0.00,0.00,20.00,,
561,20.00,0.00,20.00,0.00,,pos,,cc,0.00,0.00,0.00,0.00,0.00,0.00,20.00,,
562,20.00,0.00,20.00,0.00,,pos,,cc,0.00,0.00,0.00,0.00,0.00,0.00,20.00,,
563,20.00,0.00,20.00,0.00,,pos,,cc,0.00,0.00,0.00,0.00,0.00,0.00,20.00,,
564,20.00,0.00,20.00,0.00,,pos,,cc,0.00,0.00,0.00,0.00,0.00,0.00,20.00,,
565,25.00,0.00,25.00,0.00,,pos,,cc,0.00,0.00,0.00,0.00,0.00,0.00,25.00,,
566,25.00,0.00,25.00,0.00,,pos,,cc,0.00,0.00,0.00,0.00,0.00,0.00,25.00,,
567,25.00,0.00,25.00,0.00,,pos,,cc,0.00,0.00,0.00,0.00,0.00,0.00,25.00,,
568,25.00,0.00,25.00,0.00,,pos,,cc,0.00,0.00,0.00,0.00,0.00,0.00,25.00,,
569,40.00,0.00,40.00,0.00,,pos,,cc,0.00,0.00,0.00,0.00,0.00,0.00,40.00,,
570,120.00,0.00,120.00,0.00,,pos,,cc,0.00,0.00,0.00,0.00,0.00,0.00,120.00,,
571,40.00,0.00,40.00,0.00,,pos,,cc,0.00,0.00,0.00,0.00,0.00,0.00,40.00,,
572,35.00,0.00,35.00,0.00,,pos,,cc,0.00,0.00,0.00,0.00,0.00,0.00,35.00,,
573,40.00,0.00,40.00,0.00,,pos,,cc,0.00,0.00,0.00,0.00,0.00,0.00,40.00,,
574,25.00,0.00,25.00,0.00,,pos,,cc,0.00,0.00,0.00,0.00,0.00,0.00,25.00,,
575,40.00,0.00,40.00,0.00,,pos,,cc,0.00,0.00,0.00,0.00,0.00,0.00,40.00,,
576,25.00,0.00,25.00,0.00,,pos,,cc,0.00,0.00,0.00,0.00,0.00,0.00,25.00,,
577,40.00,0.00,40.00,0.00,,pos,,cc,0.00,0.00,0.00,0.00,0.00,0.00,40.00,,
578,25.00,0.00,25.00,0.00,,pos,,cc,0.00,0.00,0.00,0.00,0.00,0.00,25.00,,
579,35.00,0.00,35.00,0.00,,pos,,cc,0.00,0.00,0.00,0.00,0.00,0.00,35.00,,
580,40.00,0.00,40.00,0.00,,pos,,cc,0.00,0.00,0.00,0.00,0.00,0.00,40.00,,
581,150.00,0.00,150.00,0.00,,pos,,cc,0.00,0.00,0.00,0.00,0.00,0.00,150.00,,
582,50.00,0.00,50.00,0.00,,pos,,cc,0.00,0.00,0.00,0.00,0.00,0.00,50.00,,
583,35.00,0.00,35.00,0.00,,pos,,cc,0.00,0.00,0.00,0.00,0.00,0.00,35.00,,
584,50.00,0.00,50.00,0.00,,pos,,cc,0.00,0.00,0.00,0.00,0.00,0.00,50.00,,
585,50.00,0.00,50.00,0.00,,pos,,cc,0.00,0.00,0.00,0.00,0.00,0.00,50.00,,
586,25.00,0.00,25.00,0.00,,pos,,cc,0.00,0.00,0.00,0.00,0.00,0.00,25.00,,
587,20.00,0.00,20.00,0.00,,pos,,cc,0.00,0.00,0.00,0.00,0.00,0.00,20.00,,
588,25.00,0.00,25.00,0.00,,pos,,cc,0.00,0.00,0.00,0.00,0.00,0.00,25.00,,
589,25.00,0.00,25.00,0.00,,pos,,cc,0.00,0.00,0.00,0.00,0.00,0.00,25.00,,
590,25.00,0.00,25.00,0.00,,pos,,cc,0.00,0.00,0.00,0.00,0.00,0.00,25.00,,
591,25.00,0.00,25.00,0.00,,pos,,cc,0.00,0.00,0.00,0.00,0.00,0.00,25.00,,
592,12.50,0.00,12.50,0.00,,pos,,cc,0.00,0.00,0.00,0.00,0.00,0.00,12.50,,
593,20.00,0.00,20.00,0.00,,pos,,cc,0.00,0.00,0.00,0.00,0.00,0.00,20.00,,
594,100.00,0.00,100.00,0.00,,pos,,cc,0.00,0.00,0.00,0.00,0.00,0.00,100.00,,
595,50.00,0.00,50.00,0.00,,pos,,cc,0.00,0.00,0.00,0.00,0.00,0.00,50.00,,
596,50.00,0.00,50.00,0.00,,pos,,cc,0.00,0.00,0.00,0.00,0.00,0.00,50.00,,
597,50.00,0.00,50.00,0.00,,pos,,cc,0.00,0.00,0.00,0.00,0.00,0.00,50.00,,
598,10.00,0.00,10.00,0.00,,pos,,cc,0.00,0.00,0.00,0.00,0.00,0.00,10.00,,
599,35.00,0.00,35.00,0.00,,pos,,cc,0.00,0.00,0.00,0.00,0.00,0.00,35.00,,
600,20.00,0.00,20.00,0.00,,pos,,cc,0.00,0.00,0.00,0.00,0.00,0.00,20.00,,
601,25.00,0.00,25.00,0.00,,pos,,cc,0.00,0.00,0.00,0.00,0.00,0.00,25.00,,
602,50.00,0.00,50.00,0.00,,pos,,cc,0.00,0.00,0.00,0.00,0.00,0.00,50.00,,
603,50.00,0.00,50.00,0.00,,pos,,cc,0.00,0.00,0.00,0.00,0.00,0.00,50.00,,
604,25.00,0.00,25.00,0.00,,pos,,cc,0.00,0.00,0.00,0.00,0.00,0.00,25.00,,
605,74.00,0.00,74.00,0.00,,pos,,cc,0.00,0.00,0.00,0.00,0.00,0.00,74.00,,
606,50.00,0.00,50.00,0.00,,pos,,cc,0.00,0.00,0.00,0.00,0.00,0.00,50.00,,
607,200.00,0.00,200.00,0.00,,pos,,cc,0.00,0.00,0.00,0.00,0.00,0.00,200.00,,
608,20.00,0.00,20.00,0.00,,pos,,cc,0.00,0.00,0.00,0.00,0.00,0.00,20.00,,
609,180.00,0.00,180.00,0.00,,pos,,cc,0.00,0.00,0.00,0.00,0.00,0.00,180.00,,
610,35.00,0.00,35.00,0.00,,pos,,cc,0.00,0.00,0.00,0.00,0.00,0.00,35.00,,
611,250.00,0.00,250.00,0.00,,pos,,cc,0.00,0.00,0.00,0.00,0.00,0.00,250.00,,
612,25.00,0.00,25.00,0.00,,pos,,cc,0.00,0.00,0.00,0.00,0.00,0.00,25.00,,
613,300.00,0.00,300.00,0.00,,pos,,cc,0.00,0.00,0.00,0.00,0.00,0.00,300.00,,
614,25.00,0.00,25.00,0.00,,pos,,cc,0.00,0.00,0.00,0.00,0.00,0.00,25.00,,
615,25.00,0.00,25.00,0.00,,pos,,cc,0.00,0.00,0.00,0.00,0.00,0.00,25.00,,
616,175.00,0.00,175.00,0.00,,pos,,cc,0.00,0.00,0.00,0.00,0.00,0.00,175.00,,
617,150.00,0.00,150.00,0.00,,pos,,cc,0.00,0.00,0.00,0.00,0.00,0.00,150.00,,
618,100.00,0.00,100.00,0.00,,pos,,cc,0.00,0.00,0.00,0.00,0.00,0.00,100.00,,
619,25.00,0.00,25.00,0.00,,pos,,cc,0.00,0.00,0.00,0.00,0.00,0.00,25.00,,
620,175.00,0.00,175.00,0.00,,pos,,cc,0.00,0.00,0.00,0.00,0.00,0.00,175.00,,
621,300.00,0.00,300.00,0.00,,pos,,cc,0.00,0.00,0.00,0.00,0.00,0.00,300.00,,
622,200.00,0.00,200.00,0.00,,pos,,cc,0.00,0.00,0.00,0.00,0.00,0.00,200.00,,
623,200.00,0.00,200.00,0.00,,pos,,cc,0.00,0.00,0.00,0.00,0.00,0.00,200.00,,
624,75000.00,0.00,75000.00,0.00,,pos,,cc,0.00,0.00,0.00,0.00,0.00,0.00,75000.00,,
625,50.00,0.00,50.00,0.00,,pos,,cc,0.00,0.00,0.00,0.00,0.00,0.00,50.00,,
626,50.00,0.00,50.00,0.00,,pos,,cc,0.00,0.00,0.00,0.00,0.00,0.00,50.00,,
627,50.00,0.00,50.00,0.00,,pos,,cc,0.00,0.00,0.00,0.00,0.00,0.00,50.00,,
628,35.00,0.00,35.00,0.00,,pos,,cc,0.00,0.00,0.00,0.00,0.00,0.00,35.00,,
629,25.00,0.00,25.00,0.00,,pos,,cc,0.00,0.00,0.00,0.00,0.00,0.00,25.00,,
630,20.00,0.00,20.00,0.00,,pos,,cc,0.00,0.00,0.00,0.00,0.00,0.00,20.00,,
631,20.00,0.00,20.00,0.00,,pos,,cc,0.00,0.00,0.00,0.00,0.00,0.00,20.00,,
632,20.00,0.00,20.00,0.00,,pos,,cc,0.00,0.00,0.00,0.00,0.00,0.00,20.00,,
633,20.00,0.00,20.00,0.00,,pos,,cc,0.00,0.00,0.00,0.00,0.00,0.00,20.00,,
634,25.00,0.00,25.00,0.00,,pos,,cc,0.00,0.00,0.00,0.00,0.00,0.00,25.00,,
635,25.00,0.00,25.00,0.00,,pos,,cc,0.00,0.00,0.00,0.00,0.00,0.00,25.00,,
636,20.00,0.00,20.00,0.00,,pos,,cc,0.00,0.00,0.00,0.00,0.00,0.00,20.00,,
637,20.00,0.00,20.00,0.00,,pos,,cc,0.00,0.00,0.00,0.00,0.00,0.00,20.00,,
638,20.00,0.00,20.00,0.00,,pos,,cc,0.00,0.00,0.00,0.00,0.00,0.00,20.00,,
639,20.00,0.00,20.00,0.00,,pos,,cc,0.00,0.00,0.00,0.00,0.00,0.00,20.00,,
640,20.00,0.00,20.00,0.00,,pos,,cc,0.00,0.00,0.00,0.00,0.00,0.00,20.00,,
641,20.00,0.00,20.00,0.00,,pos,,cc,0.00,0.00,0.00,0.00,0.00,0.00,20.00,,
642,10.00,0.00,10.00,0.00,,pos,,cc,0.00,0.00,0.00,0.00,0.00,0.00,10.00,,
643,20.00,0.00,20.00,0.00,,pos,,cc,0.00,0.00,0.00,0.00,0.00,0.00,20.00,,
644,50.00,0.00,50.00,0.00,,pos,,cc,0.00,0.00,0.00,0.00,0.00,0.00,50.00,,
645,25.00,0.00,25.00,0.00,,pos,,cc,0.00,0.00,0.00,0.00,0.00,0.00,25.00,,
646,25.00,0.00,25.00,0.00,,pos,,cc,0.00,0.00,0.00,0.00,0.00,0.00,25.00,,
647,25.00,0.00,25.00,0.00,,pos,,cc,0.00,0.00,0.00,0.00,0.00,0.00,25.00,,
648,15.00,0.00,15.00,0.00,,pos,,cc,0.00,0.00,0.00,0.00,0.00,0.00,15.00,,
649,20.00,0.00,20.00,0.00,,pos,,cc,0.00,0.00,0.00,0.00,0.00,0.00,20.00,,
650,10.00,0.00,10.00,0.00,,pos,,cc,0.00,0.00,0.00,0.00,0.00,0.00,10.00,,
651,15.00,0.00,15.00,0.00,,pos,,cc,0.00,0.00,0.00,0.00,0.00,0.00,15.00,,
652,20.00,0.00,20.00,0.00,,pos,,cc,0.00,0.00,0.00,0.00,0.00,0.00,20.00,,
653,20.00,0.00,20.00,0.00,,pos,,cc,0.00,0.00,0.00,0.00,0.00,0.00,20.00,,
654,15.00,0.00,15.00,0.00,,pos,,cc,0.00,0.00,0.00,0.00,0.00,0.00,15.00,,
655,15.00,0.00,15.00,0.00,,pos,,cc,0.00,0.00,0.00,0.00,0.00,0.00,15.00,,
656,150.00,0.00,150.00,0.00,,pos,,cc,0.00,0.00,0.00,0.00,0.00,0.00,150.00,,
658,50.00,0.00,50.00,0.00,,pos,,cc,0.00,0.00,0.00,0.00,0.00,0.00,50.00,,
659,50.00,0.00,50.00,0.00,,pos,,cc,0.00,0.00,0.00,0.00,0.00,0.00,50.00,,
660,100.00,0.00,100.00,0.00,,pos,,cc,0.00,0.00,0.00,0.00,0.00,0.00,100.00,,
662,150.00,0.00,150.00,0.00,,pos,,cc,0.00,0.00,0.00,0.00,0.00,0.00,150.00,,
663,50.00,0.00,50.00,0.00,,pos,,cc,0.00,0.00,0.00,0.00,0.00,0.00,50.00,,
664,100.00,0.00,100.00,0.00,,pos,,cc,0.00,0.00,0.00,0.00,0.00,0.00,100.00,,
665,65.00,0.00,65.00,0.00,,pos,,cc,0.00,0.00,0.00,0.00,0.00,0.00,65.00,,
666,185.00,0.00,185.00,0.00,,pos,,cc,0.00,0.00,0.00,0.00,0.00,0.00,185.00,,
671,200.00,0.00,200.00,0.00,,pos,,cc,0.00,0.00,0.00,0.00,0.00,0.00,200.00,,
673,200.00,0.00,200.00,0.00,,pos,,cc,0.00,0.00,0.00,0.00,0.00,0.00,200.00,,
675,65.00,0.00,65.00,0.00,,pos,,cc,0.00,0.00,0.00,0.00,0.00,0.00,65.00,,
676,35.00,0.00,35.00,0.00,,pos,,cc,0.00,0.00,0.00,0.00,0.00,0.00,35.00,,
677,100.00,0.00,100.00,0.00,,pos,,cc,0.00,0.00,0.00,0.00,0.00,0.00,100.00,,
678,50.00,0.00,50.00,0.00,,pos,,cc,0.00,0.00,0.00,0.00,0.00,0.00,50.00,,
679,100.00,0.00,100.00,0.00,,pos,,cc,0.00,0.00,0.00,0.00,0.00,0.00,100.00,,
680,100.00,0.00,100.00,0.00,,pos,,cc,0.00,0.00,0.00,0.00,0.00,0.00,100.00,,
681,50.00,0.00,50.00,0.00,,pos,,cc,0.00,0.00,0.00,0.00,0.00,0.00,50.00,,
682,100.00,0.00,100.00,0.00,,pos,,cc,0.00,0.00,0.00,0.00,0.00,0.00,100.00,,
683,100.00,0.00,100.00,0.00,,pos,,cc,0.00,0.00,0.00,0.00,0.00,0.00,100.00,,
684,100.00,0.00,100.00,0.00,,pos,,cc,0.00,0.00,0.00,0.00,0.00,0.00,100.00,,
685,50.00,0.00,50.00,0.00,,pos,,cc,0.00,0.00,0.00,0.00,0.00,0.00,50.00,,
686,50.00,0.00,50.00,0.00,,pos,,cc,0.00,0.00,0.00,0.00,0.00,0.00,50.00,,
687,50.00,0.00,50.00,0.00,,pos,,cc,0.00,0.00,0.00,0.00,0.00,0.00,50.00,,
688,100.00,0.00,100.00,0.00,,pos,,cc,0.00,0.00,0.00,0.00,0.00,0.00,100.00,,
689,100.00,0.00,100.00,0.00,,pos,,cc,0.00,0.00,0.00,0.00,0.00,0.00,100.00,,
690,250.00,0.00,250.00,0.00,,pos,,cc,0.00,0.00,0.00,0.00,0.00,0.00,250.00,,
691,1000.00,0.00,1000.00,0.00,,pos,,cc,0.00,0.00,0.00,0.00,0.00,0.00,1000.00,,
692,5.00,0.00,5.00,0.00,,pos,,cc,0.00,0.00,0.00,0.00,0.00,0.00,5.00,,
693,24.00,0.00,24.00,0.00,,pos,,cc,0.00,0.00,0.00,0.00,0.00,0.00,24.00,,
694,100.00,0.00,100.00,0.00,,pos,,cc,0.00,0.00,0.00,0.00,0.00,0.00,100.00,,
695,100.00,0.00,100.00,0.00,,pos,,cc,0.00,0.00,0.00,0.00,0.00,0.00,100.00,,
696,1000.00,0.00,1000.00,0.00,,pos,,cc,0.00,0.00,0.00,0.00,0.00,0.00,1000.00,,
697,1000.00,0.00,1000.00,0.00,,pos,,cc,0.00,0.00,0.00,0.00,0.00,0.00,1000.00,,
698,1000.00,0.00,1000.00,0.00,,pos,,cc,0.00,0.00,0.00,0.00,0.00,0.00,1000.00,,
699,1000.00,0.00,1000.00,0.00,,pos,,cc,0.00,0.00,0.00,0.00,0.00,0.00,1000.00,,
700,1000.00,0.00,1000.00,0.00,,pos,,cc,0.00,0.00,0.00,0.00,0.00,0.00,1000.00,,
701,1000.00,0.00,1000.00,0.00,,pos,,cc,0.00,0.00,0.00,0.00,0.00,0.00,1000.00,,
702,1000.00,0.00,1000.00,0.00,,pos,,cc,0.00,0.00,0.00,0.00,0.00,0.00,1000.00,,
703,20.00,0.00,20.00,0.00,,pos,,cc,0.00,0.00,0.00,0.00,0.00,0.00,20.00,,
704,20.00,0.00,20.00,0.00,,pos,,cc,0.00,0.00,0.00,0.00,0.00,0.00,20.00,,
705,20.00,0.00,20.00,0.00,,pos,,cc,0.00,0.00,0.00,0.00,0.00,0.00,20.00,,
706,20.00,0.00,20.00,0.00,,pos,,cc,0.00,0.00,0.00,0.00,0.00,0.00,20.00,,
707,20.00,0.00,20.00,0.00,,pos,,cc,0.00,0.00,0.00,0.00,0.00,0.00,20.00,,
708,20.00,0.00,20.00,0.00,,pos,,cc,0.00,0.00,0.00,0.00,0.00,0.00,20.00,,
709,20.00,0.00,20.00,0.00,,pos,,cc,0.00,0.00,0.00,0.00,0.00,0.00,20.00,,
710,20.00,0.00,20.00,0.00,,pos,,cc,0.00,0.00,0.00,0.00,0.00,0.00,20.00,,
711,25.00,0.00,25.00,0.00,,pos,,cc,0.00,0.00,0.00,0.00,0.00,0.00,25.00,,
712,25.00,0.00,25.00,0.00,,pos,,cc,0.00,0.00,0.00,0.00,0.00,0.00,25.00,,
713,25.00,0.00,25.00,0.00,,pos,,cc,0.00,0.00,0.00,0.00,0.00,0.00,25.00,,
714,25.00,0.00,25.00,0.00,,pos,,cc,0.00,0.00,0.00,0.00,0.00,0.00,25.00,,
715,25.00,0.00,25.00,0.00,,pos,,cc,0.00,0.00,0.00,0.00,0.00,0.00,25.00,,
716,25.00,0.00,25.00,0.00,,pos,,cc,0.00,0.00,0.00,0.00,0.00,0.00,25.00,,
717,25.00,0.00,25.00,0.00,,pos,,cc,0.00,0.00,0.00,0.00,0.00,0.00,25.00,,
718,25.00,0.00,25.00,0.00,,pos,,cc,0.00,0.00,0.00,0.00,0.00,0.00,25.00,,
719,25.00,0.00,25.00,0.00,,pos,,cc,0.00,0.00,0.00,0.00,0.00,0.00,25.00,,
720,100.00,0.00,100.00,0.00,,pos,,cc,0.00,0.00,0.00,0.00,0.00,0.00,100.00,,
721,25.00,0.00,25.00,0.00,,pos,,cc,0.00,0.00,0.00,0.00,0.00,0.00,25.00,,
722,25.00,0.00,25.00,0.00,,pos,,cc,0.00,0.00,0.00,0.00,0.00,0.00,25.00,,
723,25.00,0.00,25.00,0.00,,pos,,cc,0.00,0.00,0.00,0.00,0.00,0.00,25.00,,
724,25.00,0.00,25.00,0.00,,pos,,cc,0.00,0.00,0.00,0.00,0.00,0.00,25.00,,
725,25.00,0.00,25.00,0.00,,pos,,cc,0.00,0.00,0.00,0.00,0.00,0.00,25.00,,
726,25.00,0.00,25.00,0.00,,pos,,cc,0.00,0.00,0.00,0.00,0.00,0.00,25.00,,
727,35.00,0.00,35.00,0.00,,pos,,cc,0.00,0.00,0.00,0.00,0.00,0.00,35.00,,
728,35.00,0.00,35.00,0.00,,pos,,cc,0.00,0.00,0.00,0.00,0.00,0.00,35.00,,
729,35.00,0.00,35.00,0.00,,pos,,cc,0.00,0.00,0.00,0.00,0.00,0.00,35.00,,
730,35.00,0.00,35.00,0.00,,pos,,cc,0.00,0.00,0.00,0.00,0.00,0.00,35.00,,
731,35.00,0.00,35.00,0.00,,pos,,cc,0.00,0.00,0.00,0.00,0.00,0.00,35.00,,
732,20.00,0.00,20.00,0.00,,pos,,cc,0.00,0.00,0.00,0.00,0.00,0.00,20.00,,
733,25.00,0.00,25.00,0.00,,pos,,cc,0.00,0.00,0.00,0.00,0.00,0.00,25.00,,
734,20.00,0.00,20.00,0.00,,pos,,cc,0.00,0.00,0.00,0.00,0.00,0.00,20.00,,
735,20.00,0.00,20.00,0.00,,pos,,cc,0.00,0.00,0.00,0.00,0.00,0.00,20.00,,
736,20.00,0.00,20.00,0.00,,pos,,cc,0.00,0.00,0.00,0.00,0.00,0.00,20.00,,
737,20.00,0.00,20.00,0.00,,pos,,cc,0.00,0.00,0.00,0.00,0.00,0.00,20.00,,
738,20.00,0.00,20.00,0.00,,pos,,cc,0.00,0.00,0.00,0.00,0.00,0.00,20.00,,
739,20.00,0.00,20.00,0.00,,pos,,cc,0.00,0.00,0.00,0.00,0.00,0.00,20.00,,
740,25.00,0.00,25.00,0.00,,pos,,cc,0.00,0.00,0.00,0.00,0.00,0.00,25.00,,
741,25.00,0.00,25.00,0.00,,pos,,cc,0.00,0.00,0.00,0.00,0.00,0.00,25.00,,
742,25.00,0.00,25.00,0.00,,pos,,cc,0.00,0.00,0.00,0.00,0.00,0.00,25.00,,
743,25.00,0.00,25.00,0.00,,pos,,cc,0.00,0.00,0.00,0.00,0.00,0.00,25.00,,
744,25.00,0.00,25.00,0.00,,pos,,cc,0.00,0.00,0.00,0.00,0.00,0.00,25.00,,
745,25.00,0.00,25.00,0.00,,pos,,cc,0.00,0.00,0.00,0.00,0.00,0.00,25.00,,
746,25.00,0.00,25.00,0.00,,pos,,cc,0.00,0.00,0.00,0.00,0.00,0.00,25.00,,
747,25.00,0.00,25.00,0.00,,pos,,cc,0.00,0.00,0.00,0.00,0.00,0.00,25.00,,
748,25.00,0.00,25.00,0.00,,pos,,cc,0.00,0.00,0.00,0.00,0.00,0.00,25.00,,
749,25.00,0.00,25.00,0.00,,pos,,cc,0.00,0.00,0.00,0.00,0.00,0.00,25.00,,
750,250.00,0.00,250.00,0.00,,pos,,cc,0.00,0.00,0.00,0.00,0.00,0.00,250.00,,
751,100.00,0.00,100.00,0.00,,pos,,cc,0.00,0.00,0.00,0.00,0.00,0.00,100.00,,
752,50.00,0.00,50.00,0.00,,pos,,cc,0.00,0.00,0.00,0.00,0.00,0.00,50.00,,
753,50.00,0.00,50.00,0.00,,pos,,cc,0.00,0.00,0.00,0.00,0.00,0.00,50.00,,
754,50.00,0.00,50.00,0.00,,pos,,cc,0.00,0.00,0.00,0.00,0.00,0.00,50.00,,
755,50.00,0.00,50.00,0.00,,pos,,cc,0.00,0.00,0.00,0.00,0.00,0.00,50.00,,
756,50.00,0.00,50.00,0.00,,pos,,cc,0.00,0.00,0.00,0.00,0.00,0.00,50.00,,
757,50.00,0.00,50.00,0.00,,pos,,cc,0.00,0.00,0.00,0.00,0.00,0.00,50.00,,
758,35.00,0.00,35.00,0.00,,pos,,cc,0.00,0.00,0.00,0.00,0.00,0.00,35.00,,
759,115.00,0.00,115.00,0.00,,pos,,cc,0.00,0.00,0.00,0.00,0.00,0.00,115.00,,
760,35.00,0.00,35.00,0.00,,pos,,cc,0.00,0.00,0.00,0.00,0.00,0.00,35.00,,
761,215.00,0.00,215.00,0.00,,pos,,cc,0.00,0.00,0.00,0.00,0.00,0.00,215.00,,
762,300.00,0.00,300.00,0.00,,pos,,cc,0.00,0.00,0.00,0.00,0.00,0.00,300.00,,
763,35.00,0.00,35.00,0.00,,pos,,cc,0.00,0.00,0.00,0.00,0.00,0.00,35.00,,
764,300.00,0.00,300.00,0.00,,pos,,cc,0.00,0.00,0.00,0.00,0.00,0.00,300.00,,
765,35.00,0.00,35.00,0.00,,pos,,cc,0.00,0.00,0.00,0.00,0.00,0.00,35.00,,
766,400.00,0.00,400.00,0.00,,pos,,cc,0.00,0.00,0.00,0.00,0.00,0.00,400.00,,
767,35.00,0.00,35.00,0.00,,pos,,cc,0.00,0.00,0.00,0.00,0.00,0.00,35.00,,
768,500.00,0.00,500.00,0.00,,pos,,cc,0.00,0.00,0.00,0.00,0.00,0.00,500.00,,
769,35.00,0.00,35.00,0.00,,pos,,cc,0.00,0.00,0.00,0.00,0.00,0.00,35.00,,
770,500.00,0.00,500.00,0.00,,pos,,cc,0.00,0.00,0.00,0.00,0.00,0.00,500.00,,
771,20.00,0.00,20.00,0.00,,pos,,cc,0.00,0.00,0.00,0.00,0.00,0.00,20.00,,
772,10.00,0.00,10.00,0.00,,pos,,cc,0.00,0.00,0.00,0.00,0.00,0.00,10.00,,
773,10.00,0.00,10.00,0.00,,pos,,cc,0.00,0.00,0.00,0.00,0.00,0.00,10.00,,
774,20.00,0.00,20.00,0.00,,pos,,cc,0.00,0.00,0.00,0.00,0.00,0.00,20.00,,
775,20.00,0.00,20.00,0.00,,pos,,cc,0.00,0.00,0.00,0.00,0.00,0.00,20.00,,
776,20.00,0.00,20.00,0.00,,pos,,cc,0.00,0.00,0.00,0.00,0.00,0.00,20.00,,
777,20.00,0.00,20.00,0.00,,pos,,cc,0.00,0.00,0.00,0.00,0.00,0.00,20.00,,
778,20.00,0.00,20.00,0.00,,pos,,cc,0.00,0.00,0.00,0.00,0.00,0.00,20.00,,
779,50.00,0.00,50.00,0.00,,pos,,cc,0.00,0.00,0.00,0.00,0.00,0.00,50.00,,
780,100.00,0.00,100.00,0.00,,pos,,cc,0.00,0.00,0.00,0.00,0.00,0.00,100.00,,
781,100.00,0.00,100.00,0.00,,pos,,cc,0.00,0.00,0.00,0.00,0.00,0.00,100.00,,
782,125.00,0.00,125.00,0.00,,pos,,cc,0.00,0.00,0.00,0.00,0.00,0.00,125.00,,
783,125.00,0.00,125.00,0.00,,pos,,cc,0.00,0.00,0.00,0.00,0.00,0.00,125.00,,
784,30.00,0.00,30.00,0.00,,pos,,cc,0.00,0.00,0.00,0.00,0.00,0.00,30.00,,
785,50.00,0.00,50.00,0.00,,pos,,cc,0.00,0.00,0.00,0.00,0.00,0.00,50.00,,
786,50.00,0.00,50.00,0.00,,pos,,cc,0.00,0.00,0.00,0.00,0.00,0.00,50.00,,
787,100.00,0.00,100.00,0.00,,pos,,cc,0.00,0.00,0.00,0.00,0.00,0.00,100.00,,
788,30.00,0.00,30.00,0.00,,pos,,cc,0.00,0.00,0.00,0.00,0.00,0.00,30.00,,
789,35.00,0.00,35.00,0.00,,pos,,cc,0.00,0.00,0.00,0.00,0.00,0.00,35.00,,
790,875.00,0.00,875.00,0.00,,pos,,cc,0.00,0.00,0.00,0.00,0.00,0.00,875.00,,
798,200.00,0.00,200.00,0.00,,pos,,cc,0.00,0.00,0.00,0.00,0.00,0.00,200.00,,
799,100.00,0.00,100.00,0.00,,pos,,cc,0.00,0.00,0.00,0.00,0.00,0.00,100.00,,
800,100.00,0.00,100.00,0.00,,pos,,cc,0.00,0.00,0.00,0.00,0.00,0.00,100.00,,
801,100.00,0.00,100.00,0.00,,pos,,cc,0.00,0.00,0.00,0.00,0.00,0.00,100.00,,
802,100.00,0.00,100.00,0.00,,pos,,cc,0.00,0.00,0.00,0.00,0.00,0.00,100.00,,
803,20.00,0.00,20.00,0.00,,pos,,cc,0.00,0.00,0.00,0.00,0.00,0.00,20.00,,
804,20.00,0.00,20.00,0.00,,pos,,cc,0.00,0.00,0.00,0.00,0.00,0.00,20.00,,
805,10.00,0.00,10.00,0.00,,pos,,cc,0.00,0.00,0.00,0.00,0.00,0.00,10.00,,
806,20.00,0.00,20.00,0.00,,pos,,cc,0.00,0.00,0.00,0.00,0.00,0.00,20.00,,
807,20.00,0.00,20.00,0.00,,pos,,cc,0.00,0.00,0.00,0.00,0.00,0.00,20.00,,
808,20.00,0.00,20.00,0.00,,pos,,cc,0.00,0.00,0.00,0.00,0.00,0.00,20.00,,
809,20.00,0.00,20.00,0.00,,pos,,cc,0.00,0.00,0.00,0.00,0.00,0.00,20.00,,
810,20.00,0.00,20.00,0.00,,pos,,cc,0.00,0.00,0.00,0.00,0.00,0.00,20.00,,
811,50.00,0.00,50.00,0.00,,pos,,cc,0.00,0.00,0.00,0.00,0.00,0.00,50.00,,
812,125.00,0.00,125.00,0.00,,pos,,cc,0.00,0.00,0.00,0.00,0.00,0.00,125.00,,
813,20.00,0.00,20.00,0.00,,pos,,cc,0.00,0.00,0.00,0.00,0.00,0.00,20.00,,
814,50.00,0.00,50.00,0.00,,pos,,cc,0.00,0.00,0.00,0.00,0.00,0.00,50.00,,
815,40.00,0.00,40.00,0.00,,pos,,cc,0.00,0.00,0.00,0.00,0.00,0.00,40.00,,
816,35.00,0.00,35.00,0.00,,pos,,cc,0.00,0.00,0.00,0.00,0.00,0.00,35.00,,
817,26.00,0.00,26.00,0.00,,pos,,cc,0.00,0.00,0.00,0.00,0.00,0.00,26.00,,
818,30.00,0.00,30.00,0.00,,pos,,cc,0.00,0.00,0.00,0.00,0.00,0.00,30.00,,
819,50.00,0.00,50.00,0.00,,pos,,cc,0.00,0.00,0.00,0.00,0.00,0.00,50.00,,
820,30.00,0.00,30.00,0.00,,pos,,cc,0.00,0.00,0.00,0.00,0.00,0.00,30.00,,
821,30.00,0.00,30.00,0.00,,pos,,cc,0.00,0.00,0.00,0.00,0.00,0.00,30.00,,
822,30.00,0.00,30.00,0.00,,pos,,cc,0.00,0.00,0.00,0.00,0.00,0.00,30.00,,
823,50.00,0.00,50.00,0.00,,pos,,cc,0.00,0.00,0.00,0.00,0.00,0.00,50.00,,
824,25.00,0.00,25.00,0.00,,pos,,cc,0.00,0.00,0.00,0.00,0.00,0.00,25.00,,
825,35.00,0.00,35.00,0.00,,pos,,cc,0.00,0.00,0.00,0.00,0.00,0.00,35.00,,
826,20.00,0.00,20.00,0.00,,pos,,cc,0.00,0.00,0.00,0.00,0.00,0.00,20.00,,
827,35.00,0.00,35.00,0.00,,pos,,cc,0.00,0.00,0.00,0.00,0.00,0.00,35.00,,
828,30.00,0.00,30.00,0.00,,pos,,cc,0.00,0.00,0.00,0.00,0.00,0.00,30.00,,
829,20.00,0.00,20.00,0.00,,pos,,cc,0.00,0.00,0.00,0.00,0.00,0.00,20.00,,
830,35.00,0.00,35.00,0.00,,pos,,cc,0.00,0.00,0.00,0.00,0.00,0.00,35.00,,
831,1.00,0.00,1.00,0.00,,pos,,cc,0.00,0.00,0.00,0.00,0.00,0.00,1.00,,
832,2.00,0.00,2.00,0.00,,pos,,cc,0.00,0.00,0.00,0.00,0.00,0.00,2.00,,
833,4.00,0.00,4.00,0.00,,pos,,cc,0.00,0.00,0.00,0.00,0.00,0.00,4.00,,
834,20.00,0.00,20.00,0.00,,pos,,cc,0.00,0.00,0.00,0.00,0.00,0.00,20.00,,
835,50.00,0.00,50.00,0.00,,pos,,cc,0.00,0.00,0.00,0.00,0.00,0.00,50.00,,
836,50.00,0.00,50.00,0.00,,pos,,cc,0.00,0.00,0.00,0.00,0.00,0.00,50.00,,
837,50.00,0.00,50.00,0.00,,pos,,cc,0.00,0.00,0.00,0.00,0.00,0.00,50.00,,
838,100.00,0.00,100.00,0.00,,pos,,cc,0.00,0.00,0.00,0.00,0.00,0.00,100.00,,
839,50.00,0.00,50.00,0.00,,pos,,cc,0.00,0.00,0.00,0.00,0.00,0.00,50.00,,
840,40.00,0.00,40.00,0.00,,pos,,cc,0.00,0.00,0.00,0.00,0.00,0.00,40.00,,
841,40.00,0.00,40.00,0.00,,pos,,cc,0.00,0.00,0.00,0.00,0.00,0.00,40.00,,
842,40.00,0.00,40.00,0.00,,pos,,cc,0.00,0.00,0.00,0.00,0.00,0.00,40.00,,
843,50.00,0.00,50.00,0.00,,pos,,cc,0.00,0.00,0.00,0.00,0.00,0.00,50.00,,
844,50.00,0.00,50.00,0.00,,pos,,cc,0.00,0.00,0.00,0.00,0.00,0.00,50.00,,
845,50.00,0.00,50.00,0.00,,pos,,cc,0.00,0.00,0.00,0.00,0.00,0.00,50.00,,
846,20.00,0.00,20.00,0.00,,pos,,cc,0.00,0.00,0.00,0.00,0.00,0.00,20.00,,
847,20.00,0.00,20.00,0.00,,pos,,cc,0.00,0.00,0.00,0.00,0.00,0.00,20.00,,
848,20.00,0.00,20.00,0.00,,pos,,cc,0.00,0.00,0.00,0.00,0.00,0.00,20.00,,
849,20.00,0.00,20.00,0.00,,pos,,cc,0.00,0.00,0.00,0.00,0.00,0.00,20.00,,
850,16.00,0.00,16.00,0.00,,pos,,cc,0.00,0.00,0.00,0.00,0.00,0.00,16.00,,
851,20.00,0.00,20.00,0.00,,pos,,cc,0.00,0.00,0.00,0.00,0.00,0.00,20.00,,
852,20.00,0.00,20.00,0.00,,pos,,cc,0.00,0.00,0.00,0.00,0.00,0.00,20.00,,
853,20.00,0.00,20.00,0.00,,pos,,cc,0.00,0.00,0.00,0.00,0.00,0.00,20.00,,
854,20.00,0.00,20.00,0.00,,pos,,cc,0.00,0.00,0.00,0.00,0.00,0.00,20.00,,
855,25.00,0.00,25.00,0.00,,pos,,cc,0.00,0.00,0.00,0.00,0.00,0.00,25.00,,
856,25.00,0.00,25.00,0.00,,pos,,cc,0.00,0.00,0.00,0.00,0.00,0.00,25.00,,
857,15.00,0.00,15.00,0.00,,pos,,cc,0.00,0.00,0.00,0.00,0.00,0.00,15.00,,
858,25.00,0.00,25.00,0.00,,pos,,cc,0.00,0.00,0.00,0.00,0.00,0.00,25.00,,
859,25.00,0.00,25.00,0.00,,pos,,cc,0.00,0.00,0.00,0.00,0.00,0.00,25.00,,
860,25.00,0.00,25.00,0.00,,pos,,cc,0.00,0.00,0.00,0.00,0.00,0.00,25.00,,
861,25.00,0.00,25.00,0.00,,pos,,cc,0.00,0.00,0.00,0.00,0.00,0.00,25.00,,
862,25.00,0.00,25.00,0.00,,pos,,cc,0.00,0.00,0.00,0.00,0.00,0.00,25.00,,
863,250.00,0.00,250.00,0.00,,pos,,cc,0.00,0.00,0.00,0.00,0.00,0.00,250.00,,
864,25.00,0.00,25.00,0.00,,pos,,cc,0.00,0.00,0.00,0.00,0.00,0.00,25.00,,
865,20.00,0.00,20.00,0.00,,pos,,cc,0.00,0.00,0.00,0.00,0.00,0.00,20.00,,
866,25.00,0.00,25.00,0.00,,pos,,cc,0.00,0.00,0.00,0.00,0.00,0.00,25.00,,
867,25.00,0.00,25.00,0.00,,pos,,cc,0.00,0.00,0.00,0.00,0.00,0.00,25.00,,
868,25.00,0.00,25.00,0.00,,pos,,cc,0.00,0.00,0.00,0.00,0.00,0.00,25.00,,
869,25.00,0.00,25.00,0.00,,pos,,cc,0.00,0.00,0.00,0.00,0.00,0.00,25.00,,
870,25.00,0.00,25.00,0.00,,pos,,cc,0.00,0.00,0.00,0.00,0.00,0.00,25.00,,
871,200.00,0.00,200.00,0.00,,pos,,cc,0.00,0.00,0.00,0.00,0.00,0.00,200.00,,
872,25.00,0.00,25.00,0.00,,pos,,cc,0.00,0.00,0.00,0.00,0.00,0.00,25.00,,
873,25.00,0.00,25.00,0.00,,pos,,cc,0.00,0.00,0.00,0.00,0.00,0.00,25.00,,
874,25.00,0.00,25.00,0.00,,pos,,cc,0.00,0.00,0.00,0.00,0.00,0.00,25.00,,
875,25.00,0.00,25.00,0.00,,pos,,cc,0.00,0.00,0.00,0.00,0.00,0.00,25.00,,
876,30.00,0.00,30.00,0.00,,pos,,cc,0.00,0.00,0.00,0.00,0.00,0.00,30.00,,
877,25.00,0.00,25.00,0.00,,pos,,cc,0.00,0.00,0.00,0.00,0.00,0.00,25.00,,
878,25.00,0.00,25.00,0.00,,pos,,cc,0.00,0.00,0.00,0.00,0.00,0.00,25.00,,
879,25.00,0.00,25.00,0.00,,pos,,cc,0.00,0.00,0.00,0.00,0.00,0.00,25.00,,
880,25.00,0.00,25.00,0.00,,pos,,cc,0.00,0.00,0.00,0.00,0.00,0.00,25.00,,
881,30.00,0.00,30.00,0.00,,pos,,cc,0.00,0.00,0.00,0.00,0.00,0.00,30.00,,
882,25.00,0.00,25.00,0.00,,pos,,cc,0.00,0.00,0.00,0.00,0.00,0.00,25.00,,
883,30.00,0.00,30.00,0.00,,pos,,cc,0.00,0.00,0.00,0.00,0.00,0.00,30.00,,
884,25.00,0.00,25.00,0.00,,pos,,cc,0.00,0.00,0.00,0.00,0.00,0.00,25.00,,
885,25.00,0.00,25.00,0.00,,pos,,cc,0.00,0.00,0.00,0.00,0.00,0.00,25.00,,
886,30.00,0.00,30.00,0.00,,pos,,cc,0.00,0.00,0.00,0.00,0.00,0.00,30.00,,
887,35.00,0.00,35.00,0.00,,pos,,cc,0.00,0.00,0.00,0.00,0.00,0.00,35.00,,
888,40.00,0.00,40.00,0.00,,pos,,cc,0.00,0.00,0.00,0.00,0.00,0.00,40.00,,
889,40.00,0.00,40.00,0.00,,pos,,cc,0.00,0.00,0.00,0.00,0.00,0.00,40.00,,
890,35.00,0.00,35.00,0.00,,pos,,cc,0.00,0.00,0.00,0.00,0.00,0.00,35.00,,
891,10.00,0.00,10.00,0.00,,pos,,cc,0.00,0.00,0.00,0.00,0.00,0.00,10.00,,
892,30.00,0.00,30.00,0.00,,pos,,cc,0.00,0.00,0.00,0.00,0.00,0.00,30.00,,
893,40.00,0.00,40.00,0.00,,pos,,cc,0.00,0.00,0.00,0.00,0.00,0.00,40.00,,
894,35.00,0.00,35.00,0.00,,pos,,cc,0.00,0.00,0.00,0.00,0.00,0.00,35.00,,
895,35.00,0.00,35.00,0.00,,pos,,cc,0.00,0.00,0.00,0.00,0.00,0.00,35.00,,
896,30.00,0.00,30.00,0.00,,pos,,cc,0.00,0.00,0.00,0.00,0.00,0.00,30.00,,
898,25.00,0.00,25.00,0.00,,pos,,cc,0.00,0.00,0.00,0.00,0.00,0.00,25.00,,
899,10.00,0.00,10.00,0.00,,pos,,cc,0.00,0.00,0.00,0.00,0.00,0.00,10.00,,
901,50.00,0.00,50.00,0.00,,pos,,cc,0.00,0.00,0.00,0.00,0.00,0.00,50.00,,
902,40.00,0.00,40.00,0.00,,pos,,cc,0.00,0.00,0.00,0.00,0.00,0.00,40.00,,
903,20.00,0.00,20.00,0.00,,pos,,cc,0.00,0.00,0.00,0.00,0.00,0.00,20.00,,
904,5.00,0.00,5.00,0.00,,pos,,cc,0.00,0.00,0.00,0.00,0.00,0.00,5.00,,
905,25.00,0.00,25.00,0.00,,pos,,cc,0.00,0.00,0.00,0.00,0.00,0.00,25.00,,
906,35.00,0.00,35.00,0.00,,pos,,cc,0.00,0.00,0.00,0.00,0.00,0.00,35.00,,
907,30.00,0.00,30.00,0.00,,pos,,cc,0.00,0.00,0.00,0.00,0.00,0.00,30.00,,
908,10.00,0.00,10.00,0.00,,pos,,cc,0.00,0.00,0.00,0.00,0.00,0.00,10.00,,
909,20.00,0.00,20.00,0.00,,pos,,cc,0.00,0.00,0.00,0.00,0.00,0.00,20.00,,
910,10.00,0.00,10.00,0.00,,pos,,cc,0.00,0.00,0.00,0.00,0.00,0.00,10.00,,
911,20.00,0.00,20.00,0.00,,pos,,cc,0.00,0.00,0.00,0.00,0.00,0.00,20.00,,
912,20.00,0.00,20.00,0.00,,pos,,cc,0.00,0.00,0.00,0.00,0.00,0.00,20.00,,
913,20.00,0.00,20.00,0.00,,pos,,cc,0.00,0.00,0.00,0.00,0.00,0.00,20.00,,
914,10.00,0.00,10.00,0.00,,pos,,cc,0.00,0.00,0.00,0.00,0.00,0.00,10.00,,
915,20.00,0.00,20.00,0.00,,pos,,cc,0.00,0.00,0.00,0.00,0.00,0.00,20.00,,
916,25.00,0.00,25.00,0.00,,pos,,cc,0.00,0.00,0.00,0.00,0.00,0.00,25.00,,
917,5.00,0.00,5.00,0.00,,pos,,cc,0.00,0.00,0.00,0.00,0.00,0.00,5.00,,
918,25.00,0.00,25.00,0.00,,pos,,cc,0.00,0.00,0.00,0.00,0.00,0.00,25.00,,
919,5.00,0.00,5.00,0.00,,pos,,cc,0.00,0.00,0.00,0.00,0.00,0.00,5.00,,
920,30.00,0.00,30.00,0.00,,pos,,cc,0.00,0.00,0.00,0.00,0.00,0.00,30.00,,
921,25.00,0.00,25.00,0.00,,pos,,cc,0.00,0.00,0.00,0.00,0.00,0.00,25.00,,
922,5.00,0.00,5.00,0.00,,pos,,cc,0.00,0.00,0.00,0.00,0.00,0.00,5.00,,
923,25.00,0.00,25.00,0.00,,pos,,cc,0.00,0.00,0.00,0.00,0.00,0.00,25.00,,
924,5.00,0.00,5.00,0.00,,pos,,cc,0.00,0.00,0.00,0.00,0.00,0.00,5.00,,
925,25.00,0.00,25.00,0.00,,pos,,cc,0.00,0.00,0.00,0.00,0.00,0.00,25.00,,
926,5.00,0.00,5.00,0.00,,pos,,cc,0.00,0.00,0.00,0.00,0.00,0.00,5.00,,
927,25.00,0.00,25.00,0.00,,pos,,cc,0.00,0.00,0.00,0.00,0.00,0.00,25.00,,
928,5.00,0.00,5.00,0.00,,pos,,cc,0.00,0.00,0.00,0.00,0.00,0.00,5.00,,
929,250.00,0.00,250.00,0.00,,pos,,cc,0.00,0.00,0.00,0.00,0.00,0.00,250.00,,
930,25.00,0.00,25.00,0.00,,pos,,cc,0.00,0.00,0.00,0.00,0.00,0.00,25.00,,
931,5.00,0.00,5.00,0.00,,pos,,cc,0.00,0.00,0.00,0.00,0.00,0.00,5.00,,
932,30.00,0.00,30.00,0.00,,pos,,cc,0.00,0.00,0.00,0.00,0.00,0.00,30.00,,
933,25.00,0.00,25.00,0.00,,pos,,cc,0.00,0.00,0.00,0.00,0.00,0.00,25.00,,
934,5.00,0.00,5.00,0.00,,pos,,cc,0.00,0.00,0.00,0.00,0.00,0.00,5.00,,
935,10.00,0.00,10.00,0.00,,pos,,cc,0.00,0.00,0.00,0.00,0.00,0.00,10.00,,
936,10.00,0.00,10.00,0.00,,pos,,cc,0.00,0.00,0.00,0.00,0.00,0.00,10.00,,
937,10.00,0.00,10.00,0.00,,pos,,cc,0.00,0.00,0.00,0.00,0.00,0.00,10.00,,
938,10.00,0.00,10.00,0.00,,pos,,cc,0.00,0.00,0.00,0.00,0.00,0.00,10.00,,
939,10.00,0.00,10.00,0.00,,pos,,cc,0.00,0.00,0.00,0.00,0.00,0.00,10.00,,
940,25.00,0.00,25.00,0.00,,pos,,cc,0.00,0.00,0.00,0.00,0.00,0.00,25.00,,
941,5.00,0.00,5.00,0.00,,pos,,cc,0.00,0.00,0.00,0.00,0.00,0.00,5.00,,
942,10.00,0.00,10.00,0.00,,pos,,cc,0.00,0.00,0.00,0.00,0.00,0.00,10.00,,
943,250.00,0.00,250.00,0.00,,pos,,cc,0.00,0.00,0.00,0.00,0.00,0.00,250.00,,
944,10.00,0.00,10.00,0.00,,pos,,cc,0.00,0.00,0.00,0.00,0.00,0.00,10.00,,
945,10.00,0.00,10.00,0.00,,pos,,cc,0.00,0.00,0.00,0.00,0.00,0.00,10.00,,
946,10.00,0.00,10.00,0.00,,pos,,cc,0.00,0.00,0.00,0.00,0.00,0.00,10.00,,
947,10.00,0.00,10.00,0.00,,pos,,cc,0.00,0.00,0.00,0.00,0.00,0.00,10.00,,
948,10.00,0.00,10.00,0.00,,pos,,cc,0.00,0.00,0.00,0.00,0.00,0.00,10.00,,
949,10.00,0.00,10.00,0.00,,pos,,cc,0.00,0.00,0.00,0.00,0.00,0.00,10.00,,
950,10.00,0.00,10.00,0.00,,pos,,cc,0.00,0.00,0.00,0.00,0.00,0.00,10.00,,
951,25.00,0.00,25.00,0.00,,pos,,cc,0.00,0.00,0.00,0.00,0.00,0.00,25.00,,
952,5.00,0.00,5.00,0.00,,pos,,cc,0.00,0.00,0.00,0.00,0.00,0.00,5.00,,
953,30.00,0.00,30.00,0.00,,pos,,cc,0.00,0.00,0.00,0.00,0.00,0.00,30.00,,
954,25.00,0.00,25.00,0.00,,pos,,cc,0.00,0.00,0.00,0.00,0.00,0.00,25.00,,
955,5.00,0.00,5.00,0.00,,pos,,cc,0.00,0.00,0.00,0.00,0.00,0.00,5.00,,
956,250.00,0.00,250.00,0.00,,pos,,cc,0.00,0.00,0.00,0.00,0.00,0.00,250.00,,
957,10.00,0.00,10.00,0.00,,pos,,cc,0.00,0.00,0.00,0.00,0.00,0.00,10.00,,
958,10.00,0.00,10.00,0.00,,pos,,cc,0.00,0.00,0.00,0.00,0.00,0.00,10.00,,
959,10.00,0.00,10.00,0.00,,pos,,cc,0.00,0.00,0.00,0.00,0.00,0.00,10.00,,
960,10.00,0.00,10.00,0.00,,pos,,cc,0.00,0.00,0.00,0.00,0.00,0.00,10.00,,
961,10.00,0.00,10.00,0.00,,pos,,cc,0.00,0.00,0.00,0.00,0.00,0.00,10.00,,
962,10.00,0.00,10.00,0.00,,pos,,cc,0.00,0.00,0.00,0.00,0.00,0.00,10.00,,
963,10.00,0.00,10.00,0.00,,pos,,cc,0.00,0.00,0.00,0.00,0.00,0.00,10.00,,
964,25.00,0.00,25.00,0.00,,pos,,cc,0.00,0.00,0.00,0.00,0.00,0.00,25.00,,
965,5.00,0.00,5.00,0.00,,pos,,cc,0.00,0.00,0.00,0.00,0.00,0.00,5.00,,
966,10.00,0.00,10.00,0.00,,pos,,cc,0.00,0.00,0.00,0.00,0.00,0.00,10.00,,
967,10.00,0.00,10.00,0.00,,pos,,cc,0.00,0.00,0.00,0.00,0.00,0.00,10.00,,
968,10.00,0.00,10.00,0.00,,pos,,cc,0.00,0.00,0.00,0.00,0.00,0.00,10.00,,
969,10.00,0.00,10.00,0.00,,pos,,cc,0.00,0.00,0.00,0.00,0.00,0.00,10.00,,
970,10.00,0.00,10.00,0.00,,pos,,cc,0.00,0.00,0.00,0.00,0.00,0.00,10.00,,
971,250.00,0.00,250.00,0.00,,pos,,cc,0.00,0.00,0.00,0.00,0.00,0.00,250.00,,
972,10.00,0.00,10.00,0.00,,pos,,cc,0.00,0.00,0.00,0.00,0.00,0.00,10.00,,
973,10.00,0.00,10.00,0.00,,pos,,cc,0.00,0.00,0.00,0.00,0.00,0.00,10.00,,
974,10.00,0.00,10.00,0.00,,pos,,cc,0.00,0.00,0.00,0.00,0.00,0.00,10.00,,
975,10.00,0.00,10.00,0.00,,pos,,cc,0.00,0.00,0.00,0.00,0.00,0.00,10.00,,
976,10.00,0.00,10.00,0.00,,pos,,cc,0.00,0.00,0.00,0.00,0.00,0.00,10.00,,
977,10.00,0.00,10.00,0.00,,pos,,cc,0.00,0.00,0.00,0.00,0.00,0.00,10.00,,
978,10.00,0.00,10.00,0.00,,pos,,cc,0.00,0.00,0.00,0.00,0.00,0.00,10.00,,
979,10.00,0.00,10.00,0.00,,pos,,cc,0.00,0.00,0.00,0.00,0.00,0.00,10.00,,
980,10.00,0.00,10.00,0.00,,pos,,cc,0.00,0.00,0.00,0.00,0.00,0.00,10.00,,
981,10.00,0.00,10.00,0.00,,pos,,cc,0.00,0.00,0.00,0.00,0.00,0.00,10.00,,
982,10.00,0.00,10.00,0.00,,pos,,cc,0.00,0.00,0.00,0.00,0.00,0.00,10.00,,
983,10.00,0.00,10.00,0.00,,pos,,cc,0.00,0.00,0.00,0.00,0.00,0.00,10.00,,
984,10.00,0.00,10.00,0.00,,pos,,cc,0.00,0.00,0.00,0.00,0.00,0.00,10.00,,
985,10.00,0.00,10.00,0.00,,pos,,cc,0.00,0.00,0.00,0.00,0.00,0.00,10.00,,
986,10.00,0.00,10.00,0.00,,pos,,cc,0.00,0.00,0.00,0.00,0.00,0.00,10.00,,
987,10.00,0.00,10.00,0.00,,pos,,cc,0.00,0.00,0.00,0.00,0.00,0.00,10.00,,
988,10.00,0.00,10.00,0.00,,pos,,cc,0.00,0.00,0.00,0.00,0.00,0.00,10.00,,
989,10.00,0.00,10.00,0.00,,pos,,cc,0.00,0.00,0.00,0.00,0.00,0.00,10.00,,
990,10.00,0.00,10.00,0.00,,pos,,cc,0.00,0.00,0.00,0.00,0.00,0.00,10.00,,
991,10.00,0.00,10.00,0.00,,pos,,cc,0.00,0.00,0.00,0.00,0.00,0.00,10.00,,
992,10.00,0.00,10.00,0.00,,pos,,cc,0.00,0.00,0.00,0.00,0.00,0.00,10.00,,
993,10.00,0.00,10.00,0.00,,pos,,cc,0.00,0.00,0.00,0.00,0.00,0.00,10.00,,
994,10.00,0.00,10.00,0.00,,pos,,cc,0.00,0.00,0.00,0.00,0.00,0.00,10.00,,
995,10.00,0.00,10.00,0.00,,pos,,cc,0.00,0.00,0.00,0.00,0.00,0.00,10.00,,
996,10.00,0.00,10.00,0.00,,pos,,cc,0.00,0.00,0.00,0.00,0.00,0.00,10.00,,
997,10.00,0.00,10.00,0.00,,pos,,cc,0.00,0.00,0.00,0.00,0.00,0.00,10.00,,
998,10.00,0.00,10.00,0.00,,pos,,cc,0.00,0.00,0.00,0.00,0.00,0.00,10.00,,
999,10.00,0.00,10.00,0.00,,pos,,cc,0.00,0.00,0.00,0.00,0.00,0.00,10.00,,
1000,10.00,0.00,10.00,0.00,,pos,,cc,0.00,0.00,0.00,0.00,0.00,0.00,10.00,,
1001,10.00,0.00,10.00,0.00,,pos,,cc,0.00,0.00,0.00,0.00,0.00,0.00,10.00,,
1002,10.00,0.00,10.00,0.00,,pos,,cc,0.00,0.00,0.00,0.00,0.00,0.00,10.00,,
1003,10.00,0.00,10.00,0.00,,pos,,cc,0.00,0.00,0.00,0.00,0.00,0.00,10.00,,
1004,10.00,0.00,10.00,0.00,,pos,,cc,0.00,0.00,0.00,0.00,0.00,0.00,10.00,,
1005,10.00,0.00,10.00,0.00,,pos,,cc,0.00,0.00,0.00,0.00,0.00,0.00,10.00,,
1006,10.00,0.00,10.00,0.00,,pos,,cc,0.00,0.00,0.00,0.00,0.00,0.00,10.00,,
1007,10.00,0.00,10.00,0.00,,pos,,cc,0.00,0.00,0.00,0.00,0.00,0.00,10.00,,
1008,10.00,0.00,10.00,0.00,,pos,,cc,0.00,0.00,0.00,0.00,0.00,0.00,10.00,,
1009,10.00,0.00,10.00,0.00,,pos,,cc,0.00,0.00,0.00,0.00,0.00,0.00,10.00,,
1010,10.00,0.00,10.00,0.00,,pos,,cc,0.00,0.00,0.00,0.00,0.00,0.00,10.00,,
1011,10.00,0.00,10.00,0.00,,pos,,cc,0.00,0.00,0.00,0.00,0.00,0.00,10.00,,
1012,10.00,0.00,10.00,0.00,,pos,,cc,0.00,0.00,0.00,0.00,0.00,0.00,10.00,,
1013,10.00,0.00,10.00,0.00,,pos,,cc,0.00,0.00,0.00,0.00,0.00,0.00,10.00,,
1014,10.00,0.00,10.00,0.00,,pos,,cc,0.00,0.00,0.00,0.00,0.00,0.00,10.00,,
1015,10.00,0.00,10.00,0.00,,pos,,cc,0.00,0.00,0.00,0.00,0.00,0.00,10.00,,
1016,10.00,0.00,10.00,0.00,,pos,,cc,0.00,0.00,0.00,0.00,0.00,0.00,10.00,,
1017,10.00,0.00,10.00,0.00,,pos,,cc,0.00,0.00,0.00,0.00,0.00,0.00,10.00,,
1018,10.00,0.00,10.00,0.00,,pos,,cc,0.00,0.00,0.00,0.00,0.00,0.00,10.00,,
1019,10.00,0.00,10.00,0.00,,pos,,cc,0.00,0.00,0.00,0.00,0.00,0.00,10.00,,
1020,10.00,0.00,10.00,0.00,,pos,,cc,0.00,0.00,0.00,0.00,0.00,0.00,10.00,,
1021,35.00,0.00,35.00,0.00,,pos,,cc,0.00,0.00,0.00,0.00,0.00,0.00,35.00,,
1022,15.00,0.00,15.00,0.00,,pos,,cc,0.00,0.00,0.00,0.00,0.00,0.00,15.00,,
1023,10.00,0.00,10.00,0.00,,pos,,cc,0.00,0.00,0.00,0.00,0.00,0.00,10.00,,
1024,10.00,0.00,10.00,0.00,,pos,,cc,0.00,0.00,0.00,0.00,0.00,0.00,10.00,,
1025,10.00,0.00,10.00,0.00,,pos,,cc,0.00,0.00,0.00,0.00,0.00,0.00,10.00,,
1026,10.00,0.00,10.00,0.00,,pos,,cc,0.00,0.00,0.00,0.00,0.00,0.00,10.00,,
1027,10.00,0.00,10.00,0.00,,pos,,cc,0.00,0.00,0.00,0.00,0.00,0.00,10.00,,
1028,10.00,0.00,10.00,0.00,,pos,,cc,0.00,0.00,0.00,0.00,0.00,0.00,10.00,,
1029,10.00,0.00,10.00,0.00,,pos,,cc,0.00,0.00,0.00,0.00,0.00,0.00,10.00,,
1030,10.00,0.00,10.00,0.00,,pos,,cc,0.00,0.00,0.00,0.00,0.00,0.00,10.00,,
1031,8610.77,0.00,8610.77,0.00,,pos,,cc,0.00,0.00,0.00,0.00,0.00,0.00,8610.77,,
1032,20.00,0.00,20.00,0.00,,pos,,cc,0.00,0.00,0.00,0.00,0.00,0.00,20.00,,
1033,20.00,0.00,20.00,0.00,,pos,,cc,0.00,0.00,0.00,0.00,0.00,0.00,20.00,,
1034,20.00,0.00,20.00,0.00,,pos,,cc,0.00,0.00,0.00,0.00,0.00,0.00,20.00,,
1035,20.00,0.00,20.00,0.00,,pos,,cc,0.00,0.00,0.00,0.00,0.00,0.00,20.00,,
1036,20.00,0.00,20.00,0.00,,pos,,cc,0.00,0.00,0.00,0.00,0.00,0.00,20.00,,
1037,20.00,0.00,20.00,0.00,,pos,,cc,0.00,0.00,0.00,0.00,0.00,0.00,20.00,,
1038,20.00,0.00,20.00,0.00,,pos,,cc,0.00,0.00,0.00,0.00,0.00,0.00,20.00,,
1039,20.00,0.00,20.00,0.00,,pos,,cc,0.00,0.00,0.00,0.00,0.00,0.00,20.00,,
1040,1.00,0.00,1.00,0.00,,pos,,cc,0.00,0.00,0.00,0.00,0.00,0.00,1.00,,
1041,22.00,0.00,22.00,0.00,,pos,,cc,0.00,0.00,0.00,0.00,0.00,0.00,22.00,,
1042,30.00,0.00,30.00,0.00,,pos,,cc,0.00,0.00,0.00,0.00,0.00,0.00,30.00,,
1043,25.00,0.00,25.00,0.00,,pos,,cc,0.00,0.00,0.00,0.00,0.00,0.00,25.00,,
1044,25.00,0.00,25.00,0.00,,pos,,cc,0.00,0.00,0.00,0.00,0.00,0.00,25.00,,
1045,25.00,0.00,25.00,0.00,,pos,,cc,0.00,0.00,0.00,0.00,0.00,0.00,25.00,,
1046,25.00,0.00,25.00,0.00,,pos,,cc,0.00,0.00,0.00,0.00,0.00,0.00,25.00,,
1047,25.00,0.00,25.00,0.00,,pos,,cc,0.00,0.00,0.00,0.00,0.00,0.00,25.00,,
1048,25.00,0.00,25.00,0.00,,pos,,cc,0.00,0.00,0.00,0.00,0.00,0.00,25.00,,
1049,25.00,0.00,25.00,0.00,,pos,,cc,0.00,0.00,0.00,0.00,0.00,0.00,25.00,,
1050,50.00,0.00,50.00,0.00,,pos,,cc,0.00,0.00,0.00,0.00,0.00,0.00,50.00,,
1051,25.00,0.00,25.00,0.00,,pos,,cc,0.00,0.00,0.00,0.00,0.00,0.00,25.00,,
1052,50.00,0.00,50.00,0.00,,pos,,cc,0.00,0.00,0.00,0.00,0.00,0.00,50.00,,
1053,35.00,0.00,35.00,0.00,,pos,,cc,0.00,0.00,0.00,0.00,0.00,0.00,35.00,,
1054,125.00,0.00,125.00,0.00,,pos,,cc,0.00,0.00,0.00,0.00,0.00,0.00,125.00,,
1055,20.00,0.00,20.00,0.00,,pos,,cc,0.00,0.00,0.00,0.00,0.00,0.00,20.00,,
1056,25.00,0.00,25.00,0.00,,pos,,cc,0.00,0.00,0.00,0.00,0.00,0.00,25.00,,
1057,50.00,0.00,50.00,0.00,,pos,,cc,0.00,0.00,0.00,0.00,0.00,0.00,50.00,,
1058,20.00,0.00,20.00,0.00,,pos,,cc,0.00,0.00,0.00,0.00,0.00,0.00,20.00,,
1059,60.00,0.00,60.00,0.00,,pos,,cc,0.00,0.00,0.00,0.00,0.00,0.00,60.00,,
1060,20.00,0.00,20.00,0.00,,pos,,cc,0.00,0.00,0.00,0.00,0.00,0.00,20.00,,
1061,30.00,0.00,30.00,0.00,,pos,,cc,0.00,0.00,0.00,0.00,0.00,0.00,30.00,,
1062,25.00,0.00,25.00,0.00,,pos,,cc,0.00,0.00,0.00,0.00,0.00,0.00,25.00,,
1063,25.00,0.00,25.00,0.00,,pos,,cc,0.00,0.00,0.00,0.00,0.00,0.00,25.00,,
1064,20.00,0.00,20.00,0.00,,pos,,cc,0.00,0.00,0.00,0.00,0.00,0.00,20.00,,
1065,20.00,0.00,20.00,0.00,,pos,,cc,0.00,0.00,0.00,0.00,0.00,0.00,20.00,,
1066,25.00,0.00,25.00,0.00,,pos,,cc,0.00,0.00,0.00,0.00,0.00,0.00,25.00,,
1067,20.00,0.00,20.00,0.00,,pos,,cc,0.00,0.00,0.00,0.00,0.00,0.00,20.00,,
1068,20.00,0.00,20.00,0.00,,pos,,cc,0.00,0.00,0.00,0.00,0.00,0.00,20.00,,
1069,20.00,0.00,20.00,0.00,,pos,,cc,0.00,0.00,0.00,0.00,0.00,0.00,20.00,,
1070,20.00,0.00,20.00,0.00,,pos,,cc,0.00,0.00,0.00,0.00,0.00,0.00,20.00,,
1071,15.00,0.00,15.00,0.00,,pos,,cc,0.00,0.00,0.00,0.00,0.00,0.00,15.00,,
1072,25.00,0.00,25.00,0.00,,pos,,cc,0.00,0.00,0.00,0.00,0.00,0.00,25.00,,
1073,20.00,0.00,20.00,0.00,,pos,,cc,0.00,0.00,0.00,0.00,0.00,0.00,20.00,,
1074,20.00,0.00,20.00,0.00,,pos,,cc,0.00,0.00,0.00,0.00,0.00,0.00,20.00,,
1075,25.00,0.00,25.00,0.00,,pos,,cc,0.00,0.00,0.00,0.00,0.00,0.00,25.00,,
1076,1.00,0.00,1.00,0.00,,pos,,cc,0.00,0.00,0.00,0.00,0.00,0.00,1.00,,
1077,13.00,0.00,13.00,0.00,,pos,,cc,0.00,0.00,0.00,0.00,0.00,0.00,13.00,,
1078,25.00,0.00,25.00,0.00,,pos,,cc,0.00,0.00,0.00,0.00,0.00,0.00,25.00,,
1079,50.00,0.00,50.00,0.00,,pos,,cc,0.00,0.00,0.00,0.00,0.00,0.00,50.00,,
1080,25.00,0.00,25.00,0.00,,pos,,cc,0.00,0.00,0.00,0.00,0.00,0.00,25.00,,
1081,25.00,0.00,25.00,0.00,,pos,,cc,0.00,0.00,0.00,0.00,0.00,0.00,25.00,,
1082,15.00,0.00,15.00,0.00,,pos,,cc,0.00,0.00,0.00,0.00,0.00,0.00,15.00,,
1083,10.00,0.00,10.00,0.00,,pos,,cc,0.00,0.00,0.00,0.00,0.00,0.00,10.00,,
1084,20.00,0.00,20.00,0.00,,pos,,cc,0.00,0.00,0.00,0.00,0.00,0.00,20.00,,
1085,30.00,0.00,30.00,0.00,,pos,,cc,0.00,0.00,0.00,0.00,0.00,0.00,30.00,,
1086,35.00,0.00,35.00,0.00,,pos,,cc,0.00,0.00,0.00,0.00,0.00,0.00,35.00,,
1087,15.00,0.00,15.00,0.00,,pos,,cc,0.00,0.00,0.00,0.00,0.00,0.00,15.00,,
1088,100.00,0.00,100.00,0.00,,pos,,cc,0.00,0.00,0.00,0.00,0.00,0.00,100.00,,
1089,100.00,0.00,100.00,0.00,,pos,,cc,0.00,0.00,0.00,0.00,0.00,0.00,100.00,,
1090,20.00,0.00,20.00,0.00,,pos,,cc,0.00,0.00,0.00,0.00,0.00,0.00,20.00,,
1091,25.00,0.00,25.00,0.00,,pos,,cc,0.00,0.00,0.00,0.00,0.00,0.00,25.00,,
1092,25.00,0.00,25.00,0.00,,pos,,cc,0.00,0.00,0.00,0.00,0.00,0.00,25.00,,
1093,20.00,0.00,20.00,0.00,,pos,,cc,0.00,0.00,0.00,0.00,0.00,0.00,20.00,,
1094,20.00,0.00,20.00,0.00,,pos,,cc,0.00,0.00,0.00,0.00,0.00,0.00,20.00,,
1095,15.00,0.00,15.00,0.00,,pos,,cc,0.00,0.00,0.00,0.00,0.00,0.00,15.00,,
1096,20.00,0.00,20.00,0.00,,pos,,cc,0.00,0.00,0.00,0.00,0.00,0.00,20.00,,
1097,20.00,0.00,20.00,0.00,,pos,,cc,0.00,0.00,0.00,0.00,0.00,0.00,20.00,,
1098,20.00,0.00,20.00,0.00,,pos,,cc,0.00,0.00,0.00,0.00,0.00,0.00,20.00,,
1099,25.00,0.00,25.00,0.00,,pos,,cc,0.00,0.00,0.00,0.00,0.00,0.00,25.00,,
1100,50.00,0.00,50.00,0.00,,pos,,cc,0.00,0.00,0.00,0.00,0.00,0.00,50.00,,
1101,50.00,0.00,50.00,0.00,,pos,,cc,0.00,0.00,0.00,0.00,0.00,0.00,50.00,,
1102,25.00,0.00,25.00,0.00,,pos,,cc,0.00,0.00,0.00,0.00,0.00,0.00,25.00,,
1103,50.00,0.00,50.00,0.00,,pos,,cc,0.00,0.00,0.00,0.00,0.00,0.00,50.00,,
1104,25.00,0.00,25.00,0.00,,pos,,cc,0.00,0.00,0.00,0.00,0.00,0.00,25.00,,
1105,25.00,0.00,25.00,0.00,,pos,,cc,0.00,0.00,0.00,0.00,0.00,0.00,25.00,,
1106,35.00,0.00,35.00,0.00,,pos,,cc,0.00,0.00,0.00,0.00,0.00,0.00,35.00,,
1107,20.00,0.00,20.00,0.00,,pos,,cc,0.00,0.00,0.00,0.00,0.00,0.00,20.00,,
1108,10.00,0.00,10.00,0.00,,pos,,cc,0.00,0.00,0.00,0.00,0.00,0.00,10.00,,
1109,35.00,0.00,35.00,0.00,,pos,,cc,0.00,0.00,0.00,0.00,0.00,0.00,35.00,,
1110,35.00,0.00,35.00,0.00,,pos,,cc,0.00,0.00,0.00,0.00,0.00,0.00,35.00,,
1111,65.00,0.00,65.00,0.00,,pos,,cc,0.00,0.00,0.00,0.00,0.00,0.00,65.00,,
1112,435.00,0.00,435.00,0.00,,pos,,cc,0.00,0.00,0.00,0.00,0.00,0.00,435.00,,
1113,2000.00,0.00,2000.00,0.00,,pos,,cc,0.00,0.00,0.00,0.00,0.00,0.00,2000.00,,
1114,2000.00,0.00,2000.00,0.00,,pos,,cc,0.00,0.00,0.00,0.00,0.00,0.00,2000.00,,
1115,965.00,0.00,965.00,0.00,,pos,,cc,0.00,0.00,0.00,0.00,0.00,0.00,965.00,,
1116,4000.00,0.00,4000.00,0.00,,pos,,cc,0.00,0.00,0.00,0.00,0.00,0.00,4000.00,,
1117,35.00,0.00,35.00,0.00,,pos,,cc,0.00,0.00,0.00,0.00,0.00,0.00,35.00,,
1118,2000.00,0.00,2000.00,0.00,,pos,,cc,0.00,0.00,0.00,0.00,0.00,0.00,2000.00,,
1119,35.00,0.00,35.00,0.00,,pos,,cc,0.00,0.00,0.00,0.00,0.00,0.00,35.00,,
1120,1000.00,0.00,1000.00,0.00,,pos,,cc,0.00,0.00,0.00,0.00,0.00,0.00,1000.00,,
1121,2035.00,0.00,2035.00,0.00,,pos,,cc,0.00,0.00,0.00,0.00,0.00,0.00,2035.00,,
145655,135.00,0.00,135.00,0.00,,pos,,cc,0.00,0.00,0.00,0.00,0.00,0.00,135.00,,
145733,100.00,0.00,100.00,0.00,,pos,,cc,0.00,0.00,0.00,0.00,0.00,0.00,100.00,,
145893,100.00,0.00,100.00,0.00,,pos,,cc,0.00,0.00,0.00,0.00,0.00,0.00,100.00,,
146005,100.00,0.00,100.00,0.00,,pos,,cc,0.00,0.00,0.00,0.00,0.00,0.00,100.00,,
146138,20.00,0.00,20.00,0.00,,pos,,cc,0.00,0.00,0.00,0.00,0.00,0.00,20.00,,
146605,20.00,0.00,20.00,0.00,,pos,,cc,0.00,0.00,0.00,0.00,0.00,0.00,20.00,,
147428,20.00,0.00,20.00,0.00,,pos,,cc,0.00,0.00,0.00,0.00,0.00,0.00,20.00,,
148130,20.00,0.00,20.00,0.00,,pos,,cc,0.00,0.00,0.00,0.00,0.00,0.00,20.00,,
148177,35.00,0.00,35.00,0.00,,pos,,cc,0.00,0.00,0.00,0.00,0.00,0.00,35.00,,
148974,1000.00,0.00,1000.00,0.00,,pos,,cc,0.00,0.00,0.00,0.00,0.00,0.00,1000.00,,
149234,27.00,0.00,27.00,1.69,,pos,,cc,0.00,0.00,0.00,0.00,0.00,0.00,28.69,,
149235,27.00,0.00,27.00,1.69,,pos,,cc,0.00,0.00,0.00,0.00,0.00,0.00,28.69,,
149236,27.00,0.00,27.00,1.69,,pos,,cc,0.00,0.00,0.00,0.00,0.00,0.00,28.69,,
149237,27.00,0.00,27.00,1.69,,pos,,cc,0.00,0.00,0.00,0.00,0.00,0.00,28.69,,
149510,20.00,0.00,20.00,0.00,,pos,,cc,0.00,0.00,0.00,0.00,0.00,0.00,20.00,,
150006,35.00,0.00,35.00,0.00,,pos,,cc,0.00,0.00,0.00,0.00,0.00,0.00,35.00,,
150291,20.00,0.00,20.00,0.00,,pos,,cc,0.00,0.00,0.00,0.00,0.00,0.00,20.00,,
150324,35.00,0.00,35.00,0.00,,pos,,cc,0.00,0.00,0.00,0.00,0.00,0.00,35.00,,
150874,20.00,0.00,20.00,0.00,,pos,,cc,0.00,0.00,0.00,0.00,0.00,0.00,20.00,,
151299,35.00,0.00,35.00,0.00,,pos,,cc,0.00,0.00,0.00,0.00,0.00,0.00,35.00,,
151414,20.00,0.00,20.00,0.00,,pos,,cc,0.00,0.00,0.00,0.00,0.00,0.00,20.00,,
152272,20.00,0.00,20.00,0.00,,pos,,cc,0.00,0.00,0.00,0.00,0.00,0.00,20.00,,
152724,200.00,0.00,200.00,0.00,,pos,,cc,0.00,0.00,0.00,0.00,0.00,0.00,200.00,,
152757,36.00,0.00,36.00,2.25,8.00,pos,,cc,0.00,0.00,0.00,0.00,0.00,0.00,46.25,,
152758,36.00,0.00,36.00,2.25,8.00,pos,,cc,0.00,0.00,0.00,0.00,0.00,0.00,46.25,,
152759,36.00,0.00,36.00,2.25,8.00,pos,,cc,0.00,0.00,0.00,0.00,0.00,0.00,46.25,,
152906,20.00,0.00,20.00,0.00,,pos,,cc,0.00,0.00,0.00,0.00,0.00,0.00,20.00,,
153001,100.00,0.00,100.00,0.00,,pos,,cc,0.00,0.00,0.00,0.00,0.00,0.00,100.00,,
153261,1000.00,0.00,1000.00,0.00,,pos,,cc,0.00,0.00,0.00,0.00,0.00,0.00,1000.00,,
153596,30.00,0.00,30.00,0.00,,pos,,cc,0.00,0.00,0.00,0.00,0.00,0.00,30.00,,
154075,500.00,0.00,500.00,0.00,,pos,,cc,0.00,0.00,0.00,0.00,0.00,0.00,500.00,,
154148,20.00,0.00,20.00,0.00,,pos,,cc,0.00,0.00,0.00,0.00,0.00,0.00,20.00,,
154559,100.00,0.00,100.00,0.00,,pos,,cc,0.00,0.00,0.00,0.00,0.00,0.00,100.00,,
154614,25.00,0.00,25.00,0.00,,pos,,cc,0.00,0.00,0.00,0.00,0.00,0.00,25.00,,
155133,20.00,0.00,20.00,0.00,,pos,,cc,0.00,0.00,0.00,0.00,0.00,0.00,20.00,,
155238,76.00,0.00,76.00,0.00,8.00,pos,,cc,0.00,0.00,0.00,0.00,0.00,0.00,84.00,,
155239,76.00,0.00,76.00,0.00,8.00,pos,,cc,0.00,0.00,0.00,0.00,0.00,0.00,84.00,,
155240,76.00,0.00,76.00,0.00,8.00,pos,,cc,0.00,0.00,0.00,0.00,0.00,0.00,84.00,,
155241,76.00,0.00,76.00,0.00,8.00,pos,,cc,0.00,0.00,0.00,0.00,0.00,0.00,84.00,,
155242,76.00,0.00,76.00,0.00,8.00,pos,,cc,0.00,0.00,0.00,0.00,0.00,0.00,84.00,,
155641,20.00,0.00,20.00,0.00,,pos,,cc,0.00,0.00,0.00,0.00,0.00,0.00,20.00,,
156581,20.00,0.00,20.00,0.00,,pos,,cc,0.00,0.00,0.00,0.00,0.00,0.00,20.00,,
156926,36.00,0.00,36.00,2.25,,pos,,cc,0.00,0.00,0.00,0.00,0.00,0.00,38.25,,
156927,36.00,0.00,36.00,2.25,,pos,,cc,0.00,0.00,0.00,0.00,0.00,0.00,38.25,,
157230,27.00,0.00,27.00,1.69,8.00,pos,,cc,0.00,0.00,0.00,0.00,0.00,0.00,36.69,,
157231,27.00,0.00,27.00,1.69,8.00,pos,,cc,0.00,0.00,0.00,0.00,0.00,0.00,36.69,,
157232,27.00,0.00,27.00,1.69,8.00,pos,,cc,0.00,0.00,0.00,0.00,0.00,0.00,36.69,,
157236,36.00,0.00,36.00,0.00,8.00,pos,,cc,0.00,0.00,0.00,0.00,0.00,0.00,44.00,,
157237,36.00,0.00,36.00,0.00,8.00,pos,,cc,0.00,0.00,0.00,0.00,0.00,0.00,44.00,,
157511,20.00,0.00,20.00,0.00,,pos,,cc,0.00,0.00,0.00,0.00,0.00,0.00,20.00,,
158371,36.00,0.00,36.00,0.00,44.15,pos,,cc,0.00,0.00,0.00,0.00,0.00,0.00,80.15,,
158372,36.00,0.00,36.00,0.00,44.15,pos,,cc,0.00,0.00,0.00,0.00,0.00,0.00,80.15,,
158440,20.00,0.00,20.00,0.00,,pos,,cc,0.00,0.00,0.00,0.00,0.00,0.00,20.00,,
158529,40.00,0.00,40.00,0.00,,pos,,cc,0.00,0.00,0.00,0.00,0.00,0.00,40.00,,
159454,40.00,0.00,40.00,0.00,,pos,,cc,0.00,0.00,0.00,0.00,0.00,0.00,40.00,,
159743,20.00,0.00,20.00,0.00,,pos,,cc,0.00,0.00,0.00,0.00,0.00,0.00,20.00,,
160481,20.00,0.00,20.00,0.00,,pos,,cc,0.00,0.00,0.00,0.00,0.00,0.00,20.00,,
161172,20.00,0.00,20.00,0.00,,pos,,cc,0.00,0.00,0.00,0.00,0.00,0.00,20.00,,
161615,1000.00,0.00,1000.00,0.00,,pos,,cc,0.00,0.00,0.00,0.00,0.00,0.00,1000.00,,
161682,40.00,0.00,40.00,0.00,,pos,,cc,0.00,0.00,0.00,0.00,0.00,0.00,40.00,,
161771,1025.00,0.00,1025.00,0.00,,pos,,cc,0.00,0.00,0.00,0.00,0.00,0.00,1025.00,,
161826,20.00,0.00,20.00,0.00,,pos,,cc,0.00,0.00,0.00,0.00,0.00,0.00,20.00,,
161877,40.00,0.00,40.00,0.00,,pos,,cc,0.00,0.00,0.00,0.00,0.00,0.00,40.00,,
162575,72.00,0.00,72.00,0.00,11.50,pos,,cc,0.00,0.00,0.00,0.00,0.00,0.00,83.50,,
162604,20.00,0.00,20.00,0.00,,pos,,cc,0.00,0.00,0.00,0.00,0.00,0.00,20.00,,
163729,40.00,0.00,40.00,0.00,,pos,,cc,0.00,0.00,0.00,0.00,0.00,0.00,40.00,,
163775,20.00,0.00,20.00,0.00,,pos,,cc,0.00,0.00,0.00,0.00,0.00,0.00,20.00,,
165335,20.00,0.00,20.00,0.00,,pos,,cc,0.00,0.00,0.00,0.00,0.00,0.00,20.00,,
165458,13.50,0.00,13.50,0.00,4.39,pos,,cc,0.00,0.00,0.00,0.00,0.00,0.00,17.89,,
165461,500.00,0.00,500.00,0.00,,pos,,cc,0.00,0.00,0.00,0.00,0.00,0.00,500.00,,
165608,14.40,0.00,14.40,0.00,4.39,pos,,cc,0.00,0.00,0.00,0.00,0.00,0.00,18.79,,
165884,250.00,0.00,250.00,0.00,,pos,,cc,0.00,0.00,0.00,0.00,0.00,0.00,250.00,,
166083,200.00,0.00,200.00,0.00,,pos,,cc,0.00,0.00,0.00,0.00,0.00,0.00,200.00,,
166314,20.00,0.00,20.00,0.00,,pos,,cc,0.00,0.00,0.00,0.00,0.00,0.00,20.00,,
166883,20.00,0.00,20.00,0.00,,pos,,cc,0.00,0.00,0.00,0.00,0.00,0.00,20.00,,
167841,20.00,0.00,20.00,0.00,,pos,,cc,0.00,0.00,0.00,0.00,0.00,0.00,20.00,,
168281,20.00,0.00,20.00,0.00,,pos,,cc,0.00,0.00,0.00,0.00,0.00,0.00,20.00,,
168759,20.00,0.00,20.00,0.00,,pos,,cc,0.00,0.00,0.00,0.00,0.00,0.00,20.00,,
169220,20.00,0.00,20.00,0.00,,pos,,cc,0.00,0.00,0.00,0.00,0.00,0.00,20.00,,
169374,75.00,0.00,75.00,0.00,,pos,,cc,0.00,0.00,0.00,0.00,0.00,0.00,75.00,,
170200,20.00,0.00,20.00,0.00,,pos,,cc,0.00,0.00,0.00,0.00,0.00,0.00,20.00,,
171146,20.00,0.00,20.00,0.00,,pos,,cc,0.00,0.00,0.00,0.00,0.00,0.00,20.00,,
171269,50.00,0.00,50.00,0.00,,pos,,cc,0.00,0.00,0.00,0.00,0.00,0.00,50.00,,
171718,40.00,0.00,40.00,0.00,,pos,,cc,0.00,0.00,0.00,0.00,0.00,0.00,40.00,,
171832,20.00,0.00,20.00,0.00,,pos,,cc,0.00,0.00,0.00,0.00,0.00,0.00,20.00,,
172209,2000.00,0.00,2000.00,0.00,,pos,,cc,0.00,0.00,0.00,0.00,0.00,0.00,2000.00,,
172313,40.00,0.00,40.00,0.00,,pos,,cc,0.00,0.00,0.00,0.00,0.00,0.00,40.00,,
172520,20.00,0.00,20.00,0.00,,pos,,cc,0.00,0.00,0.00,0.00,0.00,0.00,20.00,,
173296,20.00,0.00,20.00,0.00,,pos,,cc,0.00,0.00,0.00,0.00,0.00,0.00,20.00,,
173371,100.00,0.00,100.00,0.00,,pos,,cc,0.00,0.00,0.00,0.00,0.00,0.00,100.00,,
174568,1000.00,0.00,1000.00,0.00,,pos,,cc,0.00,0.00,0.00,0.00,0.00,0.00,1000.00,,
174631,20.00,0.00,20.00,0.00,,pos,,cc,0.00,0.00,0.00,0.00,0.00,0.00,20.00,,
175394,500.00,0.00,500.00,0.00,,pos,,cc,0.00,0.00,0.00,0.00,0.00,0.00,500.00,,
175533,225.00,0.00,225.00,0.00,,pos,,cc,0.00,0.00,0.00,0.00,0.00,0.00,225.00,,
175579,2000.00,0.00,2000.00,0.00,,pos,,cc,0.00,0.00,0.00,0.00,0.00,0.00,2000.00,,
175910,20.00,0.00,20.00,0.00,,pos,,cc,0.00,0.00,0.00,0.00,0.00,0.00,20.00,,
176482,20.00,0.00,20.00,0.00,,pos,,cc,0.00,0.00,0.00,0.00,0.00,0.00,20.00,,
177336,20.00,0.00,20.00,0.00,,pos,,cc,0.00,0.00,0.00,0.00,0.00,0.00,20.00,,
177902,75.00,0.00,75.00,0.00,,pos,,cc,0.00,0.00,0.00,0.00,0.00,0.00,75.00,,
178068,1029.20,0.00,1029.20,0.00,,pos,,cc,0.00,0.00,0.00,0.00,0.00,0.00,1029.20,,
180823,2000.00,0.00,2000.00,0.00,,pos,,cc,0.00,0.00,0.00,0.00,0.00,0.00,2000.00,,
181056,40.00,0.00,40.00,0.00,,pos,,cc,0.00,0.00,0.00,0.00,0.00,0.00,40.00,,
181845,40.00,0.00,40.00,0.00,,pos,,cc,0.00,0.00,0.00,0.00,0.00,0.00,40.00,,
185170,1000.00,0.00,1000.00,0.00,,pos,,cc,0.00,0.00,0.00,0.00,0.00,0.00,1000.00,,
185678,1000.00,0.00,1000.00,0.00,,pos,,cc,0.00,0.00,0.00,0.00,0.00,0.00,1000.00,,
186233,250.00,0.00,250.00,0.00,,pos,,cc,0.00,0.00,0.00,0.00,0.00,0.00,250.00,,
187496,28.00,0.00,28.00,0.00,6.25,pos,,cc,0.00,0.00,0.00,0.00,0.00,0.00,34.25,,
187693,40.00,0.00,40.00,0.00,,pos,,cc,0.00,0.00,0.00,0.00,0.00,0.00,40.00,,
192176,40.00,0.00,40.00,0.00,,pos,,cc,0.00,0.00,0.00,0.00,0.00,0.00,40.00,,
194360,1000.00,0.00,1000.00,0.00,,pos,,cc,0.00,0.00,0.00,0.00,0.00,0.00,1000.00,,
196561,200.00,0.00,200.00,0.00,,pos,,cc,0.00,0.00,0.00,0.00,0.00,0.00,200.00,,
196956,1200.00,0.00,1200.00,0.00,,pos,,cc,0.00,0.00,0.00,0.00,0.00,0.00,1200.00,,
202958,40.00,0.00,40.00,0.00,,pos,,cc,0.00,0.00,0.00,0.00,0.00,0.00,40.00,,
204647,1000.00,0.00,1000.00,0.00,,pos,,cc,0.00,0.00,0.00,0.00,0.00,0.00,1000.00,,
205927,1000.00,0.00,1000.00,0.00,,pos,,cc,0.00,0.00,0.00,0.00,0.00,0.00,1000.00,,
207992,100.00,0.00,100.00,0.00,,pos,,cc,0.00,0.00,0.00,0.00,0.00,0.00,100.00,,
215576,40.00,0.00,40.00,0.00,,pos,,cc,0.00,0.00,0.00,0.00,0.00,0.00,40.00,,
217925,1000.00,0.00,1000.00,0.00,,pos,,cc,0.00,0.00,0.00,0.00,0.00,0.00,1000.00,,
218479,290.00,0.00,290.00,0.00,6.05,pos,,cc,0.00,0.00,0.00,0.00,0.00,0.00,296.05,,
219817,1000.00,0.00,1000.00,0.00,,pos,,cc,0.00,0.00,0.00,0.00,0.00,0.00,1000.00,,
220003,336.00,0.00,336.00,0.00,6.05,pos,,cc,0.00,0.00,0.00,0.00,0.00,0.00,342.05,,
227006,40.00,0.00,40.00,0.00,,pos,,cc,0.00,0.00,0.00,0.00,0.00,0.00,40.00,,
228915,500.00,0.00,500.00,0.00,,pos,,cc,0.00,0.00,0.00,0.00,0.00,0.00,500.00,,
229153,120.00,0.00,120.00,0.00,20.10,pos,,cc,0.00,0.00,0.00,0.00,0.00,0.00,140.10,,
231615,2000.00,0.00,2000.00,0.00,,pos,,cc,0.00,0.00,0.00,0.00,0.00,0.00,2000.00,,
231688,1500.00,0.00,1500.00,0.00,,pos,,cc,0.00,0.00,0.00,0.00,0.00,0.00,1500.00,,
232400,2200.00,0.00,2200.00,0.00,,pos,,cc,0.00,0.00,0.00,0.00,0.00,0.00,2200.00,,
233508,41.46,0.00,41.46,0.00,,pos,,cc,0.00,0.00,0.00,0.00,0.00,0.00,41.46,,
234600,159.70,0.00,159.70,7.48,20.05,pos,,cc,0.00,0.00,0.00,0.00,0.00,0.00,187.23,,
234601,40.00,0.00,40.00,0.00,,pos,,cc,0.00,0.00,0.00,0.00,0.00,0.00,40.00,,
234602,75.00,0.00,75.00,0.00,,pos,,cc,0.00,0.00,0.00,0.00,0.00,0.00,75.00,,
234603,125.00,0.00,125.00,0.00,,pos,,cc,0.00,0.00,0.00,0.00,0.00,0.00,125.00,,
234604,40.00,0.00,40.00,0.00,,pos,,cc,0.00,0.00,0.00,0.00,0.00,0.00,40.00,,
234605,55.00,0.00,55.00,0.00,7.13,pos,,cc,0.00,0.00,0.00,0.00,0.00,0.00,62.13,,
234608,54.00,0.00,54.00,0.00,6.44,pos,,cc,0.00,0.00,0.00,0.00,0.00,0.00,60.44,,
234611,103.19,0.00,103.19,0.00,,pos,,cc,0.00,0.00,0.00,0.00,0.00,0.00,103.19,,
234614,103.19,0.00,103.19,0.00,,pos,,cc,0.00,0.00,0.00,0.00,0.00,0.00,103.19,,
234617,257.53,0.00,257.53,0.00,,pos,,cc,0.00,0.00,0.00,0.00,0.00,0.00,257.53,,
234620,180.00,0.00,180.00,0.00,9.14,pos,,cc,0.00,0.00,0.00,0.00,0.00,0.00,189.14,,
234625,38.44,0.00,38.44,0.00,5.83,pos,,cc,0.00,0.00,0.00,0.00,0.00,0.00,44.27,,
234628,20.00,0.00,20.00,0.00,6.36,pos,,cc,0.00,0.00,0.00,0.00,0.00,0.00,26.36,,
234631,40.00,0.00,40.00,0.00,,pos,,cc,0.00,0.00,0.00,0.00,0.00,0.00,40.00,,
234632,160.00,0.00,160.00,0.00,10.67,pos,,cc,0.00,0.00,0.00,0.00,0.00,0.00,170.67,,
234636,5.00,0.00,5.00,0.31,,pos,,cc,0.00,0.00,0.00,0.00,0.00,0.00,5.31,,
234639,94.00,0.00,94.00,0.00,6.74,pos,,cc,0.00,0.00,0.00,0.00,0.00,0.00,100.74,,
234644,60.00,0.00,60.00,0.00,6.74,pos,,cc,0.00,0.00,0.00,0.00,0.00,0.00,66.74,,
234647,24.00,0.00,24.00,0.00,7.69,pos,,cc,0.00,0.00,0.00,0.00,0.00,0.00,31.69,,
234650,120.00,0.00,120.00,0.00,10.40,pos,,cc,0.00,0.00,0.00,0.00,0.00,0.00,130.40,,
234654,103.19,0.00,103.19,0.00,,pos,,cc,0.00,0.00,0.00,0.00,0.00,0.00,103.19,,
234658,40.00,0.00,40.00,0.00,,pos,,cc,0.00,0.00,0.00,0.00,0.00,0.00,40.00,,
234659,50.00,0.00,50.00,0.00,,pos,,cc,0.00,0.00,0.00,0.00,0.00,0.00,50.00,,
234660,100.00,0.00,100.00,0.00,,pos,,cc,0.00,0.00,0.00,0.00,0.00,0.00,100.00,,
234664,144.90,0.00,144.90,0.00,,pos,,cc,0.00,0.00,0.00,0.00,0.00,0.00,144.90,,
234669,100.00,0.00,100.00,0.00,,pos,,cc,0.00,0.00,0.00,0.00,0.00,0.00,100.00,,
234670,250.00,0.00,250.00,0.00,,pos,,cc,0.00,0.00,0.00,0.00,0.00,0.00,250.00,,
234671,250.00,0.00,250.00,0.00,,pos,,cc,0.00,0.00,0.00,0.00,0.00,0.00,250.00,,
234672,20.00,0.00,20.00,0.00,,pos,,cc,0.00,0.00,0.00,0.00,0.00,0.00,20.00,,
234673,50.00,0.00,50.00,0.00,,pos,,cc,0.00,0.00,0.00,0.00,0.00,0.00,50.00,,
234673,50.00,0.00,50.00,0.00,,pos,,cc,0.00,0.00,0.00,0.00,0.00,0.00,50.00,,
234674,50.00,0.00,50.00,0.00,,pos,,cc,0.00,0.00,0.00,0.00,0.00,0.00,50.00,,
234675,40.00,0.00,40.00,0.00,,pos,,cc,0.00,0.00,0.00,0.00,0.00,0.00,40.00,,
234676,40.00,0.00,40.00,0.00,,pos,,cc,0.00,0.00,0.00,0.00,0.00,0.00,40.00,,
234677,40.00,0.00,40.00,0.00,,pos,,cc,0.00,0.00,0.00,0.00,0.00,0.00,40.00,,
234678,55.00,0.00,55.00,0.00,7.13,pos,,cc,0.00,0.00,0.00,0.00,0.00,0.00,62.13,,
234681,40.00,0.00,40.00,0.00,,pos,,cc,0.00,0.00,0.00,0.00,0.00,0.00,40.00,,
234682,88.60,0.00,88.60,3.04,,pos,,cc,0.00,0.00,0.00,0.00,0.00,0.00,91.64,,
234683,41.46,0.00,41.46,0.00,,pos,,cc,0.00,0.00,0.00,0.00,0.00,0.00,41.46,,
234686,9.00,0.00,9.00,0.00,6.56,pos,,cc,0.00,0.00,0.00,0.00,0.00,0.00,15.56,,
234689,40.00,0.00,40.00,0.00,12.87,pos,,cc,0.00,0.00,0.00,0.00,0.00,0.00,52.87,,
234692,144.65,0.00,144.65,0.00,,pos,,cc,0.00,0.00,0.00,0.00,0.00,0.00,144.65,,
234698,1500.00,0.00,1500.00,0.00,,pos,,cc,0.00,0.00,0.00,0.00,0.00,0.00,1500.00,,
234699,109.00,0.00,109.00,0.00,9.25,pos,,cc,0.00,0.00,0.00,0.00,0.00,0.00,118.25,,
234700,111.80,0.00,111.80,4.49,,pos,,cc,0.00,0.00,0.00,0.00,0.00,0.00,116.29,,
234701,142.58,0.00,142.58,6.41,,pos,,cc,0.00,0.00,0.00,0.00,0.00,0.00,148.99,,
234702,40.00,0.00,40.00,0.00,,pos,,cc,0.00,0.00,0.00,0.00,0.00,0.00,40.00,,
234703,41.46,0.00,41.46,0.00,,pos,,cc,0.00,0.00,0.00,0.00,0.00,0.00,41.46,,
234706,100.00,0.00,100.00,0.00,10.65,pos,,cc,0.00,0.00,0.00,0.00,0.00,0.00,110.65,,
234709,10.00,0.00,10.00,6.88,8.08,pos,,cc,0.00,0.00,0.00,0.00,0.00,0.00,24.96,,
234716,14.95,0.00,14.95,0.93,,pos,,cc,0.00,0.00,0.00,0.00,0.00,0.00,15.88,,
234719,54.00,0.00,54.00,0.00,6.44,pos,,cc,0.00,0.00,0.00,0.00,0.00,0.00,60.44,,
234722,40.00,0.00,40.00,0.00,,pos,,cc,0.00,0.00,0.00,0.00,0.00,0.00,40.00,,
234746,27.00,0.00,27.00,0.00,,pos,,cc,0.00,0.00,0.00,0.00,0.00,0.00,27.00,,
234750,40.00,0.00,40.00,0.00,,pos,,cc,0.00,0.00,0.00,0.00,0.00,0.00,40.00,,
234751,42.30,0.00,42.30,2.64,,pos,,cc,0.00,0.00,0.00,0.00,0.00,0.00,44.94,,
234757,10.80,0.00,10.80,0.68,,pos,,cc,0.00,0.00,0.00,0.00,0.00,0.00,11.48,,
234761,21.99,0.00,21.99,1.37,,pos,,cc,0.00,0.00,0.00,0.00,0.00,0.00,23.36,,
234766,36.00,0.00,36.00,2.25,,pos,,cc,0.00,0.00,0.00,0.00,0.00,0.00,38.25,,
234769,33.30,0.00,33.30,2.08,,pos,,cc,0.00,0.00,0.00,0.00,0.00,0.00,35.38,,
234772,72.32,0.00,72.32,0.00,,pos,,cc,0.00,0.00,0.00,0.00,0.00,0.00,72.32,,
234775,76.45,0.00,76.45,4.78,,pos,,cc,0.00,0.00,0.00,0.00,0.00,0.00,81.23,,
234780,365.00,0.00,365.00,0.00,,pos,,cc,0.00,0.00,0.00,0.00,0.00,0.00,365.00,,
234781,3000.00,0.00,3000.00,0.00,,pos,,cc,0.00,0.00,0.00,0.00,0.00,0.00,3000.00,,
234782,250.00,0.00,250.00,0.00,,pos,,cc,0.00,0.00,0.00,0.00,0.00,0.00,250.00,,
234783,100.00,0.00,100.00,0.00,,pos,,cc,0.00,0.00,0.00,0.00,0.00,0.00,100.00,,
234784,12.00,0.00,12.00,0.75,,pos,,cc,0.00,0.00,0.00,0.00,0.00,0.00,12.75,,
234787,100.00,0.00,100.00,0.00,,pos,,cc,0.00,0.00,0.00,0.00,0.00,0.00,100.00,,
234788,50.00,0.00,50.00,0.00,,pos,,cc,0.00,0.00,0.00,0.00,0.00,0.00,50.00,,
234789,50.00,0.00,50.00,0.00,,pos,,cc,0.00,0.00,0.00,0.00,0.00,0.00,50.00,,
234790,50.00,0.00,50.00,0.00,,pos,,cc,0.00,0.00,0.00,0.00,0.00,0.00,50.00,,
234791,17.10,0.00,17.10,1.07,,pos,,cc,0.00,0.00,0.00,0.00,0.00,0.00,18.17,,
234795,12.00,0.00,12.00,0.75,,pos,,cc,0.00,0.00,0.00,0.00,0.00,0.00,12.75,,
234798,150.00,0.00,150.00,0.00,,pos,,cc,0.00,0.00,0.00,0.00,0.00,0.00,150.00,,
234799,60.00,0.00,60.00,1.25,,pos,,cc,0.00,0.00,0.00,0.00,0.00,0.00,61.25,,
234804,50.00,0.00,50.00,0.00,,pos,,cc,0.00,0.00,0.00,0.00,0.00,0.00,50.00,,
234805,55.00,0.00,55.00,3.44,,pos,,cc,0.00,0.00,0.00,0.00,0.00,0.00,58.44,,
234808,40.00,0.00,40.00,0.00,,pos,,cc,0.00,0.00,0.00,0.00,0.00,0.00,40.00,,
234809,50.00,0.00,50.00,0.00,,pos,,cc,0.00,0.00,0.00,0.00,0.00,0.00,50.00,,
234810,191.00,0.00,191.00,3.19,,pos,,cc,0.00,0.00,0.00,0.00,0.00,0.00,194.19,,
234817,32.00,0.00,32.00,0.00,6.52,pos,,cc,0.00,0.00,0.00,0.00,0.00,0.00,38.52,,
234820,12.81,0.00,12.81,0.00,,pos,,cc,0.00,0.00,0.00,0.00,0.00,0.00,12.81,,
234822,104.18,0.00,104.18,0.00,,pos,,cc,0.00,0.00,0.00,0.00,0.00,0.00,104.18,,
234825,85.87,0.00,85.87,0.00,,pos,,cc,0.00,0.00,0.00,0.00,0.00,0.00,85.87,,
234828,30.00,0.00,30.00,0.00,,pos,,cc,0.00,0.00,0.00,0.00,0.00,0.00,30.00,,
234830,30.00,0.00,30.00,0.00,,pos,,cc,0.00,0.00,0.00,0.00,0.00,0.00,30.00,,
234832,12.81,0.00,12.81,0.00,,pos,,cc,0.00,0.00,0.00,0.00,0.00,0.00,12.81,,
234833,900.00,0.00,900.00,0.00,,pos,,cc,0.00,0.00,0.00,0.00,0.00,0.00,900.00,,
234834,108.00,0.00,108.00,6.75,,pos,,cc,0.00,0.00,0.00,0.00,0.00,0.00,114.75,,
234839,32.50,0.00,32.50,2.03,6.00,pos,,cc,0.00,0.00,0.00,0.00,0.00,0.00,40.53,,
234844,39.00,0.00,39.00,1.50,,pos,,cc,0.00,0.00,0.00,0.00,0.00,0.00,40.50,,
234849,201.60,0.00,201.60,10.35,,pos,,cc,0.00,0.00,0.00,0.00,0.00,0.00,211.95,,
234865,53.10,0.00,53.10,3.32,,pos,,cc,0.00,0.00,0.00,0.00,0.00,0.00,56.42,,
234869,60.00,0.00,60.00,3.75,11.58,pos,,cc,0.00,0.00,0.00,0.00,0.00,0.00,75.33,,
234874,45.00,0.00,45.00,2.81,,pos,,cc,0.00,0.00,0.00,0.00,0.00,0.00,47.81,,
234879,206.10,0.00,206.10,10.41,,pos,,cc,0.00,0.00,0.00,0.00,0.00,0.00,216.51,,
234887,168.00,0.00,168.00,10.50,,pos,,cc,0.00,0.00,0.00,0.00,0.00,0.00,178.50,,
234891,147.00,0.00,147.00,9.19,,pos,,cc,0.00,0.00,0.00,0.00,0.00,0.00,156.19,,
234904,24.00,0.00,24.00,1.50,,pos,,cc,0.00,0.00,0.00,0.00,0.00,0.00,25.50,,
234907,52.00,0.00,52.00,3.25,,pos,,cc,0.00,0.00,0.00,0.00,0.00,0.00,55.25,,
234914,36.00,0.00,36.00,2.25,,pos,,cc,0.00,0.00,0.00,0.00,0.00,0.00,38.25,,
234921,32.40,0.00,32.40,2.03,,pos,,cc,0.00,0.00,0.00,0.00,0.00,0.00,34.43,,
234928,87.30,0.00,87.30,4.61,10.65,pos,,cc,0.00,0.00,0.00,0.00,0.00,0.00,102.56,,
234938,80.00,0.00,80.00,4.06,,pos,,cc,0.00,0.00,0.00,0.00,0.00,0.00,84.06,,
234944,114.00,0.00,114.00,7.13,,pos,,cc,0.00,0.00,0.00,0.00,0.00,0.00,121.13,,
234951,13.00,0.00,13.00,0.81,,pos,,cc,0.00,0.00,0.00,0.00,0.00,0.00,13.81,,
234955,44.05,0.00,44.05,2.75,,pos,,cc,0.00,0.00,0.00,0.00,0.00,0.00,46.80,,
234959,71.10,0.00,71.10,4.44,,pos,,cc,0.00,0.00,0.00,0.00,0.00,0.00,75.54,,
234964,24.00,0.00,24.00,0.00,8.40,pos,,cc,0.00,0.00,0.00,0.00,0.00,0.00,32.40,,
234968,10.00,0.00,10.00,0.63,,pos,,cc,0.00,0.00,0.00,0.00,0.00,0.00,10.63,,
234971,10.00,0.00,10.00,0.63,,pos,,cc,0.00,0.00,0.00,0.00,0.00,0.00,10.63,,
234974,20.00,0.00,20.00,1.25,,pos,,cc,0.00,0.00,0.00,0.00,0.00,0.00,21.25,,
234977,44.10,0.00,44.10,2.08,,pos,,cc,0.00,0.00,0.00,0.00,0.00,0.00,46.18,,
234983,78.30,0.00,78.30,4.89,,pos,,cc,0.00,0.00,0.00,0.00,0.00,0.00,83.19,,
234991,18.00,0.00,18.00,1.13,,pos,,cc,0.00,0.00,0.00,0.00,0.00,0.00,19.13,,
234994,54.00,0.00,54.00,0.00,6.74,pos,,cc,0.00,0.00,0.00,0.00,0.00,0.00,60.74,,
234997,10.00,0.00,10.00,0.00,6.74,pos,,cc,0.00,0.00,0.00,0.00,0.00,0.00,16.74,,
235000,15.00,0.00,15.00,0.00,,pos,,cc,0.00,0.00,0.00,0.00,0.00,0.00,15.00,,
235001,60.00,0.00,60.00,0.00,,pos,,cc,0.00,0.00,0.00,0.00,0.00,0.00,60.00,,
235002,40.00,0.00,40.00,0.00,,pos,,cc,0.00,0.00,0.00,0.00,0.00,0.00,40.00,,
235003,76.00,0.00,76.00,2.25,,pos,,cc,0.00,0.00,0.00,0.00,0.00,0.00,78.25,,
235004,103.19,0.00,103.19,0.00,,pos,,cc,0.00,0.00,0.00,0.00,0.00,0.00,103.19,,
235007,154.64,0.00,154.64,0.00,,pos,,cc,0.00,0.00,0.00,0.00,0.00,0.00,154.64,,
235010,206.08,0.00,206.08,0.00,,pos,,cc,0.00,0.00,0.00,0.00,0.00,0.00,206.08,,
235014,40.00,0.00,40.00,0.00,,pos,,cc,0.00,0.00,0.00,0.00,0.00,0.00,40.00,,
235015,85.00,0.00,85.00,2.81,,pos,,cc,0.00,0.00,0.00,0.00,0.00,0.00,87.81,,
235016,50.80,0.00,50.80,0.68,,pos,,cc,0.00,0.00,0.00,0.00,0.00,0.00,51.48,,
235017,208.30,0.00,208.30,10.52,,pos,,cc,0.00,0.00,0.00,0.00,0.00,0.00,218.82,,
235018,103.19,0.00,103.19,0.00,,pos,,cc,0.00,0.00,0.00,0.00,0.00,0.00,103.19,,
235021,18.00,0.00,18.00,1.13,,pos,,cc,0.00,0.00,0.00,0.00,0.00,0.00,19.13,,
235024,50.00,0.00,50.00,0.00,,pos,,cc,0.00,0.00,0.00,0.00,0.00,0.00,50.00,,
235025,100.00,0.00,100.00,0.00,,pos,,cc,0.00,0.00,0.00,0.00,0.00,0.00,100.00,,
235026,300.00,0.00,300.00,0.00,,pos,,cc,0.00,0.00,0.00,0.00,0.00,0.00,300.00,,
235027,72.00,0.00,72.00,1.25,,pos,,cc,0.00,0.00,0.00,0.00,0.00,0.00,73.25,,
235036,40.00,0.00,40.00,2.50,,pos,,cc,0.00,0.00,0.00,0.00,0.00,0.00,42.50,,
235040,51.00,0.00,51.00,3.19,,pos,,cc,0.00,0.00,0.00,0.00,0.00,0.00,54.19,,
235045,26.00,0.00,26.00,1.63,,pos,,cc,0.00,0.00,0.00,0.00,0.00,0.00,27.63,,
235048,20.70,0.00,20.70,1.29,,pos,,cc,0.00,0.00,0.00,0.00,0.00,0.00,21.99,,
235052,37.80,0.00,37.80,2.36,,pos,,cc,0.00,0.00,0.00,0.00,0.00,0.00,40.16,,
235057,108.00,0.00,108.00,6.75,,pos,,cc,0.00,0.00,0.00,0.00,0.00,0.00,114.75,,
235064,96.95,0.00,96.95,0.00,20.57,pos,,cc,0.00,0.00,0.00,0.00,0.00,0.00,117.52,,
235070,2.00,0.00,2.00,0.00,,pos,,cc,0.00,0.00,0.00,0.00,0.00,0.00,2.00,,
235073,77.47,0.00,77.47,0.00,,pos,,cc,0.00,0.00,0.00,0.00,0.00,0.00,77.47,,
235076,21.60,0.00,21.60,0.25,,pos,,cc,0.00,0.00,0.00,0.00,0.00,0.00,21.85,,
235080,100.00,0.00,100.00,0.00,,pos,,cc,0.00,0.00,0.00,0.00,0.00,0.00,100.00,,
235083,200.00,0.00,200.00,0.00,,pos,,cc,0.00,0.00,0.00,0.00,0.00,0.00,200.00,,
235084,100.00,0.00,100.00,0.00,,pos,,cc,0.00,0.00,0.00,0.00,0.00,0.00,100.00,,
235085,100.00,0.00,100.00,0.00,,pos,,cc,0.00,0.00,0.00,0.00,0.00,0.00,100.00,,
235086,100.00,0.00,100.00,0.00,,pos,,cc,0.00,0.00,0.00,0.00,0.00,0.00,100.00,,
235087,100.00,0.00,100.00,0.00,,pos,,cc,0.00,0.00,0.00,0.00,0.00,0.00,100.00,,
235088,100.00,0.00,100.00,0.00,,pos,,cc,0.00,0.00,0.00,0.00,0.00,0.00,100.00,,
235089,100.00,0.00,100.00,0.00,,pos,,cc,0.00,0.00,0.00,0.00,0.00,0.00,100.00,,
235090,50.00,0.00,50.00,0.00,,pos,,cc,0.00,0.00,0.00,0.00,0.00,0.00,50.00,,
235091,30.00,0.00,30.00,0.00,,pos,,cc,0.00,0.00,0.00,0.00,0.00,0.00,30.00,,
235092,25.00,0.00,25.00,0.00,,pos,,cc,0.00,0.00,0.00,0.00,0.00,0.00,25.00,,
235093,8.10,0.00,8.10,0.51,,pos,,cc,0.00,0.00,0.00,0.00,0.00,0.00,8.61,,
235096,19.80,0.00,19.80,0.00,,pos,,cc,0.00,0.00,0.00,0.00,0.00,0.00,19.80,,
235097,117.00,0.00,117.00,5.06,,pos,,cc,0.00,0.00,0.00,0.00,0.00,0.00,122.06,,
235104,101.70,0.00,101.70,6.36,,pos,,cc,0.00,0.00,0.00,0.00,0.00,0.00,108.06,,
235116,100.00,0.00,100.00,6.25,,pos,,cc,0.00,0.00,0.00,0.00,0.00,0.00,106.25,,
235123,15.00,0.00,15.00,0.94,,pos,,cc,0.00,0.00,0.00,0.00,0.00,0.00,15.94,,
235131,141.32,0.00,141.32,0.00,12.97,pos,,cc,0.00,0.00,0.00,0.00,0.00,0.00,154.29,,
235135,4121.10,0.00,4121.10,0.00,,pos,,cc,0.00,0.00,0.00,0.00,0.00,0.00,4121.10,,
235136,100.00,0.00,100.00,0.00,,pos,,cc,0.00,0.00,0.00,0.00,0.00,0.00,100.00,,
235137,100.00,0.00,100.00,0.00,,pos,,cc,0.00,0.00,0.00,0.00,0.00,0.00,100.00,,
235138,50.00,0.00,50.00,0.00,,pos,,cc,0.00,0.00,0.00,0.00,0.00,0.00,50.00,,
235139,25.00,0.00,25.00,0.00,,pos,,cc,0.00,0.00,0.00,0.00,0.00,0.00,25.00,,
235140,68.40,0.00,68.40,2.02,,pos,,cc,0.00,0.00,0.00,0.00,0.00,0.00,70.42,,
235145,13.50,0.00,13.50,0.84,,pos,,cc,0.00,0.00,0.00,0.00,0.00,0.00,14.34,,
235150,50.00,0.00,50.00,0.00,,pos,,cc,0.00,0.00,0.00,0.00,0.00,0.00,50.00,,
235151,103.19,0.00,103.19,0.00,,pos,,cc,0.00,0.00,0.00,0.00,0.00,0.00,103.19,,
235154,46.60,0.00,46.60,0.00,,pos,,cc,0.00,0.00,0.00,0.00,0.00,0.00,46.60,,
235162,90.00,0.00,90.00,0.00,,pos,,cc,0.00,0.00,0.00,0.00,0.00,0.00,90.00,,
235163,90.00,0.00,90.00,0.00,,pos,,cc,0.00,0.00,0.00,0.00,0.00,0.00,90.00,,
235164,41.46,0.00,41.46,0.00,,pos,,cc,0.00,0.00,0.00,0.00,0.00,0.00,41.46,,
235167,1029.20,0.00,1029.20,0.00,,pos,,cc,0.00,0.00,0.00,0.00,0.00,0.00,1029.20,,
235168,200.00,0.00,200.00,0.00,,pos,,cc,0.00,0.00,0.00,0.00,0.00,0.00,200.00,,
235171,200.00,0.00,200.00,0.00,,pos,,cc,0.00,0.00,0.00,0.00,0.00,0.00,200.00,,
235172,26.02,0.00,26.02,0.00,,pos,,cc,0.00,0.00,0.00,0.00,0.00,0.00,26.02,,
235173,41.46,0.00,41.46,0.00,,pos,,cc,0.00,0.00,0.00,0.00,0.00,0.00,41.46,,
235178,41.46,0.00,41.46,0.00,,pos,,cc,0.00,0.00,0.00,0.00,0.00,0.00,41.46,,
235180,113.32,0.00,113.38,4.59,,pos,,cc,0.00,0.00,0.00,0.00,0.00,0.00,117.97,,
235182,10.00,0.00,10.00,0.00,,pos,,cc,0.00,0.00,0.00,0.00,0.00,0.00,10.00,,
235183,90.00,0.00,90.00,0.00,,pos,,cc,0.00,0.00,0.00,0.00,0.00,0.00,90.00,,
235184,10.59,0.00,10.59,0.00,,pos,,cc,0.00,0.00,0.00,0.00,0.00,0.00,10.59,,
235186,10.00,0.00,10.00,0.00,,pos,,cc,0.00,0.00,0.00,0.00,0.00,0.00,10.00,,
235188,75.00,0.00,75.00,0.00,,pos,,cc,0.00,0.00,0.00,0.00,0.00,0.00,75.00,,
235189,50.00,0.00,50.00,0.00,,pos,,cc,0.00,0.00,0.00,0.00,0.00,0.00,50.00,,
235190,10.00,0.00,10.00,0.00,,pos,,cc,0.00,0.00,0.00,0.00,0.00,0.00,10.00,,
235191,40.00,0.00,40.00,0.00,,pos,,cc,0.00,0.00,0.00,0.00,0.00,0.00,40.00,,
235193,40.00,0.00,40.00,0.00,,pos,,cc,0.00,0.00,0.00,0.00,0.00,0.00,40.00,,
235194,72.85,0.00,72.85,1.88,,pos,,cc,0.00,0.00,0.00,0.00,0.00,0.00,74.73,,
235195,41.46,0.00,41.46,0.00,,pos,,cc,0.00,0.00,0.00,0.00,0.00,0.00,41.46,,
235196,51.75,0.00,51.75,0.00,,pos,,cc,0.00,0.00,0.00,0.00,0.00,0.00,51.75,,
235199,75.00,0.00,75.00,0.00,,pos,,cc,0.00,0.00,0.00,0.00,0.00,0.00,75.00,,
235202,10.00,0.00,10.00,0.00,,pos,,cc,0.00,0.00,0.00,0.00,0.00,0.00,10.00,,
235203,93.06,0.00,93.06,0.00,,pos,,cc,0.00,0.00,0.00,0.00,0.00,0.00,93.06,,
235204,34.00,0.00,34.00,0.00,10.95,pos,,cc,0.00,0.00,0.00,0.00,0.00,0.00,44.95,,
235206,40.00,0.00,40.00,0.00,,pos,,cc,0.00,0.00,0.00,0.00,0.00,0.00,40.00,,
235208,26.02,0.00,26.02,0.00,,pos,,cc,0.00,0.00,0.00,0.00,0.00,0.00,26.02,,
235210,76.00,0.00,76.00,0.00,16.40,pos,,cc,0.00,0.00,0.00,0.00,0.00,0.00,92.40,,
235212,200.00,0.00,200.00,0.00,,pos,,cc,0.00,0.00,0.00,0.00,0.00,0.00,200.00,,
235213,250.00,0.00,250.00,0.00,,pos,,cc,0.00,0.00,0.00,0.00,0.00,0.00,250.00,,
235214,1000.00,0.00,1000.00,0.00,,pos,,cc,0.00,0.00,0.00,0.00,0.00,0.00,1000.00,,
235215,40.00,0.00,40.00,0.00,,pos,,cc,0.00,0.00,0.00,0.00,0.00,0.00,40.00,,
235216,500.00,0.00,500.00,0.00,,pos,,cc,0.00,0.00,0.00,0.00,0.00,0.00,500.00,,
235217,250.00,0.00,250.00,0.00,,pos,,cc,0.00,0.00,0.00,0.00,0.00,0.00,250.00,,
235218,250.00,0.00,250.00,0.00,,pos,,cc,0.00,0.00,0.00,0.00,0.00,0.00,250.00,,
235219,100.00,0.00,100.00,0.00,,pos,,cc,0.00,0.00,0.00,0.00,0.00,0.00,100.00,,
235220,200.00,0.00,200.00,0.00,,pos,,cc,0.00,0.00,0.00,0.00,0.00,0.00,200.00,,
235221,100.00,0.00,100.00,0.00,,pos,,cc,0.00,0.00,0.00,0.00,0.00,0.00,100.00,,
235224,100.00,0.00,100.00,0.00,,pos,,cc,0.00,0.00,0.00,0.00,0.00,0.00,100.00,,
235225,100.00,0.00,100.00,0.00,,pos,,cc,0.00,0.00,0.00,0.00,0.00,0.00,100.00,,
235226,80.00,0.00,80.00,0.00,,pos,,cc,0.00,0.00,0.00,0.00,0.00,0.00,80.00,,
235229,100.00,0.00,100.00,0.00,,pos,,cc,0.00,0.00,0.00,0.00,0.00,0.00,100.00,,
235230,50.00,0.00,50.00,0.00,,pos,,cc,0.00,0.00,0.00,0.00,0.00,0.00,50.00,,
235231,50.00,0.00,50.00,0.00,,pos,,cc,0.00,0.00,0.00,0.00,0.00,0.00,50.00,,
235232,50.00,0.00,50.00,0.00,,pos,,cc,0.00,0.00,0.00,0.00,0.00,0.00,50.00,,
235233,25.00,0.00,25.00,0.00,,pos,,cc,0.00,0.00,0.00,0.00,0.00,0.00,25.00,,
235237,40.00,0.00,40.00,0.00,,pos,,cc,0.00,0.00,0.00,0.00,0.00,0.00,40.00,,
235238,40.00,0.00,40.00,0.00,,pos,,cc,0.00,0.00,0.00,0.00,0.00,0.00,40.00,,
235239,40.00,0.00,40.00,0.00,,pos,,cc,0.00,0.00,0.00,0.00,0.00,0.00,40.00,,
235250,196.20,0.00,196.20,12.26,,pos,,cc,0.00,0.00,0.00,0.00,0.00,0.00,208.46,,
235253,40.00,0.00,40.00,0.00,,pos,,cc,0.00,0.00,0.00,0.00,0.00,0.00,40.00,,
235254,40.00,0.00,40.00,0.00,,pos,,cc,0.00,0.00,0.00,0.00,0.00,0.00,40.00,,
235256,200.00,0.00,200.00,0.00,,pos,,cc,0.00,0.00,0.00,0.00,0.00,0.00,200.00,,
235261,100.00,0.00,100.00,0.00,,pos,,cc,0.00,0.00,0.00,0.00,0.00,0.00,100.00,,
235264,80.00,0.00,80.00,0.00,12.84,pos,,cc,0.00,0.00,0.00,0.00,0.00,0.00,92.84,,
235267,41.46,0.00,41.46,0.00,,pos,,cc,0.00,0.00,0.00,0.00,0.00,0.00,41.46,,
235273,71.10,0.00,71.10,0.00,11.58,pos,,cc,0.00,0.00,0.00,0.00,0.00,0.00,82.68,,
235281,103.19,0.00,103.19,0.00,,pos,,cc,0.00,0.00,0.00,0.00,0.00,0.00,103.19,,
235287,57.00,0.00,57.00,0.00,6.56,pos,,cc,0.00,0.00,0.00,0.00,0.00,0.00,63.56,,
235292,515.06,0.00,515.06,0.00,,pos,,cc,0.00,0.00,0.00,0.00,0.00,0.00,515.06,,
235295,515.06,0.00,515.06,0.00,,pos,,cc,0.00,0.00,0.00,0.00,0.00,0.00,515.06,,
235299,75.00,0.00,75.00,0.00,,pos,,cc,0.00,0.00,0.00,0.00,0.00,0.00,75.00,,
235319,103.50,0.00,103.50,6.47,9.04,pos,,cc,0.00,0.00,0.00,0.00,0.00,0.00,119.01,,
235365,10.80,0.00,10.80,0.68,,pos,,cc,0.00,0.00,0.00,0.00,0.00,0.00,11.48,,
235368,146.70,0.00,146.70,9.17,,pos,,cc,0.00,0.00,0.00,0.00,0.00,0.00,155.87,,
235394,40.00,0.00,40.00,0.00,,pos,,cc,0.00,0.00,0.00,0.00,0.00,0.00,40.00,,
235395,304.98,0.00,304.98,19.06,,pos,,cc,0.00,0.00,0.00,0.00,0.00,0.00,324.04,,
235401,58.50,0.00,58.50,3.66,,pos,,cc,0.00,0.00,0.00,0.00,0.00,0.00,62.16,,
235408,16.20,0.00,16.20,1.01,,pos,,cc,0.00,0.00,0.00,0.00,0.00,0.00,17.21,,
235430,100.80,0.00,100.80,5.06,,pos,,cc,0.00,0.00,0.00,0.00,0.00,0.00,105.86,,
235437,206.55,0.00,206.55,12.91,,pos,,cc,0.00,0.00,0.00,0.00,0.00,0.00,219.46,,
235451,32.40,0.00,32.40,2.02,,pos,,cc,0.00,0.00,0.00,0.00,0.00,0.00,34.42,,
235454,138.09,0.00,138.09,8.63,,pos,,cc,0.00,0.00,0.00,0.00,0.00,0.00,146.72,,
235459,9.00,0.00,9.00,0.56,,pos,,cc,0.00,0.00,0.00,0.00,0.00,0.00,9.56,,
SUMMARY (1452 orders),234247.60,0.00,234247.66,327.47,566.74,,,,0.00,0.00,0.00,0.00,0.00,0.00,235141.87,,