Date,Reference,Account,Amount,Memo
06/14/2026,SO-178068,1061.000,1029.20,Credit Card/PayPal (donorperfect_import) - Order 178068
06/14/2026,SO-178068,3000.000,-1029.20,Sales - Order 178068
06/14/2026,SO-180823,1061.000,2000.00,Credit Card/PayPal (donorperfect_import) - Order 180823
06/14/2026,SO-180823,3000.000,-2000.00,Sales - Order 180823
06/14/2026,SO-177902,1061.000,75.00,Credit Card/PayPal (donorperfect_import) - Order 177902
06/14/2026,SO-177902,3000.000,-75.00,Sales - Order 177902
06/14/2026,SO-149234,1061.000,28.69,Credit Card/PayPal (donorperfect_import) - Order 149234
06/14/2026,SO-149234,3000.000,-27.00,Sales - Order 149234
06/14/2026,SO-149234,2110.000,-1.69,Sales Tax - Order 149234
06/14/2026,SO-149236,1061.000,28.69,Credit Card/PayPal (donorperfect_import) - Order 149236
06/14/2026,SO-149236,3000.000,-27.00,Sales - Order 149236
06/14/2026,SO-149236,2110.000,-1.69,Sales Tax - Order 149236
06/14/2026,SO-149235,1061.000,28.69,Credit Card/PayPal (donorperfect_import) - Order 149235
06/14/2026,SO-149235,3000.000,-27.00,Sales - Order 149235
06/14/2026,SO-149235,2110.000,-1.69,Sales Tax - Order 149235
06/14/2026,SO-149237,1061.000,28.69,Credit Card/PayPal (donorperfect_import) - Order 149237
06/14/2026,SO-149237,3000.000,-27.00,Sales - Order 149237
06/14/2026,SO-149237,2110.000,-1.69,Sales Tax - Order 149237
06/14/2026,SO-162575,1061.000,83.50,Credit Card/PayPal (donorperfect_import) - Order 162575
06/14/2026,SO-162575,3000.000,-72.00,Sales - Order 162575
06/14/2026,SO-162575,3040.000,-11.50,Shipping - Order 162575
06/14/2026,SO-175579,1061.000,2000.00,Credit Card/PayPal (donorperfect_import) - Order 175579
06/14/2026,SO-175579,3000.000,-2000.00,Sales - Order 175579
06/14/2026,SO-172209,1061.000,2000.00,Credit Card/PayPal (donorperfect_import) - Order 172209
06/14/2026,SO-172209,3000.000,-2000.00,Sales - Order 172209
06/14/2026,SO-169374,1061.000,75.00,Credit Card/PayPal (donorperfect_import) - Order 169374
06/14/2026,SO-169374,3000.000,-75.00,Sales - Order 169374
06/14/2026,SO-161615,1061.000,1000.00,Credit Card/PayPal (donorperfect_import) - Order 161615
06/14/2026,SO-161615,3000.000,-1000.00,Sales - Order 161615
06/14/2026,SO-158529,1061.000,40.00,Credit Card/PayPal (donorperfect_import) - Order 158529
06/14/2026,SO-158529,3000.000,-40.00,Sales - Order 158529
06/14/2026,SO-153261,1061.000,1000.00,Credit Card/PayPal (donorperfect_import) - Order 153261
06/14/2026,SO-153261,3000.000,-1000.00,Sales - Order 153261
06/14/2026,SO-150006,1061.000,35.00,Credit Card/PayPal (donorperfect_import) - Order 150006
06/14/2026,SO-150006,3000.000,-35.00,Sales - Order 150006
06/14/2026,SO-148974,1061.000,1000.00,Credit Card/PayPal (donorperfect_import) - Order 148974
06/14/2026,SO-148974,3000.000,-1000.00,Sales - Order 148974
06/14/2026,SO-1121,1061.000,2035.00,Credit Card/PayPal (donorperfect_import) - Order 1121
06/14/2026,SO-1121,3000.000,-2035.00,Sales - Order 1121
06/14/2026,SO-1119,1061.000,35.00,Credit Card/PayPal (donorperfect_import) - Order 1119
06/14/2026,SO-1119,3000.000,-35.00,Sales - Order 1119
06/14/2026,SO-1120,1061.000,1000.00,Credit Card/PayPal (donorperfect_import) - Order 1120
06/14/2026,SO-1120,3000.000,-1000.00,Sales - Order 1120
06/14/2026,SO-1118,1061.000,2000.00,Credit Card/PayPal (donorperfect_import) - Order 1118
06/14/2026,SO-1118,3000.000,-2000.00,Sales - Order 1118
06/14/2026,SO-1117,1061.000,35.00,Credit Card/PayPal (donorperfect_import) - Order 1117
06/14/2026,SO-1117,3000.000,-35.00,Sales - Order 1117
06/14/2026,SO-1116,1061.000,4000.00,Credit Card/PayPal (donorperfect_import) - Order 1116
06/14/2026,SO-1116,3000.000,-4000.00,Sales - Order 1116
06/14/2026,SO-1115,1061.000,965.00,Credit Card/PayPal (donorperfect_import) - Order 1115
06/14/2026,SO-1115,3000.000,-965.00,Sales - Order 1115
06/14/2026,SO-1112,1061.000,435.00,Credit Card/PayPal (donorperfect_import) - Order 1112
06/14/2026,SO-1112,3000.000,-435.00,Sales - Order 1112
06/14/2026,SO-1114,1061.000,2000.00,Credit Card/PayPal (donorperfect_import) - Order 1114
06/14/2026,SO-1114,3000.000,-2000.00,Sales - Order 1114
06/14/2026,SO-1113,1061.000,2000.00,Credit Card/PayPal (donorperfect_import) - Order 1113
06/14/2026,SO-1113,3000.000,-2000.00,Sales - Order 1113
06/14/2026,SO-1111,1061.000,65.00,Credit Card/PayPal (donorperfect_import) - Order 1111
06/14/2026,SO-1111,3000.000,-65.00,Sales - Order 1111
06/14/2026,SO-1108,1061.000,10.00,Credit Card/PayPal (donorperfect_import) - Order 1108
06/14/2026,SO-1108,3000.000,-10.00,Sales - Order 1108
06/14/2026,SO-1110,1061.000,35.00,Credit Card/PayPal (donorperfect_import) - Order 1110
06/14/2026,SO-1110,3000.000,-35.00,Sales - Order 1110
06/14/2026,SO-1107,1061.000,20.00,Credit Card/PayPal (donorperfect_import) - Order 1107
06/14/2026,SO-1107,3000.000,-20.00,Sales - Order 1107
06/14/2026,SO-1109,1061.000,35.00,Credit Card/PayPal (donorperfect_import) - Order 1109
06/14/2026,SO-1109,3000.000,-35.00,Sales - Order 1109
06/14/2026,SO-1105,1061.000,25.00,Credit Card/PayPal (donorperfect_import) - Order 1105
06/14/2026,SO-1105,3000.000,-25.00,Sales - Order 1105
06/14/2026,SO-1104,1061.000,25.00,Credit Card/PayPal (donorperfect_import) - Order 1104
06/14/2026,SO-1104,3000.000,-25.00,Sales - Order 1104
06/14/2026,SO-1106,1061.000,35.00,Credit Card/PayPal (donorperfect_import) - Order 1106
06/14/2026,SO-1106,3000.000,-35.00,Sales - Order 1106
06/14/2026,SO-1103,1061.000,50.00,Credit Card/PayPal (donorperfect_import) - Order 1103
06/14/2026,SO-1103,3000.000,-50.00,Sales - Order 1103
06/14/2026,SO-1101,1061.000,50.00,Credit Card/PayPal (donorperfect_import) - Order 1101
06/14/2026,SO-1101,3000.000,-50.00,Sales - Order 1101
06/14/2026,SO-1102,1061.000,25.00,Credit Card/PayPal (donorperfect_import) - Order 1102
06/14/2026,SO-1102,3000.000,-25.00,Sales - Order 1102
06/14/2026,SO-1100,1061.000,50.00,Credit Card/PayPal (donorperfect_import) - Order 1100
06/14/2026,SO-1100,3000.000,-50.00,Sales - Order 1100
06/14/2026,SO-1099,1061.000,25.00,Credit Card/PayPal (donorperfect_import) - Order 1099
06/14/2026,SO-1099,3000.000,-25.00,Sales - Order 1099
06/14/2026,SO-1098,1061.000,20.00,Credit Card/PayPal (donorperfect_import) - Order 1098
06/14/2026,SO-1098,3000.000,-20.00,Sales - Order 1098
06/14/2026,SO-1097,1061.000,20.00,Credit Card/PayPal (donorperfect_import) - Order 1097
06/14/2026,SO-1097,3000.000,-20.00,Sales - Order 1097
06/14/2026,SO-1096,1061.000,20.00,Credit Card/PayPal (donorperfect_import) - Order 1096
06/14/2026,SO-1096,3000.000,-20.00,Sales - Order 1096
06/14/2026,SO-1095,1061.000,15.00,Credit Card/PayPal (donorperfect_import) - Order 1095
06/14/2026,SO-1095,3000.000,-15.00,Sales - Order 1095
06/14/2026,SO-1093,1061.000,20.00,Credit Card/PayPal (donorperfect_import) - Order 1093
06/14/2026,SO-1093,3000.000,-20.00,Sales - Order 1093
06/14/2026,SO-1094,1061.000,20.00,Credit Card/PayPal (donorperfect_import) - Order 1094
06/14/2026,SO-1094,3000.000,-20.00,Sales - Order 1094
06/14/2026,SO-1092,1061.000,25.00,Credit Card/PayPal (donorperfect_import) - Order 1092
06/14/2026,SO-1092,3000.000,-25.00,Sales - Order 1092
06/14/2026,SO-1091,1061.000,25.00,Credit Card/PayPal (donorperfect_import) - Order 1091
06/14/2026,SO-1091,3000.000,-25.00,Sales - Order 1091
06/14/2026,SO-1090,1061.000,20.00,Credit Card/PayPal (donorperfect_import) - Order 1090
06/14/2026,SO-1090,3000.000,-20.00,Sales - Order 1090
06/14/2026,SO-1089,1061.000,100.00,Credit Card/PayPal (donorperfect_import) - Order 1089
06/14/2026,SO-1089,3000.000,-100.00,Sales - Order 1089
06/14/2026,SO-1088,1061.000,100.00,Credit Card/PayPal (donorperfect_import) - Order 1088
06/14/2026,SO-1088,3000.000,-100.00,Sales - Order 1088
06/14/2026,SO-1087,1061.000,15.00,Credit Card/PayPal (donorperfect_import) - Order 1087
06/14/2026,SO-1087,3000.000,-15.00,Sales - Order 1087
06/14/2026,SO-1086,1061.000,35.00,Credit Card/PayPal (donorperfect_import) - Order 1086
06/14/2026,SO-1086,3000.000,-35.00,Sales - Order 1086
06/14/2026,SO-1085,1061.000,30.00,Credit Card/PayPal (donorperfect_import) - Order 1085
06/14/2026,SO-1085,3000.000,-30.00,Sales - Order 1085
06/14/2026,SO-1084,1061.000,20.00,Credit Card/PayPal (donorperfect_import) - Order 1084
06/14/2026,SO-1084,3000.000,-20.00,Sales - Order 1084
06/14/2026,SO-1083,1061.000,10.00,Credit Card/PayPal (donorperfect_import) - Order 1083
06/14/2026,SO-1083,3000.000,-10.00,Sales - Order 1083
06/14/2026,SO-1082,1061.000,15.00,Credit Card/PayPal (donorperfect_import) - Order 1082
06/14/2026,SO-1082,3000.000,-15.00,Sales - Order 1082
06/14/2026,SO-1079,1061.000,50.00,Credit Card/PayPal (donorperfect_import) - Order 1079
06/14/2026,SO-1079,3000.000,-50.00,Sales - Order 1079
06/14/2026,SO-1081,1061.000,25.00,Credit Card/PayPal (donorperfect_import) - Order 1081
06/14/2026,SO-1081,3000.000,-25.00,Sales - Order 1081
06/14/2026,SO-1080,1061.000,25.00,Credit Card/PayPal (donorperfect_import) - Order 1080
06/14/2026,SO-1080,3000.000,-25.00,Sales - Order 1080
06/14/2026,SO-1078,1061.000,25.00,Credit Card/PayPal (donorperfect_import) - Order 1078
06/14/2026,SO-1078,3000.000,-25.00,Sales - Order 1078
06/14/2026,SO-1077,1061.000,13.00,Credit Card/PayPal (donorperfect_import) - Order 1077
06/14/2026,SO-1077,3000.000,-13.00,Sales - Order 1077
06/14/2026,SO-1076,1061.000,1.00,Credit Card/PayPal (donorperfect_import) - Order 1076
06/14/2026,SO-1076,3000.000,-1.00,Sales - Order 1076
06/14/2026,SO-1075,1061.000,25.00,Credit Card/PayPal (donorperfect_import) - Order 1075
06/14/2026,SO-1075,3000.000,-25.00,Sales - Order 1075
06/14/2026,SO-1074,1061.000,20.00,Credit Card/PayPal (donorperfect_import) - Order 1074
06/14/2026,SO-1074,3000.000,-20.00,Sales - Order 1074
06/14/2026,SO-1073,1061.000,20.00,Credit Card/PayPal (donorperfect_import) - Order 1073
06/14/2026,SO-1073,3000.000,-20.00,Sales - Order 1073
06/14/2026,SO-1071,1061.000,15.00,Credit Card/PayPal (donorperfect_import) - Order 1071
06/14/2026,SO-1071,3000.000,-15.00,Sales - Order 1071
06/14/2026,SO-1072,1061.000,25.00,Credit Card/PayPal (donorperfect_import) - Order 1072
06/14/2026,SO-1072,3000.000,-25.00,Sales - Order 1072
06/14/2026,SO-1070,1061.000,20.00,Credit Card/PayPal (donorperfect_import) - Order 1070
06/14/2026,SO-1070,3000.000,-20.00,Sales - Order 1070
06/14/2026,SO-1069,1061.000,20.00,Credit Card/PayPal (donorperfect_import) - Order 1069
06/14/2026,SO-1069,3000.000,-20.00,Sales - Order 1069
06/14/2026,SO-1067,1061.000,20.00,Credit Card/PayPal (donorperfect_import) - Order 1067
06/14/2026,SO-1067,3000.000,-20.00,Sales - Order 1067
06/14/2026,SO-1068,1061.000,20.00,Credit Card/PayPal (donorperfect_import) - Order 1068
06/14/2026,SO-1068,3000.000,-20.00,Sales - Order 1068
06/14/2026,SO-1066,1061.000,25.00,Credit Card/PayPal (donorperfect_import) - Order 1066
06/14/2026,SO-1066,3000.000,-25.00,Sales - Order 1066
06/14/2026,SO-1065,1061.000,20.00,Credit Card/PayPal (donorperfect_import) - Order 1065
06/14/2026,SO-1065,3000.000,-20.00,Sales - Order 1065
06/14/2026,SO-1064,1061.000,20.00,Credit Card/PayPal (donorperfect_import) - Order 1064
06/14/2026,SO-1064,3000.000,-20.00,Sales - Order 1064
06/14/2026,SO-1063,1061.000,25.00,Credit Card/PayPal (donorperfect_import) - Order 1063
06/14/2026,SO-1063,3000.000,-25.00,Sales - Order 1063
06/14/2026,SO-1062,1061.000,25.00,Credit Card/PayPal (donorperfect_import) - Order 1062
06/14/2026,SO-1062,3000.000,-25.00,Sales - Order 1062
06/14/2026,SO-1061,1061.000,30.00,Credit Card/PayPal (donorperfect_import) - Order 1061
06/14/2026,SO-1061,3000.000,-30.00,Sales - Order 1061
06/14/2026,SO-1060,1061.000,20.00,Credit Card/PayPal (donorperfect_import) - Order 1060
06/14/2026,SO-1060,3000.000,-20.00,Sales - Order 1060
06/14/2026,SO-1059,1061.000,60.00,Credit Card/PayPal (donorperfect_import) - Order 1059
06/14/2026,SO-1059,3000.000,-60.00,Sales - Order 1059
06/14/2026,SO-1058,1061.000,20.00,Credit Card/PayPal (donorperfect_import) - Order 1058
06/14/2026,SO-1058,3000.000,-20.00,Sales - Order 1058
06/14/2026,SO-1057,1061.000,50.00,Credit Card/PayPal (donorperfect_import) - Order 1057
06/14/2026,SO-1057,3000.000,-50.00,Sales - Order 1057
06/14/2026,SO-1056,1061.000,25.00,Credit Card/PayPal (donorperfect_import) - Order 1056
06/14/2026,SO-1056,3000.000,-25.00,Sales - Order 1056
06/14/2026,SO-1055,1061.000,20.00,Credit Card/PayPal (donorperfect_import) - Order 1055
06/14/2026,SO-1055,3000.000,-20.00,Sales - Order 1055
06/14/2026,SO-1054,1061.000,125.00,Credit Card/PayPal (donorperfect_import) - Order 1054
06/14/2026,SO-1054,3000.000,-125.00,Sales - Order 1054
06/14/2026,SO-1053,1061.000,35.00,Credit Card/PayPal (donorperfect_import) - Order 1053
06/14/2026,SO-1053,3000.000,-35.00,Sales - Order 1053
06/14/2026,SO-1052,1061.000,50.00,Credit Card/PayPal (donorperfect_import) - Order 1052
06/14/2026,SO-1052,3000.000,-50.00,Sales - Order 1052
06/14/2026,SO-1051,1061.000,25.00,Credit Card/PayPal (donorperfect_import) - Order 1051
06/14/2026,SO-1051,3000.000,-25.00,Sales - Order 1051
06/14/2026,SO-1050,1061.000,50.00,Credit Card/PayPal (donorperfect_import) - Order 1050
06/14/2026,SO-1050,3000.000,-50.00,Sales - Order 1050
06/14/2026,SO-1049,1061.000,25.00,Credit Card/PayPal (donorperfect_import) - Order 1049
06/14/2026,SO-1049,3000.000,-25.00,Sales - Order 1049
06/14/2026,SO-1048,1061.000,25.00,Credit Card/PayPal (donorperfect_import) - Order 1048
06/14/2026,SO-1048,3000.000,-25.00,Sales - Order 1048
06/14/2026,SO-1047,1061.000,25.00,Credit Card/PayPal (donorperfect_import) - Order 1047
06/14/2026,SO-1047,3000.000,-25.00,Sales - Order 1047
06/14/2026,SO-1046,1061.000,25.00,Credit Card/PayPal (donorperfect_import) - Order 1046
06/14/2026,SO-1046,3000.000,-25.00,Sales - Order 1046
06/14/2026,SO-1045,1061.000,25.00,Credit Card/PayPal (donorperfect_import) - Order 1045
06/14/2026,SO-1045,3000.000,-25.00,Sales - Order 1045
06/14/2026,SO-1042,1061.000,30.00,Credit Card/PayPal (donorperfect_import) - Order 1042
06/14/2026,SO-1042,3000.000,-30.00,Sales - Order 1042
06/14/2026,SO-1044,1061.000,25.00,Credit Card/PayPal (donorperfect_import) - Order 1044
06/14/2026,SO-1044,3000.000,-25.00,Sales - Order 1044
06/14/2026,SO-1043,1061.000,25.00,Credit Card/PayPal (donorperfect_import) - Order 1043
06/14/2026,SO-1043,3000.000,-25.00,Sales - Order 1043
06/14/2026,SO-1041,1061.000,22.00,Credit Card/PayPal (donorperfect_import) - Order 1041
06/14/2026,SO-1041,3000.000,-22.00,Sales - Order 1041
06/14/2026,SO-1040,1061.000,1.00,Credit Card/PayPal (donorperfect_import) - Order 1040
06/14/2026,SO-1040,3000.000,-1.00,Sales - Order 1040
06/14/2026,SO-1039,1061.000,20.00,Credit Card/PayPal (donorperfect_import) - Order 1039
06/14/2026,SO-1039,3000.000,-20.00,Sales - Order 1039
06/14/2026,SO-1038,1061.000,20.00,Credit Card/PayPal (donorperfect_import) - Order 1038
06/14/2026,SO-1038,3000.000,-20.00,Sales - Order 1038
06/14/2026,SO-1037,1061.000,20.00,Credit Card/PayPal (donorperfect_import) - Order 1037
06/14/2026,SO-1037,3000.000,-20.00,Sales - Order 1037
06/14/2026,SO-1036,1061.000,20.00,Credit Card/PayPal (donorperfect_import) - Order 1036
06/14/2026,SO-1036,3000.000,-20.00,Sales - Order 1036
06/14/2026,SO-1035,1061.000,20.00,Credit Card/PayPal (donorperfect_import) - Order 1035
06/14/2026,SO-1035,3000.000,-20.00,Sales - Order 1035
06/14/2026,SO-1031,1061.000,8610.77,Credit Card/PayPal (donorperfect_import) - Order 1031
06/14/2026,SO-1031,3000.000,-8610.77,Sales - Order 1031
06/14/2026,SO-1034,1061.000,20.00,Credit Card/PayPal (donorperfect_import) - Order 1034
06/14/2026,SO-1034,3000.000,-20.00,Sales - Order 1034
06/14/2026,SO-1033,1061.000,20.00,Credit Card/PayPal (donorperfect_import) - Order 1033
06/14/2026,SO-1033,3000.000,-20.00,Sales - Order 1033
06/14/2026,SO-1032,1061.000,20.00,Credit Card/PayPal (donorperfect_import) - Order 1032
06/14/2026,SO-1032,3000.000,-20.00,Sales - Order 1032
06/14/2026,SO-1030,1061.000,10.00,Credit Card/PayPal (donorperfect_import) - Order 1030
06/14/2026,SO-1030,3000.000,-10.00,Sales - Order 1030
06/14/2026,SO-1029,1061.000,10.00,Credit Card/PayPal (donorperfect_import) - Order 1029
06/14/2026,SO-1029,3000.000,-10.00,Sales - Order 1029
06/14/2026,SO-1028,1061.000,10.00,Credit Card/PayPal (donorperfect_import) - Order 1028
06/14/2026,SO-1028,3000.000,-10.00,Sales - Order 1028
06/14/2026,SO-1027,1061.000,10.00,Credit Card/PayPal (donorperfect_import) - Order 1027
06/14/2026,SO-1027,3000.000,-10.00,Sales - Order 1027
06/14/2026,SO-1026,1061.000,10.00,Credit Card/PayPal (donorperfect_import) - Order 1026
06/14/2026,SO-1026,3000.000,-10.00,Sales - Order 1026
06/14/2026,SO-1025,1061.000,10.00,Credit Card/PayPal (donorperfect_import) - Order 1025
06/14/2026,SO-1025,3000.000,-10.00,Sales - Order 1025
06/14/2026,SO-1024,1061.000,10.00,Credit Card/PayPal (donorperfect_import) - Order 1024
06/14/2026,SO-1024,3000.000,-10.00,Sales - Order 1024
06/14/2026,SO-1023,1061.000,10.00,Credit Card/PayPal (donorperfect_import) - Order 1023
06/14/2026,SO-1023,3000.000,-10.00,Sales - Order 1023
06/14/2026,SO-1021,1061.000,35.00,Credit Card/PayPal (donorperfect_import) - Order 1021
06/14/2026,SO-1021,3000.000,-35.00,Sales - Order 1021
06/14/2026,SO-1022,1061.000,15.00,Credit Card/PayPal (donorperfect_import) - Order 1022
06/14/2026,SO-1022,3000.000,-15.00,Sales - Order 1022
06/14/2026,SO-1020,1061.000,10.00,Credit Card/PayPal (donorperfect_import) - Order 1020
06/14/2026,SO-1020,3000.000,-10.00,Sales - Order 1020
06/14/2026,SO-1018,1061.000,10.00,Credit Card/PayPal (donorperfect_import) - Order 1018
06/14/2026,SO-1018,3000.000,-10.00,Sales - Order 1018
06/14/2026,SO-1017,1061.000,10.00,Credit Card/PayPal (donorperfect_import) - Order 1017
06/14/2026,SO-1017,3000.000,-10.00,Sales - Order 1017
06/14/2026,SO-1019,1061.000,10.00,Credit Card/PayPal (donorperfect_import) - Order 1019
06/14/2026,SO-1019,3000.000,-10.00,Sales - Order 1019
06/14/2026,SO-1016,1061.000,10.00,Credit Card/PayPal (donorperfect_import) - Order 1016
06/14/2026,SO-1016,3000.000,-10.00,Sales - Order 1016
06/14/2026,SO-1014,1061.000,10.00,Credit Card/PayPal (donorperfect_import) - Order 1014
06/14/2026,SO-1014,3000.000,-10.00,Sales - Order 1014
06/14/2026,SO-1015,1061.000,10.00,Credit Card/PayPal (donorperfect_import) - Order 1015
06/14/2026,SO-1015,3000.000,-10.00,Sales - Order 1015
06/14/2026,SO-1013,1061.000,10.00,Credit Card/PayPal (donorperfect_import) - Order 1013
06/14/2026,SO-1013,3000.000,-10.00,Sales - Order 1013
06/14/2026,SO-1012,1061.000,10.00,Credit Card/PayPal (donorperfect_import) - Order 1012
06/14/2026,SO-1012,3000.000,-10.00,Sales - Order 1012
06/14/2026,SO-1011,1061.000,10.00,Credit Card/PayPal (donorperfect_import) - Order 1011
06/14/2026,SO-1011,3000.000,-10.00,Sales - Order 1011
06/14/2026,SO-1010,1061.000,10.00,Credit Card/PayPal (donorperfect_import) - Order 1010
06/14/2026,SO-1010,3000.000,-10.00,Sales - Order 1010
06/14/2026,SO-1009,1061.000,10.00,Credit Card/PayPal (donorperfect_import) - Order 1009
06/14/2026,SO-1009,3000.000,-10.00,Sales - Order 1009
06/14/2026,SO-1008,1061.000,10.00,Credit Card/PayPal (donorperfect_import) - Order 1008
06/14/2026,SO-1008,3000.000,-10.00,Sales - Order 1008
06/14/2026,SO-1007,1061.000,10.00,Credit Card/PayPal (donorperfect_import) - Order 1007
06/14/2026,SO-1007,3000.000,-10.00,Sales - Order 1007
06/14/2026,SO-1006,1061.000,10.00,Credit Card/PayPal (donorperfect_import) - Order 1006
06/14/2026,SO-1006,3000.000,-10.00,Sales - Order 1006
06/14/2026,SO-1004,1061.000,10.00,Credit Card/PayPal (donorperfect_import) - Order 1004
06/14/2026,SO-1004,3000.000,-10.00,Sales - Order 1004
06/14/2026,SO-1005,1061.000,10.00,Credit Card/PayPal (donorperfect_import) - Order 1005
06/14/2026,SO-1005,3000.000,-10.00,Sales - Order 1005
06/14/2026,SO-1003,1061.000,10.00,Credit Card/PayPal (donorperfect_import) - Order 1003
06/14/2026,SO-1003,3000.000,-10.00,Sales - Order 1003
06/14/2026,SO-1002,1061.000,10.00,Credit Card/PayPal (donorperfect_import) - Order 1002
06/14/2026,SO-1002,3000.000,-10.00,Sales - Order 1002
06/14/2026,SO-1001,1061.000,10.00,Credit Card/PayPal (donorperfect_import) - Order 1001
06/14/2026,SO-1001,3000.000,-10.00,Sales - Order 1001
06/14/2026,SO-1000,1061.000,10.00,Credit Card/PayPal (donorperfect_import) - Order 1000
06/14/2026,SO-1000,3000.000,-10.00,Sales - Order 1000
06/14/2026,SO-998,1061.000,10.00,Credit Card/PayPal (donorperfect_import) - Order 998
06/14/2026,SO-998,3000.000,-10.00,Sales - Order 998
06/14/2026,SO-999,1061.000,10.00,Credit Card/PayPal (donorperfect_import) - Order 999
06/14/2026,SO-999,3000.000,-10.00,Sales - Order 999
06/14/2026,SO-997,1061.000,10.00,Credit Card/PayPal (donorperfect_import) - Order 997
06/14/2026,SO-997,3000.000,-10.00,Sales - Order 997
06/14/2026,SO-996,1061.000,10.00,Credit Card/PayPal (donorperfect_import) - Order 996
06/14/2026,SO-996,3000.000,-10.00,Sales - Order 996
06/14/2026,SO-995,1061.000,10.00,Credit Card/PayPal (donorperfect_import) - Order 995
06/14/2026,SO-995,3000.000,-10.00,Sales - Order 995
06/14/2026,SO-994,1061.000,10.00,Credit Card/PayPal (donorperfect_import) - Order 994
06/14/2026,SO-994,3000.000,-10.00,Sales - Order 994
06/14/2026,SO-993,1061.000,10.00,Credit Card/PayPal (donorperfect_import) - Order 993
06/14/2026,SO-993,3000.000,-10.00,Sales - Order 993
06/14/2026,SO-992,1061.000,10.00,Credit Card/PayPal (donorperfect_import) - Order 992
06/14/2026,SO-992,3000.000,-10.00,Sales - Order 992
06/14/2026,SO-991,1061.000,10.00,Credit Card/PayPal (donorperfect_import) - Order 991
06/14/2026,SO-991,3000.000,-10.00,Sales - Order 991
06/14/2026,SO-989,1061.000,10.00,Credit Card/PayPal (donorperfect_import) - Order 989
06/14/2026,SO-989,3000.000,-10.00,Sales - Order 989
06/14/2026,SO-988,1061.000,10.00,Credit Card/PayPal (donorperfect_import) - Order 988
06/14/2026,SO-988,3000.000,-10.00,Sales - Order 988
06/14/2026,SO-990,1061.000,10.00,Credit Card/PayPal (donorperfect_import) - Order 990
06/14/2026,SO-990,3000.000,-10.00,Sales - Order 990
06/14/2026,SO-987,1061.000,10.00,Credit Card/PayPal (donorperfect_import) - Order 987
06/14/2026,SO-987,3000.000,-10.00,Sales - Order 987
06/14/2026,SO-986,1061.000,10.00,Credit Card/PayPal (donorperfect_import) - Order 986
06/14/2026,SO-986,3000.000,-10.00,Sales - Order 986
06/14/2026,SO-985,1061.000,10.00,Credit Card/PayPal (donorperfect_import) - Order 985
06/14/2026,SO-985,3000.000,-10.00,Sales - Order 985
06/14/2026,SO-984,1061.000,10.00,Credit Card/PayPal (donorperfect_import) - Order 984
06/14/2026,SO-984,3000.000,-10.00,Sales - Order 984
06/14/2026,SO-983,1061.000,10.00,Credit Card/PayPal (donorperfect_import) - Order 983
06/14/2026,SO-983,3000.000,-10.00,Sales - Order 983
06/14/2026,SO-982,1061.000,10.00,Credit Card/PayPal (donorperfect_import) - Order 982
06/14/2026,SO-982,3000.000,-10.00,Sales - Order 982
06/14/2026,SO-980,1061.000,10.00,Credit Card/PayPal (donorperfect_import) - Order 980
06/14/2026,SO-980,3000.000,-10.00,Sales - Order 980
06/14/2026,SO-981,1061.000,10.00,Credit Card/PayPal (donorperfect_import) - Order 981
06/14/2026,SO-981,3000.000,-10.00,Sales - Order 981
06/14/2026,SO-979,1061.000,10.00,Credit Card/PayPal (donorperfect_import) - Order 979
06/14/2026,SO-979,3000.000,-10.00,Sales - Order 979
06/14/2026,SO-978,1061.000,10.00,Credit Card/PayPal (donorperfect_import) - Order 978
06/14/2026,SO-978,3000.000,-10.00,Sales - Order 978
06/14/2026,SO-977,1061.000,10.00,Credit Card/PayPal (donorperfect_import) - Order 977
06/14/2026,SO-977,3000.000,-10.00,Sales - Order 977
06/14/2026,SO-976,1061.000,10.00,Credit Card/PayPal (donorperfect_import) - Order 976
06/14/2026,SO-976,3000.000,-10.00,Sales - Order 976
06/14/2026,SO-974,1061.000,10.00,Credit Card/PayPal (donorperfect_import) - Order 974
06/14/2026,SO-974,3000.000,-10.00,Sales - Order 974
06/14/2026,SO-975,1061.000,10.00,Credit Card/PayPal (donorperfect_import) - Order 975
06/14/2026,SO-975,3000.000,-10.00,Sales - Order 975
06/14/2026,SO-972,1061.000,10.00,Credit Card/PayPal (donorperfect_import) - Order 972
06/14/2026,SO-972,3000.000,-10.00,Sales - Order 972
06/14/2026,SO-973,1061.000,10.00,Credit Card/PayPal (donorperfect_import) - Order 973
06/14/2026,SO-973,3000.000,-10.00,Sales - Order 973
06/14/2026,SO-971,1061.000,250.00,Credit Card/PayPal (donorperfect_import) - Order 971
06/14/2026,SO-971,3000.000,-250.00,Sales - Order 971
06/14/2026,SO-970,1061.000,10.00,Credit Card/PayPal (donorperfect_import) - Order 970
06/14/2026,SO-970,3000.000,-10.00,Sales - Order 970
06/14/2026,SO-969,1061.000,10.00,Credit Card/PayPal (donorperfect_import) - Order 969
06/14/2026,SO-969,3000.000,-10.00,Sales - Order 969
06/14/2026,SO-968,1061.000,10.00,Credit Card/PayPal (donorperfect_import) - Order 968
06/14/2026,SO-968,3000.000,-10.00,Sales - Order 968
06/14/2026,SO-967,1061.000,10.00,Credit Card/PayPal (donorperfect_import) - Order 967
06/14/2026,SO-967,3000.000,-10.00,Sales - Order 967
06/14/2026,SO-966,1061.000,10.00,Credit Card/PayPal (donorperfect_import) - Order 966
06/14/2026,SO-966,3000.000,-10.00,Sales - Order 966
06/14/2026,SO-965,1061.000,5.00,Credit Card/PayPal (donorperfect_import) - Order 965
06/14/2026,SO-965,3000.000,-5.00,Sales - Order 965
06/14/2026,SO-964,1061.000,25.00,Credit Card/PayPal (donorperfect_import) - Order 964
06/14/2026,SO-964,3000.000,-25.00,Sales - Order 964
06/14/2026,SO-963,1061.000,10.00,Credit Card/PayPal (donorperfect_import) - Order 963
06/14/2026,SO-963,3000.000,-10.00,Sales - Order 963
06/14/2026,SO-962,1061.000,10.00,Credit Card/PayPal (donorperfect_import) - Order 962
06/14/2026,SO-962,3000.000,-10.00,Sales - Order 962
06/14/2026,SO-961,1061.000,10.00,Credit Card/PayPal (donorperfect_import) - Order 961
06/14/2026,SO-961,3000.000,-10.00,Sales - Order 961
06/14/2026,SO-960,1061.000,10.00,Credit Card/PayPal (donorperfect_import) - Order 960
06/14/2026,SO-960,3000.000,-10.00,Sales - Order 960
06/14/2026,SO-959,1061.000,10.00,Credit Card/PayPal (donorperfect_import) - Order 959
06/14/2026,SO-959,3000.000,-10.00,Sales - Order 959
06/14/2026,SO-957,1061.000,10.00,Credit Card/PayPal (donorperfect_import) - Order 957
06/14/2026,SO-957,3000.000,-10.00,Sales - Order 957
06/14/2026,SO-958,1061.000,10.00,Credit Card/PayPal (donorperfect_import) - Order 958
06/14/2026,SO-958,3000.000,-10.00,Sales - Order 958
06/14/2026,SO-955,1061.000,5.00,Credit Card/PayPal (donorperfect_import) - Order 955
06/14/2026,SO-955,3000.000,-5.00,Sales - Order 955
06/14/2026,SO-956,1061.000,250.00,Credit Card/PayPal (donorperfect_import) - Order 956
06/14/2026,SO-956,3000.000,-250.00,Sales - Order 956
06/14/2026,SO-954,1061.000,25.00,Credit Card/PayPal (donorperfect_import) - Order 954
06/14/2026,SO-954,3000.000,-25.00,Sales - Order 954
06/14/2026,SO-953,1061.000,30.00,Credit Card/PayPal (donorperfect_import) - Order 953
06/14/2026,SO-953,3000.000,-30.00,Sales - Order 953
06/14/2026,SO-952,1061.000,5.00,Credit Card/PayPal (donorperfect_import) - Order 952
06/14/2026,SO-952,3000.000,-5.00,Sales - Order 952
06/14/2026,SO-951,1061.000,25.00,Credit Card/PayPal (donorperfect_import) - Order 951
06/14/2026,SO-951,3000.000,-25.00,Sales - Order 951
06/14/2026,SO-950,1061.000,10.00,Credit Card/PayPal (donorperfect_import) - Order 950
06/14/2026,SO-950,3000.000,-10.00,Sales - Order 950
06/14/2026,SO-949,1061.000,10.00,Credit Card/PayPal (donorperfect_import) - Order 949
06/14/2026,SO-949,3000.000,-10.00,Sales - Order 949
06/14/2026,SO-948,1061.000,10.00,Credit Card/PayPal (donorperfect_import) - Order 948
06/14/2026,SO-948,3000.000,-10.00,Sales - Order 948
06/14/2026,SO-947,1061.000,10.00,Credit Card/PayPal (donorperfect_import) - Order 947
06/14/2026,SO-947,3000.000,-10.00,Sales - Order 947
06/14/2026,SO-946,1061.000,10.00,Credit Card/PayPal (donorperfect_import) - Order 946
06/14/2026,SO-946,3000.000,-10.00,Sales - Order 946
06/14/2026,SO-945,1061.000,10.00,Credit Card/PayPal (donorperfect_import) - Order 945
06/14/2026,SO-945,3000.000,-10.00,Sales - Order 945
06/14/2026,SO-944,1061.000,10.00,Credit Card/PayPal (donorperfect_import) - Order 944
06/14/2026,SO-944,3000.000,-10.00,Sales - Order 944
06/14/2026,SO-943,1061.000,250.00,Credit Card/PayPal (donorperfect_import) - Order 943
06/14/2026,SO-943,3000.000,-250.00,Sales - Order 943
06/14/2026,SO-942,1061.000,10.00,Credit Card/PayPal (donorperfect_import) - Order 942
06/14/2026,SO-942,3000.000,-10.00,Sales - Order 942
06/14/2026,SO-941,1061.000,5.00,Credit Card/PayPal (donorperfect_import) - Order 941
06/14/2026,SO-941,3000.000,-5.00,Sales - Order 941
06/14/2026,SO-940,1061.000,25.00,Credit Card/PayPal (donorperfect_import) - Order 940
06/14/2026,SO-940,3000.000,-25.00,Sales - Order 940
06/14/2026,SO-939,1061.000,10.00,Credit Card/PayPal (donorperfect_import) - Order 939
06/14/2026,SO-939,3000.000,-10.00,Sales - Order 939
06/14/2026,SO-938,1061.000,10.00,Credit Card/PayPal (donorperfect_import) - Order 938
06/14/2026,SO-938,3000.000,-10.00,Sales - Order 938
06/14/2026,SO-937,1061.000,10.00,Credit Card/PayPal (donorperfect_import) - Order 937
06/14/2026,SO-937,3000.000,-10.00,Sales - Order 937
06/14/2026,SO-936,1061.000,10.00,Credit Card/PayPal (donorperfect_import) - Order 936
06/14/2026,SO-936,3000.000,-10.00,Sales - Order 936
06/14/2026,SO-935,1061.000,10.00,Credit Card/PayPal (donorperfect_import) - Order 935
06/14/2026,SO-935,3000.000,-10.00,Sales - Order 935
06/14/2026,SO-934,1061.000,5.00,Credit Card/PayPal (donorperfect_import) - Order 934
06/14/2026,SO-934,3000.000,-5.00,Sales - Order 934
06/14/2026,SO-933,1061.000,25.00,Credit Card/PayPal (donorperfect_import) - Order 933
06/14/2026,SO-933,3000.000,-25.00,Sales - Order 933
06/14/2026,SO-932,1061.000,30.00,Credit Card/PayPal (donorperfect_import) - Order 932
06/14/2026,SO-932,3000.000,-30.00,Sales - Order 932
06/14/2026,SO-931,1061.000,5.00,Credit Card/PayPal (donorperfect_import) - Order 931
06/14/2026,SO-931,3000.000,-5.00,Sales - Order 931
06/14/2026,SO-930,1061.000,25.00,Credit Card/PayPal (donorperfect_import) - Order 930
06/14/2026,SO-930,3000.000,-25.00,Sales - Order 930
06/14/2026,SO-929,1061.000,250.00,Credit Card/PayPal (donorperfect_import) - Order 929
06/14/2026,SO-929,3000.000,-250.00,Sales - Order 929
06/14/2026,SO-928,1061.000,5.00,Credit Card/PayPal (donorperfect_import) - Order 928
06/14/2026,SO-928,3000.000,-5.00,Sales - Order 928
06/14/2026,SO-927,1061.000,25.00,Credit Card/PayPal (donorperfect_import) - Order 927
06/14/2026,SO-927,3000.000,-25.00,Sales - Order 927
06/14/2026,SO-926,1061.000,5.00,Credit Card/PayPal (donorperfect_import) - Order 926
06/14/2026,SO-926,3000.000,-5.00,Sales - Order 926
06/14/2026,SO-925,1061.000,25.00,Credit Card/PayPal (donorperfect_import) - Order 925
06/14/2026,SO-925,3000.000,-25.00,Sales - Order 925
06/14/2026,SO-924,1061.000,5.00,Credit Card/PayPal (donorperfect_import) - Order 924
06/14/2026,SO-924,3000.000,-5.00,Sales - Order 924
06/14/2026,SO-923,1061.000,25.00,Credit Card/PayPal (donorperfect_import) - Order 923
06/14/2026,SO-923,3000.000,-25.00,Sales - Order 923
06/14/2026,SO-922,1061.000,5.00,Credit Card/PayPal (donorperfect_import) - Order 922
06/14/2026,SO-922,3000.000,-5.00,Sales - Order 922
06/14/2026,SO-921,1061.000,25.00,Credit Card/PayPal (donorperfect_import) - Order 921
06/14/2026,SO-921,3000.000,-25.00,Sales - Order 921
06/14/2026,SO-920,1061.000,30.00,Credit Card/PayPal (donorperfect_import) - Order 920
06/14/2026,SO-920,3000.000,-30.00,Sales - Order 920
06/14/2026,SO-919,1061.000,5.00,Credit Card/PayPal (donorperfect_import) - Order 919
06/14/2026,SO-919,3000.000,-5.00,Sales - Order 919
06/14/2026,SO-918,1061.000,25.00,Credit Card/PayPal (donorperfect_import) - Order 918
06/14/2026,SO-918,3000.000,-25.00,Sales - Order 918
06/14/2026,SO-917,1061.000,5.00,Credit Card/PayPal (donorperfect_import) - Order 917
06/14/2026,SO-917,3000.000,-5.00,Sales - Order 917
06/14/2026,SO-915,1061.000,20.00,Credit Card/PayPal (donorperfect_import) - Order 915
06/14/2026,SO-915,3000.000,-20.00,Sales - Order 915
06/14/2026,SO-914,1061.000,10.00,Credit Card/PayPal (donorperfect_import) - Order 914
06/14/2026,SO-914,3000.000,-10.00,Sales - Order 914
06/14/2026,SO-916,1061.000,25.00,Credit Card/PayPal (donorperfect_import) - Order 916
06/14/2026,SO-916,3000.000,-25.00,Sales - Order 916
06/14/2026,SO-913,1061.000,20.00,Credit Card/PayPal (donorperfect_import) - Order 913
06/14/2026,SO-913,3000.000,-20.00,Sales - Order 913
06/14/2026,SO-912,1061.000,20.00,Credit Card/PayPal (donorperfect_import) - Order 912
06/14/2026,SO-912,3000.000,-20.00,Sales - Order 912
06/14/2026,SO-911,1061.000,20.00,Credit Card/PayPal (donorperfect_import) - Order 911
06/14/2026,SO-911,3000.000,-20.00,Sales - Order 911
06/14/2026,SO-910,1061.000,10.00,Credit Card/PayPal (donorperfect_import) - Order 910
06/14/2026,SO-910,3000.000,-10.00,Sales - Order 910
06/14/2026,SO-909,1061.000,20.00,Credit Card/PayPal (donorperfect_import) - Order 909
06/14/2026,SO-909,3000.000,-20.00,Sales - Order 909
06/14/2026,SO-906,1061.000,35.00,Credit Card/PayPal (donorperfect_import) - Order 906
06/14/2026,SO-906,3000.000,-35.00,Sales - Order 906
06/14/2026,SO-908,1061.000,10.00,Credit Card/PayPal (donorperfect_import) - Order 908
06/14/2026,SO-908,3000.000,-10.00,Sales - Order 908
06/14/2026,SO-907,1061.000,30.00,Credit Card/PayPal (donorperfect_import) - Order 907
06/14/2026,SO-907,3000.000,-30.00,Sales - Order 907
06/14/2026,SO-905,1061.000,25.00,Credit Card/PayPal (donorperfect_import) - Order 905
06/14/2026,SO-905,3000.000,-25.00,Sales - Order 905
06/14/2026,SO-904,1061.000,5.00,Credit Card/PayPal (donorperfect_import) - Order 904
06/14/2026,SO-904,3000.000,-5.00,Sales - Order 904
06/14/2026,SO-903,1061.000,20.00,Credit Card/PayPal (donorperfect_import) - Order 903
06/14/2026,SO-903,3000.000,-20.00,Sales - Order 903
06/14/2026,SO-902,1061.000,40.00,Credit Card/PayPal (donorperfect_import) - Order 902
06/14/2026,SO-902,3000.000,-40.00,Sales - Order 902
06/14/2026,SO-901,1061.000,50.00,Credit Card/PayPal (donorperfect_import) - Order 901
06/14/2026,SO-901,3000.000,-50.00,Sales - Order 901
06/14/2026,SO-899,1061.000,10.00,Credit Card/PayPal (donorperfect_import) - Order 899
06/14/2026,SO-899,3000.000,-10.00,Sales - Order 899
06/14/2026,SO-898,1061.000,25.00,Credit Card/PayPal (donorperfect_import) - Order 898
06/14/2026,SO-898,3000.000,-25.00,Sales - Order 898
06/14/2026,SO-896,1061.000,30.00,Credit Card/PayPal (donorperfect_import) - Order 896
06/14/2026,SO-896,3000.000,-30.00,Sales - Order 896
06/14/2026,SO-181056,1061.000,40.00,Credit Card/PayPal (donorperfect_import) - Order 181056
06/14/2026,SO-181056,3000.000,-40.00,Sales - Order 181056
06/14/2026,SO-172313,1061.000,40.00,Credit Card/PayPal (donorperfect_import) - Order 172313
06/14/2026,SO-172313,3000.000,-40.00,Sales - Order 172313
06/14/2026,SO-159454,1061.000,40.00,Credit Card/PayPal (donorperfect_import) - Order 159454
06/14/2026,SO-159454,3000.000,-40.00,Sales - Order 159454
06/14/2026,SO-153596,1061.000,30.00,Credit Card/PayPal (donorperfect_import) - Order 153596
06/14/2026,SO-153596,3000.000,-30.00,Sales - Order 153596
06/14/2026,SO-148177,1061.000,35.00,Credit Card/PayPal (donorperfect_import) - Order 148177
06/14/2026,SO-148177,3000.000,-35.00,Sales - Order 148177
06/14/2026,SO-895,1061.000,35.00,Credit Card/PayPal (donorperfect_import) - Order 895
06/14/2026,SO-895,3000.000,-35.00,Sales - Order 895
06/14/2026,SO-894,1061.000,35.00,Credit Card/PayPal (donorperfect_import) - Order 894
06/14/2026,SO-894,3000.000,-35.00,Sales - Order 894
06/14/2026,SO-893,1061.000,40.00,Credit Card/PayPal (donorperfect_import) - Order 893
06/14/2026,SO-893,3000.000,-40.00,Sales - Order 893
06/14/2026,SO-892,1061.000,30.00,Credit Card/PayPal (donorperfect_import) - Order 892
06/14/2026,SO-892,3000.000,-30.00,Sales - Order 892
06/14/2026,SO-891,1061.000,10.00,Credit Card/PayPal (donorperfect_import) - Order 891
06/14/2026,SO-891,3000.000,-10.00,Sales - Order 891
06/14/2026,SO-890,1061.000,35.00,Credit Card/PayPal (donorperfect_import) - Order 890
06/14/2026,SO-890,3000.000,-35.00,Sales - Order 890
06/14/2026,SO-888,1061.000,40.00,Credit Card/PayPal (donorperfect_import) - Order 888
06/14/2026,SO-888,3000.000,-40.00,Sales - Order 888
06/14/2026,SO-889,1061.000,40.00,Credit Card/PayPal (donorperfect_import) - Order 889
06/14/2026,SO-889,3000.000,-40.00,Sales - Order 889
06/14/2026,SO-887,1061.000,35.00,Credit Card/PayPal (donorperfect_import) - Order 887
06/14/2026,SO-887,3000.000,-35.00,Sales - Order 887
06/14/2026,SO-886,1061.000,30.00,Credit Card/PayPal (donorperfect_import) - Order 886
06/14/2026,SO-886,3000.000,-30.00,Sales - Order 886
06/14/2026,SO-885,1061.000,25.00,Credit Card/PayPal (donorperfect_import) - Order 885
06/14/2026,SO-885,3000.000,-25.00,Sales - Order 885
06/14/2026,SO-884,1061.000,25.00,Credit Card/PayPal (donorperfect_import) - Order 884
06/14/2026,SO-884,3000.000,-25.00,Sales - Order 884
06/14/2026,SO-846,1061.000,20.00,Credit Card/PayPal (donorperfect_import) - Order 846
06/14/2026,SO-846,3000.000,-20.00,Sales - Order 846
06/14/2026,SO-883,1061.000,30.00,Credit Card/PayPal (donorperfect_import) - Order 883
06/14/2026,SO-883,3000.000,-30.00,Sales - Order 883
06/14/2026,SO-882,1061.000,25.00,Credit Card/PayPal (donorperfect_import) - Order 882
06/14/2026,SO-882,3000.000,-25.00,Sales - Order 882
06/14/2026,SO-881,1061.000,30.00,Credit Card/PayPal (donorperfect_import) - Order 881
06/14/2026,SO-881,3000.000,-30.00,Sales - Order 881
06/14/2026,SO-880,1061.000,25.00,Credit Card/PayPal (donorperfect_import) - Order 880
06/14/2026,SO-880,3000.000,-25.00,Sales - Order 880
06/14/2026,SO-879,1061.000,25.00,Credit Card/PayPal (donorperfect_import) - Order 879
06/14/2026,SO-879,3000.000,-25.00,Sales - Order 879
06/14/2026,SO-878,1061.000,25.00,Credit Card/PayPal (donorperfect_import) - Order 878
06/14/2026,SO-878,3000.000,-25.00,Sales - Order 878
06/14/2026,SO-877,1061.000,25.00,Credit Card/PayPal (donorperfect_import) - Order 877
06/14/2026,SO-877,3000.000,-25.00,Sales - Order 877
06/14/2026,SO-875,1061.000,25.00,Credit Card/PayPal (donorperfect_import) - Order 875
06/14/2026,SO-875,3000.000,-25.00,Sales - Order 875
06/14/2026,SO-876,1061.000,30.00,Credit Card/PayPal (donorperfect_import) - Order 876
06/14/2026,SO-876,3000.000,-30.00,Sales - Order 876
06/14/2026,SO-874,1061.000,25.00,Credit Card/PayPal (donorperfect_import) - Order 874
06/14/2026,SO-874,3000.000,-25.00,Sales - Order 874
06/14/2026,SO-873,1061.000,25.00,Credit Card/PayPal (donorperfect_import) - Order 873
06/14/2026,SO-873,3000.000,-25.00,Sales - Order 873
06/14/2026,SO-872,1061.000,25.00,Credit Card/PayPal (donorperfect_import) - Order 872
06/14/2026,SO-872,3000.000,-25.00,Sales - Order 872
06/14/2026,SO-870,1061.000,25.00,Credit Card/PayPal (donorperfect_import) - Order 870
06/14/2026,SO-870,3000.000,-25.00,Sales - Order 870
06/14/2026,SO-868,1061.000,25.00,Credit Card/PayPal (donorperfect_import) - Order 868
06/14/2026,SO-868,3000.000,-25.00,Sales - Order 868
06/14/2026,SO-869,1061.000,25.00,Credit Card/PayPal (donorperfect_import) - Order 869
06/14/2026,SO-869,3000.000,-25.00,Sales - Order 869
06/14/2026,SO-871,1061.000,200.00,Credit Card/PayPal (donorperfect_import) - Order 871
06/14/2026,SO-871,3000.000,-200.00,Sales - Order 871
06/14/2026,SO-867,1061.000,25.00,Credit Card/PayPal (donorperfect_import) - Order 867
06/14/2026,SO-867,3000.000,-25.00,Sales - Order 867
06/14/2026,SO-865,1061.000,20.00,Credit Card/PayPal (donorperfect_import) - Order 865
06/14/2026,SO-865,3000.000,-20.00,Sales - Order 865
06/14/2026,SO-866,1061.000,25.00,Credit Card/PayPal (donorperfect_import) - Order 866
06/14/2026,SO-866,3000.000,-25.00,Sales - Order 866
06/14/2026,SO-863,1061.000,250.00,Credit Card/PayPal (donorperfect_import) - Order 863
06/14/2026,SO-863,3000.000,-250.00,Sales - Order 863
06/14/2026,SO-862,1061.000,25.00,Credit Card/PayPal (donorperfect_import) - Order 862
06/14/2026,SO-862,3000.000,-25.00,Sales - Order 862
06/14/2026,SO-860,1061.000,25.00,Credit Card/PayPal (donorperfect_import) - Order 860
06/14/2026,SO-860,3000.000,-25.00,Sales - Order 860
06/14/2026,SO-861,1061.000,25.00,Credit Card/PayPal (donorperfect_import) - Order 861
06/14/2026,SO-861,3000.000,-25.00,Sales - Order 861
06/14/2026,SO-864,1061.000,25.00,Credit Card/PayPal (donorperfect_import) - Order 864
06/14/2026,SO-864,3000.000,-25.00,Sales - Order 864
06/14/2026,SO-859,1061.000,25.00,Credit Card/PayPal (donorperfect_import) - Order 859
06/14/2026,SO-859,3000.000,-25.00,Sales - Order 859
06/14/2026,SO-858,1061.000,25.00,Credit Card/PayPal (donorperfect_import) - Order 858
06/14/2026,SO-858,3000.000,-25.00,Sales - Order 858
06/14/2026,SO-857,1061.000,15.00,Credit Card/PayPal (donorperfect_import) - Order 857
06/14/2026,SO-857,3000.000,-15.00,Sales - Order 857
06/14/2026,SO-856,1061.000,25.00,Credit Card/PayPal (donorperfect_import) - Order 856
06/14/2026,SO-856,3000.000,-25.00,Sales - Order 856
06/14/2026,SO-855,1061.000,25.00,Credit Card/PayPal (donorperfect_import) - Order 855
06/14/2026,SO-855,3000.000,-25.00,Sales - Order 855
06/14/2026,SO-852,1061.000,20.00,Credit Card/PayPal (donorperfect_import) - Order 852
06/14/2026,SO-852,3000.000,-20.00,Sales - Order 852
06/14/2026,SO-854,1061.000,20.00,Credit Card/PayPal (donorperfect_import) - Order 854
06/14/2026,SO-854,3000.000,-20.00,Sales - Order 854
06/14/2026,SO-853,1061.000,20.00,Credit Card/PayPal (donorperfect_import) - Order 853
06/14/2026,SO-853,3000.000,-20.00,Sales - Order 853
06/14/2026,SO-851,1061.000,20.00,Credit Card/PayPal (donorperfect_import) - Order 851
06/14/2026,SO-851,3000.000,-20.00,Sales - Order 851
06/14/2026,SO-850,1061.000,16.00,Credit Card/PayPal (donorperfect_import) - Order 850
06/14/2026,SO-850,3000.000,-16.00,Sales - Order 850
06/14/2026,SO-849,1061.000,20.00,Credit Card/PayPal (donorperfect_import) - Order 849
06/14/2026,SO-849,3000.000,-20.00,Sales - Order 849
06/14/2026,SO-848,1061.000,20.00,Credit Card/PayPal (donorperfect_import) - Order 848
06/14/2026,SO-848,3000.000,-20.00,Sales - Order 848
06/14/2026,SO-847,1061.000,20.00,Credit Card/PayPal (donorperfect_import) - Order 847
06/14/2026,SO-847,3000.000,-20.00,Sales - Order 847
06/14/2026,SO-845,1061.000,50.00,Credit Card/PayPal (donorperfect_import) - Order 845
06/14/2026,SO-845,3000.000,-50.00,Sales - Order 845
06/14/2026,SO-844,1061.000,50.00,Credit Card/PayPal (donorperfect_import) - Order 844
06/14/2026,SO-844,3000.000,-50.00,Sales - Order 844
06/14/2026,SO-843,1061.000,50.00,Credit Card/PayPal (donorperfect_import) - Order 843
06/14/2026,SO-843,3000.000,-50.00,Sales - Order 843
06/14/2026,SO-842,1061.000,40.00,Credit Card/PayPal (donorperfect_import) - Order 842
06/14/2026,SO-842,3000.000,-40.00,Sales - Order 842
06/14/2026,SO-840,1061.000,40.00,Credit Card/PayPal (donorperfect_import) - Order 840
06/14/2026,SO-840,3000.000,-40.00,Sales - Order 840
06/14/2026,SO-841,1061.000,40.00,Credit Card/PayPal (donorperfect_import) - Order 841
06/14/2026,SO-841,3000.000,-40.00,Sales - Order 841
06/14/2026,SO-839,1061.000,50.00,Credit Card/PayPal (donorperfect_import) - Order 839
06/14/2026,SO-839,3000.000,-50.00,Sales - Order 839
06/14/2026,SO-838,1061.000,100.00,Credit Card/PayPal (donorperfect_import) - Order 838
06/14/2026,SO-838,3000.000,-100.00,Sales - Order 838
06/14/2026,SO-837,1061.000,50.00,Credit Card/PayPal (donorperfect_import) - Order 837
06/14/2026,SO-837,3000.000,-50.00,Sales - Order 837
06/14/2026,SO-836,1061.000,50.00,Credit Card/PayPal (donorperfect_import) - Order 836
06/14/2026,SO-836,3000.000,-50.00,Sales - Order 836
06/14/2026,SO-835,1061.000,50.00,Credit Card/PayPal (donorperfect_import) - Order 835
06/14/2026,SO-835,3000.000,-50.00,Sales - Order 835
06/14/2026,SO-834,1061.000,20.00,Credit Card/PayPal (donorperfect_import) - Order 834
06/14/2026,SO-834,3000.000,-20.00,Sales - Order 834
06/14/2026,SO-831,1061.000,1.00,Credit Card/PayPal (donorperfect_import) - Order 831
06/14/2026,SO-831,3000.000,-1.00,Sales - Order 831
06/14/2026,SO-833,1061.000,4.00,Credit Card/PayPal (donorperfect_import) - Order 833
06/14/2026,SO-833,3000.000,-4.00,Sales - Order 833
06/14/2026,SO-832,1061.000,2.00,Credit Card/PayPal (donorperfect_import) - Order 832
06/14/2026,SO-832,3000.000,-2.00,Sales - Order 832
06/14/2026,SO-830,1061.000,35.00,Credit Card/PayPal (donorperfect_import) - Order 830
06/14/2026,SO-830,3000.000,-35.00,Sales - Order 830
06/14/2026,SO-829,1061.000,20.00,Credit Card/PayPal (donorperfect_import) - Order 829
06/14/2026,SO-829,3000.000,-20.00,Sales - Order 829
06/14/2026,SO-828,1061.000,30.00,Credit Card/PayPal (donorperfect_import) - Order 828
06/14/2026,SO-828,3000.000,-30.00,Sales - Order 828
06/14/2026,SO-827,1061.000,35.00,Credit Card/PayPal (donorperfect_import) - Order 827
06/14/2026,SO-827,3000.000,-35.00,Sales - Order 827
06/14/2026,SO-826,1061.000,20.00,Credit Card/PayPal (donorperfect_import) - Order 826
06/14/2026,SO-826,3000.000,-20.00,Sales - Order 826
06/14/2026,SO-824,1061.000,25.00,Credit Card/PayPal (donorperfect_import) - Order 824
06/14/2026,SO-824,3000.000,-25.00,Sales - Order 824
06/14/2026,SO-825,1061.000,35.00,Credit Card/PayPal (donorperfect_import) - Order 825
06/14/2026,SO-825,3000.000,-35.00,Sales - Order 825
06/14/2026,SO-820,1061.000,30.00,Credit Card/PayPal (donorperfect_import) - Order 820
06/14/2026,SO-820,3000.000,-30.00,Sales - Order 820
06/14/2026,SO-822,1061.000,30.00,Credit Card/PayPal (donorperfect_import) - Order 822
06/14/2026,SO-822,3000.000,-30.00,Sales - Order 822
06/14/2026,SO-821,1061.000,30.00,Credit Card/PayPal (donorperfect_import) - Order 821
06/14/2026,SO-821,3000.000,-30.00,Sales - Order 821
06/14/2026,SO-823,1061.000,50.00,Credit Card/PayPal (donorperfect_import) - Order 823
06/14/2026,SO-823,3000.000,-50.00,Sales - Order 823
06/14/2026,SO-819,1061.000,50.00,Credit Card/PayPal (donorperfect_import) - Order 819
06/14/2026,SO-819,3000.000,-50.00,Sales - Order 819
06/14/2026,SO-818,1061.000,30.00,Credit Card/PayPal (donorperfect_import) - Order 818
06/14/2026,SO-818,3000.000,-30.00,Sales - Order 818
06/14/2026,SO-817,1061.000,26.00,Credit Card/PayPal (donorperfect_import) - Order 817
06/14/2026,SO-817,3000.000,-26.00,Sales - Order 817
06/14/2026,SO-816,1061.000,35.00,Credit Card/PayPal (donorperfect_import) - Order 816
06/14/2026,SO-816,3000.000,-35.00,Sales - Order 816
06/14/2026,SO-815,1061.000,40.00,Credit Card/PayPal (donorperfect_import) - Order 815
06/14/2026,SO-815,3000.000,-40.00,Sales - Order 815
06/14/2026,SO-814,1061.000,50.00,Credit Card/PayPal (donorperfect_import) - Order 814
06/14/2026,SO-814,3000.000,-50.00,Sales - Order 814
06/14/2026,SO-813,1061.000,20.00,Credit Card/PayPal (donorperfect_import) - Order 813
06/14/2026,SO-813,3000.000,-20.00,Sales - Order 813
06/14/2026,SO-812,1061.000,125.00,Credit Card/PayPal (donorperfect_import) - Order 812
06/14/2026,SO-812,3000.000,-125.00,Sales - Order 812
06/14/2026,SO-811,1061.000,50.00,Credit Card/PayPal (donorperfect_import) - Order 811
06/14/2026,SO-811,3000.000,-50.00,Sales - Order 811
06/14/2026,SO-810,1061.000,20.00,Credit Card/PayPal (donorperfect_import) - Order 810
06/14/2026,SO-810,3000.000,-20.00,Sales - Order 810
06/14/2026,SO-809,1061.000,20.00,Credit Card/PayPal (donorperfect_import) - Order 809
06/14/2026,SO-809,3000.000,-20.00,Sales - Order 809
06/14/2026,SO-808,1061.000,20.00,Credit Card/PayPal (donorperfect_import) - Order 808
06/14/2026,SO-808,3000.000,-20.00,Sales - Order 808
06/14/2026,SO-807,1061.000,20.00,Credit Card/PayPal (donorperfect_import) - Order 807
06/14/2026,SO-807,3000.000,-20.00,Sales - Order 807
06/14/2026,SO-806,1061.000,20.00,Credit Card/PayPal (donorperfect_import) - Order 806
06/14/2026,SO-806,3000.000,-20.00,Sales - Order 806
06/14/2026,SO-805,1061.000,10.00,Credit Card/PayPal (donorperfect_import) - Order 805
06/14/2026,SO-805,3000.000,-10.00,Sales - Order 805
06/14/2026,SO-803,1061.000,20.00,Credit Card/PayPal (donorperfect_import) - Order 803
06/14/2026,SO-803,3000.000,-20.00,Sales - Order 803
06/14/2026,SO-804,1061.000,20.00,Credit Card/PayPal (donorperfect_import) - Order 804
06/14/2026,SO-804,3000.000,-20.00,Sales - Order 804
06/14/2026,SO-801,1061.000,100.00,Credit Card/PayPal (donorperfect_import) - Order 801
06/14/2026,SO-801,3000.000,-100.00,Sales - Order 801
06/14/2026,SO-802,1061.000,100.00,Credit Card/PayPal (donorperfect_import) - Order 802
06/14/2026,SO-802,3000.000,-100.00,Sales - Order 802
06/14/2026,SO-800,1061.000,100.00,Credit Card/PayPal (donorperfect_import) - Order 800
06/14/2026,SO-800,3000.000,-100.00,Sales - Order 800
06/14/2026,SO-799,1061.000,100.00,Credit Card/PayPal (donorperfect_import) - Order 799
06/14/2026,SO-799,3000.000,-100.00,Sales - Order 799
06/14/2026,SO-798,1061.000,200.00,Credit Card/PayPal (donorperfect_import) - Order 798
06/14/2026,SO-798,3000.000,-200.00,Sales - Order 798
06/14/2026,SO-790,1061.000,875.00,Credit Card/PayPal (donorperfect_import) - Order 790
06/14/2026,SO-790,3000.000,-875.00,Sales - Order 790
06/14/2026,SO-789,1061.000,35.00,Credit Card/PayPal (donorperfect_import) - Order 789
06/14/2026,SO-789,3000.000,-35.00,Sales - Order 789
06/14/2026,SO-787,1061.000,100.00,Credit Card/PayPal (donorperfect_import) - Order 787
06/14/2026,SO-787,3000.000,-100.00,Sales - Order 787
06/14/2026,SO-788,1061.000,30.00,Credit Card/PayPal (donorperfect_import) - Order 788
06/14/2026,SO-788,3000.000,-30.00,Sales - Order 788
06/14/2026,SO-786,1061.000,50.00,Credit Card/PayPal (donorperfect_import) - Order 786
06/14/2026,SO-786,3000.000,-50.00,Sales - Order 786
06/14/2026,SO-785,1061.000,50.00,Credit Card/PayPal (donorperfect_import) - Order 785
06/14/2026,SO-785,3000.000,-50.00,Sales - Order 785
06/14/2026,SO-784,1061.000,30.00,Credit Card/PayPal (donorperfect_import) - Order 784
06/14/2026,SO-784,3000.000,-30.00,Sales - Order 784
06/14/2026,SO-783,1061.000,125.00,Credit Card/PayPal (donorperfect_import) - Order 783
06/14/2026,SO-783,3000.000,-125.00,Sales - Order 783
06/14/2026,SO-782,1061.000,125.00,Credit Card/PayPal (donorperfect_import) - Order 782
06/14/2026,SO-782,3000.000,-125.00,Sales - Order 782
06/14/2026,SO-781,1061.000,100.00,Credit Card/PayPal (donorperfect_import) - Order 781
06/14/2026,SO-781,3000.000,-100.00,Sales - Order 781
06/14/2026,SO-780,1061.000,100.00,Credit Card/PayPal (donorperfect_import) - Order 780
06/14/2026,SO-780,3000.000,-100.00,Sales - Order 780
06/14/2026,SO-779,1061.000,50.00,Credit Card/PayPal (donorperfect_import) - Order 779
06/14/2026,SO-779,3000.000,-50.00,Sales - Order 779
06/14/2026,SO-778,1061.000,20.00,Credit Card/PayPal (donorperfect_import) - Order 778
06/14/2026,SO-778,3000.000,-20.00,Sales - Order 778
06/14/2026,SO-777,1061.000,20.00,Credit Card/PayPal (donorperfect_import) - Order 777
06/14/2026,SO-777,3000.000,-20.00,Sales - Order 777
06/14/2026,SO-776,1061.000,20.00,Credit Card/PayPal (donorperfect_import) - Order 776
06/14/2026,SO-776,3000.000,-20.00,Sales - Order 776
06/14/2026,SO-775,1061.000,20.00,Credit Card/PayPal (donorperfect_import) - Order 775
06/14/2026,SO-775,3000.000,-20.00,Sales - Order 775
06/14/2026,SO-774,1061.000,20.00,Credit Card/PayPal (donorperfect_import) - Order 774
06/14/2026,SO-774,3000.000,-20.00,Sales - Order 774
06/14/2026,SO-773,1061.000,10.00,Credit Card/PayPal (donorperfect_import) - Order 773
06/14/2026,SO-773,3000.000,-10.00,Sales - Order 773
06/14/2026,SO-771,1061.000,20.00,Credit Card/PayPal (donorperfect_import) - Order 771
06/14/2026,SO-771,3000.000,-20.00,Sales - Order 771
06/14/2026,SO-772,1061.000,10.00,Credit Card/PayPal (donorperfect_import) - Order 772
06/14/2026,SO-772,3000.000,-10.00,Sales - Order 772
06/14/2026,SO-231688,1061.000,1500.00,Credit Card/PayPal (donorperfect_import) - Order 231688
06/14/2026,SO-231688,3000.000,-1500.00,Sales - Order 231688
06/14/2026,SO-227006,1061.000,40.00,Credit Card/PayPal (donorperfect_import) - Order 227006
06/14/2026,SO-227006,3000.000,-40.00,Sales - Order 227006
06/14/2026,SO-219817,1061.000,1000.00,Credit Card/PayPal (donorperfect_import) - Order 219817
06/14/2026,SO-219817,3000.000,-1000.00,Sales - Order 219817
06/14/2026,SO-192176,1061.000,40.00,Credit Card/PayPal (donorperfect_import) - Order 192176
06/14/2026,SO-192176,3000.000,-40.00,Sales - Order 192176
06/14/2026,SO-215576,1061.000,40.00,Credit Card/PayPal (donorperfect_import) - Order 215576
06/14/2026,SO-215576,3000.000,-40.00,Sales - Order 215576
06/14/2026,SO-205927,1061.000,1000.00,Credit Card/PayPal (donorperfect_import) - Order 205927
06/14/2026,SO-205927,3000.000,-1000.00,Sales - Order 205927
06/14/2026,SO-202958,1061.000,40.00,Credit Card/PayPal (donorperfect_import) - Order 202958
06/14/2026,SO-202958,3000.000,-40.00,Sales - Order 202958
06/14/2026,SO-196956,1061.000,1200.00,Credit Card/PayPal (donorperfect_import) - Order 196956
06/14/2026,SO-196956,3000.000,-1200.00,Sales - Order 196956
06/14/2026,SO-185678,1061.000,1000.00,Credit Card/PayPal (donorperfect_import) - Order 185678
06/14/2026,SO-185678,3000.000,-1000.00,Sales - Order 185678
06/14/2026,SO-161771,1061.000,1025.00,Credit Card/PayPal (donorperfect_import) - Order 161771
06/14/2026,SO-161771,3000.000,-1025.00,Sales - Order 161771
06/14/2026,SO-181845,1061.000,40.00,Credit Card/PayPal (donorperfect_import) - Order 181845
06/14/2026,SO-181845,3000.000,-40.00,Sales - Order 181845
06/14/2026,SO-174568,1061.000,1000.00,Credit Card/PayPal (donorperfect_import) - Order 174568
06/14/2026,SO-174568,3000.000,-1000.00,Sales - Order 174568
06/14/2026,SO-171718,1061.000,40.00,Credit Card/PayPal (donorperfect_import) - Order 171718
06/14/2026,SO-171718,3000.000,-40.00,Sales - Order 171718
06/14/2026,SO-165461,1061.000,500.00,Credit Card/PayPal (donorperfect_import) - Order 165461
06/14/2026,SO-165461,3000.000,-500.00,Sales - Order 165461
06/14/2026,SO-156927,1061.000,38.25,Credit Card/PayPal (donorperfect_import) - Order 156927
06/14/2026,SO-156927,3000.000,-36.00,Sales - Order 156927
06/14/2026,SO-156927,2110.000,-2.25,Sales Tax - Order 156927
06/14/2026,SO-158372,1061.000,80.15,Credit Card/PayPal (donorperfect_import) - Order 158372
06/14/2026,SO-158372,3000.000,-36.00,Sales - Order 158372
06/14/2026,SO-158372,3040.000,-44.15,Shipping - Order 158372
06/14/2026,SO-156926,1061.000,38.25,Credit Card/PayPal (donorperfect_import) - Order 156926
06/14/2026,SO-156926,3000.000,-36.00,Sales - Order 156926
06/14/2026,SO-156926,2110.000,-2.25,Sales Tax - Order 156926
06/14/2026,SO-158371,1061.000,80.15,Credit Card/PayPal (donorperfect_import) - Order 158371
06/14/2026,SO-158371,3000.000,-36.00,Sales - Order 158371
06/14/2026,SO-158371,3040.000,-44.15,Shipping - Order 158371
06/14/2026,SO-152724,1061.000,200.00,Credit Card/PayPal (donorperfect_import) - Order 152724
06/14/2026,SO-152724,3000.000,-200.00,Sales - Order 152724
06/14/2026,SO-161682,1061.000,40.00,Credit Card/PayPal (donorperfect_import) - Order 161682
06/14/2026,SO-161682,3000.000,-40.00,Sales - Order 161682
06/14/2026,SO-152759,1061.000,46.25,Credit Card/PayPal (donorperfect_import) - Order 152759
06/14/2026,SO-152759,3000.000,-36.00,Sales - Order 152759
06/14/2026,SO-152759,2110.000,-2.25,Sales Tax - Order 152759
06/14/2026,SO-152759,3040.000,-8.00,Shipping - Order 152759
06/14/2026,SO-152757,1061.000,46.25,Credit Card/PayPal (donorperfect_import) - Order 152757
06/14/2026,SO-152757,3000.000,-36.00,Sales - Order 152757
06/14/2026,SO-152757,2110.000,-2.25,Sales Tax - Order 152757
06/14/2026,SO-152757,3040.000,-8.00,Shipping - Order 152757
06/14/2026,SO-154075,1061.000,500.00,Credit Card/PayPal (donorperfect_import) - Order 154075
06/14/2026,SO-154075,3000.000,-500.00,Sales - Order 154075
06/14/2026,SO-152758,1061.000,46.25,Credit Card/PayPal (donorperfect_import) - Order 152758
06/14/2026,SO-152758,3000.000,-36.00,Sales - Order 152758
06/14/2026,SO-152758,2110.000,-2.25,Sales Tax - Order 152758
06/14/2026,SO-152758,3040.000,-8.00,Shipping - Order 152758
06/14/2026,SO-754,1061.000,50.00,Credit Card/PayPal (donorperfect_import) - Order 754
06/14/2026,SO-754,3000.000,-50.00,Sales - Order 754
06/14/2026,SO-770,1061.000,500.00,Credit Card/PayPal (donorperfect_import) - Order 770
06/14/2026,SO-770,3000.000,-500.00,Sales - Order 770
06/14/2026,SO-151299,1061.000,35.00,Credit Card/PayPal (donorperfect_import) - Order 151299
06/14/2026,SO-151299,3000.000,-35.00,Sales - Order 151299
06/14/2026,SO-769,1061.000,35.00,Credit Card/PayPal (donorperfect_import) - Order 769
06/14/2026,SO-769,3000.000,-35.00,Sales - Order 769
06/14/2026,SO-768,1061.000,500.00,Credit Card/PayPal (donorperfect_import) - Order 768
06/14/2026,SO-768,3000.000,-500.00,Sales - Order 768
06/14/2026,SO-767,1061.000,35.00,Credit Card/PayPal (donorperfect_import) - Order 767
06/14/2026,SO-767,3000.000,-35.00,Sales - Order 767
06/14/2026,SO-766,1061.000,400.00,Credit Card/PayPal (donorperfect_import) - Order 766
06/14/2026,SO-766,3000.000,-400.00,Sales - Order 766
06/14/2026,SO-762,1061.000,300.00,Credit Card/PayPal (donorperfect_import) - Order 762
06/14/2026,SO-762,3000.000,-300.00,Sales - Order 762
06/14/2026,SO-765,1061.000,35.00,Credit Card/PayPal (donorperfect_import) - Order 765
06/14/2026,SO-765,3000.000,-35.00,Sales - Order 765
06/14/2026,SO-764,1061.000,300.00,Credit Card/PayPal (donorperfect_import) - Order 764
06/14/2026,SO-764,3000.000,-300.00,Sales - Order 764
06/14/2026,SO-763,1061.000,35.00,Credit Card/PayPal (donorperfect_import) - Order 763
06/14/2026,SO-763,3000.000,-35.00,Sales - Order 763
06/14/2026,SO-761,1061.000,215.00,Credit Card/PayPal (donorperfect_import) - Order 761
06/14/2026,SO-761,3000.000,-215.00,Sales - Order 761
06/14/2026,SO-760,1061.000,35.00,Credit Card/PayPal (donorperfect_import) - Order 760
06/14/2026,SO-760,3000.000,-35.00,Sales - Order 760
06/14/2026,SO-759,1061.000,115.00,Credit Card/PayPal (donorperfect_import) - Order 759
06/14/2026,SO-759,3000.000,-115.00,Sales - Order 759
06/14/2026,SO-758,1061.000,35.00,Credit Card/PayPal (donorperfect_import) - Order 758
06/14/2026,SO-758,3000.000,-35.00,Sales - Order 758
06/14/2026,SO-757,1061.000,50.00,Credit Card/PayPal (donorperfect_import) - Order 757
06/14/2026,SO-757,3000.000,-50.00,Sales - Order 757
06/14/2026,SO-756,1061.000,50.00,Credit Card/PayPal (donorperfect_import) - Order 756
06/14/2026,SO-756,3000.000,-50.00,Sales - Order 756
06/14/2026,SO-755,1061.000,50.00,Credit Card/PayPal (donorperfect_import) - Order 755
06/14/2026,SO-755,3000.000,-50.00,Sales - Order 755
06/14/2026,SO-752,1061.000,50.00,Credit Card/PayPal (donorperfect_import) - Order 752
06/14/2026,SO-752,3000.000,-50.00,Sales - Order 752
06/14/2026,SO-753,1061.000,50.00,Credit Card/PayPal (donorperfect_import) - Order 753
06/14/2026,SO-753,3000.000,-50.00,Sales - Order 753
06/14/2026,SO-751,1061.000,100.00,Credit Card/PayPal (donorperfect_import) - Order 751
06/14/2026,SO-751,3000.000,-100.00,Sales - Order 751
06/14/2026,SO-750,1061.000,250.00,Credit Card/PayPal (donorperfect_import) - Order 750
06/14/2026,SO-750,3000.000,-250.00,Sales - Order 750
06/14/2026,SO-749,1061.000,25.00,Credit Card/PayPal (donorperfect_import) - Order 749
06/14/2026,SO-749,3000.000,-25.00,Sales - Order 749
06/14/2026,SO-748,1061.000,25.00,Credit Card/PayPal (donorperfect_import) - Order 748
06/14/2026,SO-748,3000.000,-25.00,Sales - Order 748
06/14/2026,SO-747,1061.000,25.00,Credit Card/PayPal (donorperfect_import) - Order 747
06/14/2026,SO-747,3000.000,-25.00,Sales - Order 747
06/14/2026,SO-746,1061.000,25.00,Credit Card/PayPal (donorperfect_import) - Order 746
06/14/2026,SO-746,3000.000,-25.00,Sales - Order 746
06/14/2026,SO-745,1061.000,25.00,Credit Card/PayPal (donorperfect_import) - Order 745
06/14/2026,SO-745,3000.000,-25.00,Sales - Order 745
06/14/2026,SO-744,1061.000,25.00,Credit Card/PayPal (donorperfect_import) - Order 744
06/14/2026,SO-744,3000.000,-25.00,Sales - Order 744
06/14/2026,SO-709,1061.000,20.00,Credit Card/PayPal (donorperfect_import) - Order 709
06/14/2026,SO-709,3000.000,-20.00,Sales - Order 709
06/14/2026,SO-743,1061.000,25.00,Credit Card/PayPal (donorperfect_import) - Order 743
06/14/2026,SO-743,3000.000,-25.00,Sales - Order 743
06/14/2026,SO-742,1061.000,25.00,Credit Card/PayPal (donorperfect_import) - Order 742
06/14/2026,SO-742,3000.000,-25.00,Sales - Order 742
06/14/2026,SO-741,1061.000,25.00,Credit Card/PayPal (donorperfect_import) - Order 741
06/14/2026,SO-741,3000.000,-25.00,Sales - Order 741
06/14/2026,SO-740,1061.000,25.00,Credit Card/PayPal (donorperfect_import) - Order 740
06/14/2026,SO-740,3000.000,-25.00,Sales - Order 740
06/14/2026,SO-739,1061.000,20.00,Credit Card/PayPal (donorperfect_import) - Order 739
06/14/2026,SO-739,3000.000,-20.00,Sales - Order 739
06/14/2026,SO-738,1061.000,20.00,Credit Card/PayPal (donorperfect_import) - Order 738
06/14/2026,SO-738,3000.000,-20.00,Sales - Order 738
06/14/2026,SO-737,1061.000,20.00,Credit Card/PayPal (donorperfect_import) - Order 737
06/14/2026,SO-737,3000.000,-20.00,Sales - Order 737
06/14/2026,SO-736,1061.000,20.00,Credit Card/PayPal (donorperfect_import) - Order 736
06/14/2026,SO-736,3000.000,-20.00,Sales - Order 736
06/14/2026,SO-735,1061.000,20.00,Credit Card/PayPal (donorperfect_import) - Order 735
06/14/2026,SO-735,3000.000,-20.00,Sales - Order 735
06/14/2026,SO-734,1061.000,20.00,Credit Card/PayPal (donorperfect_import) - Order 734
06/14/2026,SO-734,3000.000,-20.00,Sales - Order 734
06/14/2026,SO-733,1061.000,25.00,Credit Card/PayPal (donorperfect_import) - Order 733
06/14/2026,SO-733,3000.000,-25.00,Sales - Order 733
06/14/2026,SO-731,1061.000,35.00,Credit Card/PayPal (donorperfect_import) - Order 731
06/14/2026,SO-731,3000.000,-35.00,Sales - Order 731
06/14/2026,SO-732,1061.000,20.00,Credit Card/PayPal (donorperfect_import) - Order 732
06/14/2026,SO-732,3000.000,-20.00,Sales - Order 732
06/14/2026,SO-730,1061.000,35.00,Credit Card/PayPal (donorperfect_import) - Order 730
06/14/2026,SO-730,3000.000,-35.00,Sales - Order 730
06/14/2026,SO-729,1061.000,35.00,Credit Card/PayPal (donorperfect_import) - Order 729
06/14/2026,SO-729,3000.000,-35.00,Sales - Order 729
06/14/2026,SO-728,1061.000,35.00,Credit Card/PayPal (donorperfect_import) - Order 728
06/14/2026,SO-728,3000.000,-35.00,Sales - Order 728
06/14/2026,SO-727,1061.000,35.00,Credit Card/PayPal (donorperfect_import) - Order 727
06/14/2026,SO-727,3000.000,-35.00,Sales - Order 727
06/14/2026,SO-726,1061.000,25.00,Credit Card/PayPal (donorperfect_import) - Order 726
06/14/2026,SO-726,3000.000,-25.00,Sales - Order 726
06/14/2026,SO-725,1061.000,25.00,Credit Card/PayPal (donorperfect_import) - Order 725
06/14/2026,SO-725,3000.000,-25.00,Sales - Order 725
06/14/2026,SO-724,1061.000,25.00,Credit Card/PayPal (donorperfect_import) - Order 724
06/14/2026,SO-724,3000.000,-25.00,Sales - Order 724
06/14/2026,SO-723,1061.000,25.00,Credit Card/PayPal (donorperfect_import) - Order 723
06/14/2026,SO-723,3000.000,-25.00,Sales - Order 723
06/14/2026,SO-722,1061.000,25.00,Credit Card/PayPal (donorperfect_import) - Order 722
06/14/2026,SO-722,3000.000,-25.00,Sales - Order 722
06/14/2026,SO-721,1061.000,25.00,Credit Card/PayPal (donorperfect_import) - Order 721
06/14/2026,SO-721,3000.000,-25.00,Sales - Order 721
06/14/2026,SO-720,1061.000,100.00,Credit Card/PayPal (donorperfect_import) - Order 720
06/14/2026,SO-720,3000.000,-100.00,Sales - Order 720
06/14/2026,SO-718,1061.000,25.00,Credit Card/PayPal (donorperfect_import) - Order 718
06/14/2026,SO-718,3000.000,-25.00,Sales - Order 718
06/14/2026,SO-719,1061.000,25.00,Credit Card/PayPal (donorperfect_import) - Order 719
06/14/2026,SO-719,3000.000,-25.00,Sales - Order 719
06/14/2026,SO-717,1061.000,25.00,Credit Card/PayPal (donorperfect_import) - Order 717
06/14/2026,SO-717,3000.000,-25.00,Sales - Order 717
06/14/2026,SO-716,1061.000,25.00,Credit Card/PayPal (donorperfect_import) - Order 716
06/14/2026,SO-716,3000.000,-25.00,Sales - Order 716
06/14/2026,SO-715,1061.000,25.00,Credit Card/PayPal (donorperfect_import) - Order 715
06/14/2026,SO-715,3000.000,-25.00,Sales - Order 715
06/14/2026,SO-713,1061.000,25.00,Credit Card/PayPal (donorperfect_import) - Order 713
06/14/2026,SO-713,3000.000,-25.00,Sales - Order 713
06/14/2026,SO-712,1061.000,25.00,Credit Card/PayPal (donorperfect_import) - Order 712
06/14/2026,SO-712,3000.000,-25.00,Sales - Order 712
06/14/2026,SO-714,1061.000,25.00,Credit Card/PayPal (donorperfect_import) - Order 714
06/14/2026,SO-714,3000.000,-25.00,Sales - Order 714
06/14/2026,SO-711,1061.000,25.00,Credit Card/PayPal (donorperfect_import) - Order 711
06/14/2026,SO-711,3000.000,-25.00,Sales - Order 711
06/14/2026,SO-710,1061.000,20.00,Credit Card/PayPal (donorperfect_import) - Order 710
06/14/2026,SO-710,3000.000,-20.00,Sales - Order 710
06/14/2026,SO-708,1061.000,20.00,Credit Card/PayPal (donorperfect_import) - Order 708
06/14/2026,SO-708,3000.000,-20.00,Sales - Order 708
06/14/2026,SO-707,1061.000,20.00,Credit Card/PayPal (donorperfect_import) - Order 707
06/14/2026,SO-707,3000.000,-20.00,Sales - Order 707
06/14/2026,SO-706,1061.000,20.00,Credit Card/PayPal (donorperfect_import) - Order 706
06/14/2026,SO-706,3000.000,-20.00,Sales - Order 706
06/14/2026,SO-705,1061.000,20.00,Credit Card/PayPal (donorperfect_import) - Order 705
06/14/2026,SO-705,3000.000,-20.00,Sales - Order 705
06/14/2026,SO-704,1061.000,20.00,Credit Card/PayPal (donorperfect_import) - Order 704
06/14/2026,SO-704,3000.000,-20.00,Sales - Order 704
06/14/2026,SO-703,1061.000,20.00,Credit Card/PayPal (donorperfect_import) - Order 703
06/14/2026,SO-703,3000.000,-20.00,Sales - Order 703
06/14/2026,SO-702,1061.000,1000.00,Credit Card/PayPal (donorperfect_import) - Order 702
06/14/2026,SO-702,3000.000,-1000.00,Sales - Order 702
06/14/2026,SO-700,1061.000,1000.00,Credit Card/PayPal (donorperfect_import) - Order 700
06/14/2026,SO-700,3000.000,-1000.00,Sales - Order 700
06/14/2026,SO-701,1061.000,1000.00,Credit Card/PayPal (donorperfect_import) - Order 701
06/14/2026,SO-701,3000.000,-1000.00,Sales - Order 701
06/14/2026,SO-699,1061.000,1000.00,Credit Card/PayPal (donorperfect_import) - Order 699
06/14/2026,SO-699,3000.000,-1000.00,Sales - Order 699
06/14/2026,SO-697,1061.000,1000.00,Credit Card/PayPal (donorperfect_import) - Order 697
06/14/2026,SO-697,3000.000,-1000.00,Sales - Order 697
06/14/2026,SO-698,1061.000,1000.00,Credit Card/PayPal (donorperfect_import) - Order 698
06/14/2026,SO-698,3000.000,-1000.00,Sales - Order 698
06/14/2026,SO-696,1061.000,1000.00,Credit Card/PayPal (donorperfect_import) - Order 696
06/14/2026,SO-696,3000.000,-1000.00,Sales - Order 696
06/14/2026,SO-695,1061.000,100.00,Credit Card/PayPal (donorperfect_import) - Order 695
06/14/2026,SO-695,3000.000,-100.00,Sales - Order 695
06/14/2026,SO-694,1061.000,100.00,Credit Card/PayPal (donorperfect_import) - Order 694
06/14/2026,SO-694,3000.000,-100.00,Sales - Order 694
06/14/2026,SO-691,1061.000,1000.00,Credit Card/PayPal (donorperfect_import) - Order 691
06/14/2026,SO-691,3000.000,-1000.00,Sales - Order 691
06/14/2026,SO-692,1061.000,5.00,Credit Card/PayPal (donorperfect_import) - Order 692
06/14/2026,SO-692,3000.000,-5.00,Sales - Order 692
06/14/2026,SO-693,1061.000,24.00,Credit Card/PayPal (donorperfect_import) - Order 693
06/14/2026,SO-693,3000.000,-24.00,Sales - Order 693
06/14/2026,SO-690,1061.000,250.00,Credit Card/PayPal (donorperfect_import) - Order 690
06/14/2026,SO-690,3000.000,-250.00,Sales - Order 690
06/14/2026,SO-689,1061.000,100.00,Credit Card/PayPal (donorperfect_import) - Order 689
06/14/2026,SO-689,3000.000,-100.00,Sales - Order 689
06/14/2026,SO-687,1061.000,50.00,Credit Card/PayPal (donorperfect_import) - Order 687
06/14/2026,SO-687,3000.000,-50.00,Sales - Order 687
06/14/2026,SO-688,1061.000,100.00,Credit Card/PayPal (donorperfect_import) - Order 688
06/14/2026,SO-688,3000.000,-100.00,Sales - Order 688
06/14/2026,SO-680,1061.000,100.00,Credit Card/PayPal (donorperfect_import) - Order 680
06/14/2026,SO-680,3000.000,-100.00,Sales - Order 680
06/14/2026,SO-686,1061.000,50.00,Credit Card/PayPal (donorperfect_import) - Order 686
06/14/2026,SO-686,3000.000,-50.00,Sales - Order 686
06/14/2026,SO-683,1061.000,100.00,Credit Card/PayPal (donorperfect_import) - Order 683
06/14/2026,SO-683,3000.000,-100.00,Sales - Order 683
06/14/2026,SO-681,1061.000,50.00,Credit Card/PayPal (donorperfect_import) - Order 681
06/14/2026,SO-681,3000.000,-50.00,Sales - Order 681
06/14/2026,SO-685,1061.000,50.00,Credit Card/PayPal (donorperfect_import) - Order 685
06/14/2026,SO-685,3000.000,-50.00,Sales - Order 685
06/14/2026,SO-682,1061.000,100.00,Credit Card/PayPal (donorperfect_import) - Order 682
06/14/2026,SO-682,3000.000,-100.00,Sales - Order 682
06/14/2026,SO-679,1061.000,100.00,Credit Card/PayPal (donorperfect_import) - Order 679
06/14/2026,SO-679,3000.000,-100.00,Sales - Order 679
06/14/2026,SO-684,1061.000,100.00,Credit Card/PayPal (donorperfect_import) - Order 684
06/14/2026,SO-684,3000.000,-100.00,Sales - Order 684
06/14/2026,SO-220003,1061.000,342.05,Credit Card/PayPal (donorperfect_import) - Order 220003
06/14/2026,SO-220003,3000.000,-336.00,Sales - Order 220003
06/14/2026,SO-220003,3040.000,-6.05,Shipping - Order 220003
06/14/2026,SO-218479,1061.000,296.05,Credit Card/PayPal (donorperfect_import) - Order 218479
06/14/2026,SO-218479,3000.000,-290.00,Sales - Order 218479
06/14/2026,SO-218479,3040.000,-6.05,Shipping - Order 218479
06/14/2026,SO-678,1061.000,50.00,Credit Card/PayPal (donorperfect_import) - Order 678
06/14/2026,SO-678,3000.000,-50.00,Sales - Order 678
06/14/2026,SO-228915,1061.000,500.00,Credit Card/PayPal (donorperfect_import) - Order 228915
06/14/2026,SO-228915,3000.000,-500.00,Sales - Order 228915
06/14/2026,SO-677,1061.000,100.00,Credit Card/PayPal (donorperfect_import) - Order 677
06/14/2026,SO-677,3000.000,-100.00,Sales - Order 677
06/14/2026,SO-207992,1061.000,100.00,Credit Card/PayPal (donorperfect_import) - Order 207992
06/14/2026,SO-207992,3000.000,-100.00,Sales - Order 207992
06/14/2026,SO-196561,1061.000,200.00,Credit Card/PayPal (donorperfect_import) - Order 196561
06/14/2026,SO-196561,3000.000,-200.00,Sales - Order 196561
06/14/2026,SO-175533,1061.000,225.00,Credit Card/PayPal (donorperfect_import) - Order 175533
06/14/2026,SO-175533,3000.000,-225.00,Sales - Order 175533
06/14/2026,SO-186233,1061.000,250.00,Credit Card/PayPal (donorperfect_import) - Order 186233
06/14/2026,SO-186233,3000.000,-250.00,Sales - Order 186233
06/14/2026,SO-166083,1061.000,200.00,Credit Card/PayPal (donorperfect_import) - Order 166083
06/14/2026,SO-166083,3000.000,-200.00,Sales - Order 166083
06/14/2026,SO-154559,1061.000,100.00,Credit Card/PayPal (donorperfect_import) - Order 154559
06/14/2026,SO-154559,3000.000,-100.00,Sales - Order 154559
06/14/2026,SO-146005,1061.000,100.00,Credit Card/PayPal (donorperfect_import) - Order 146005
06/14/2026,SO-146005,3000.000,-100.00,Sales - Order 146005
06/14/2026,SO-145733,1061.000,100.00,Credit Card/PayPal (donorperfect_import) - Order 145733
06/14/2026,SO-145733,3000.000,-100.00,Sales - Order 145733
06/14/2026,SO-676,1061.000,35.00,Credit Card/PayPal (donorperfect_import) - Order 676
06/14/2026,SO-676,3000.000,-35.00,Sales - Order 676
06/14/2026,SO-675,1061.000,65.00,Credit Card/PayPal (donorperfect_import) - Order 675
06/14/2026,SO-675,3000.000,-65.00,Sales - Order 675
06/14/2026,SO-673,1061.000,200.00,Credit Card/PayPal (donorperfect_import) - Order 673
06/14/2026,SO-673,3000.000,-200.00,Sales - Order 673
06/14/2026,SO-671,1061.000,200.00,Credit Card/PayPal (donorperfect_import) - Order 671
06/14/2026,SO-671,3000.000,-200.00,Sales - Order 671
06/14/2026,SO-666,1061.000,185.00,Credit Card/PayPal (donorperfect_import) - Order 666
06/14/2026,SO-666,3000.000,-185.00,Sales - Order 666
06/14/2026,SO-665,1061.000,65.00,Credit Card/PayPal (donorperfect_import) - Order 665
06/14/2026,SO-665,3000.000,-65.00,Sales - Order 665
06/14/2026,SO-664,1061.000,100.00,Credit Card/PayPal (donorperfect_import) - Order 664
06/14/2026,SO-664,3000.000,-100.00,Sales - Order 664
06/14/2026,SO-663,1061.000,50.00,Credit Card/PayPal (donorperfect_import) - Order 663
06/14/2026,SO-663,3000.000,-50.00,Sales - Order 663
06/14/2026,SO-662,1061.000,150.00,Credit Card/PayPal (donorperfect_import) - Order 662
06/14/2026,SO-662,3000.000,-150.00,Sales - Order 662
06/14/2026,SO-660,1061.000,100.00,Credit Card/PayPal (donorperfect_import) - Order 660
06/14/2026,SO-660,3000.000,-100.00,Sales - Order 660
06/14/2026,SO-659,1061.000,50.00,Credit Card/PayPal (donorperfect_import) - Order 659
06/14/2026,SO-659,3000.000,-50.00,Sales - Order 659
06/14/2026,SO-658,1061.000,50.00,Credit Card/PayPal (donorperfect_import) - Order 658
06/14/2026,SO-658,3000.000,-50.00,Sales - Order 658
06/14/2026,SO-656,1061.000,150.00,Credit Card/PayPal (donorperfect_import) - Order 656
06/14/2026,SO-656,3000.000,-150.00,Sales - Order 656
06/14/2026,SO-655,1061.000,15.00,Credit Card/PayPal (donorperfect_import) - Order 655
06/14/2026,SO-655,3000.000,-15.00,Sales - Order 655
06/14/2026,SO-654,1061.000,15.00,Credit Card/PayPal (donorperfect_import) - Order 654
06/14/2026,SO-654,3000.000,-15.00,Sales - Order 654
06/14/2026,SO-653,1061.000,20.00,Credit Card/PayPal (donorperfect_import) - Order 653
06/14/2026,SO-653,3000.000,-20.00,Sales - Order 653
06/14/2026,SO-652,1061.000,20.00,Credit Card/PayPal (donorperfect_import) - Order 652
06/14/2026,SO-652,3000.000,-20.00,Sales - Order 652
06/14/2026,SO-651,1061.000,15.00,Credit Card/PayPal (donorperfect_import) - Order 651
06/14/2026,SO-651,3000.000,-15.00,Sales - Order 651
06/14/2026,SO-650,1061.000,10.00,Credit Card/PayPal (donorperfect_import) - Order 650
06/14/2026,SO-650,3000.000,-10.00,Sales - Order 650
06/14/2026,SO-649,1061.000,20.00,Credit Card/PayPal (donorperfect_import) - Order 649
06/14/2026,SO-649,3000.000,-20.00,Sales - Order 649
06/14/2026,SO-648,1061.000,15.00,Credit Card/PayPal (donorperfect_import) - Order 648
06/14/2026,SO-648,3000.000,-15.00,Sales - Order 648
06/14/2026,SO-646,1061.000,25.00,Credit Card/PayPal (donorperfect_import) - Order 646
06/14/2026,SO-646,3000.000,-25.00,Sales - Order 646
06/14/2026,SO-645,1061.000,25.00,Credit Card/PayPal (donorperfect_import) - Order 645
06/14/2026,SO-645,3000.000,-25.00,Sales - Order 645
06/14/2026,SO-647,1061.000,25.00,Credit Card/PayPal (donorperfect_import) - Order 647
06/14/2026,SO-647,3000.000,-25.00,Sales - Order 647
06/14/2026,SO-644,1061.000,50.00,Credit Card/PayPal (donorperfect_import) - Order 644
06/14/2026,SO-644,3000.000,-50.00,Sales - Order 644
06/14/2026,SO-643,1061.000,20.00,Credit Card/PayPal (donorperfect_import) - Order 643
06/14/2026,SO-643,3000.000,-20.00,Sales - Order 643
06/14/2026,SO-642,1061.000,10.00,Credit Card/PayPal (donorperfect_import) - Order 642
06/14/2026,SO-642,3000.000,-10.00,Sales - Order 642
06/14/2026,SO-641,1061.000,20.00,Credit Card/PayPal (donorperfect_import) - Order 641
06/14/2026,SO-641,3000.000,-20.00,Sales - Order 641
06/14/2026,SO-640,1061.000,20.00,Credit Card/PayPal (donorperfect_import) - Order 640
06/14/2026,SO-640,3000.000,-20.00,Sales - Order 640
06/14/2026,SO-639,1061.000,20.00,Credit Card/PayPal (donorperfect_import) - Order 639
06/14/2026,SO-639,3000.000,-20.00,Sales - Order 639
06/14/2026,SO-638,1061.000,20.00,Credit Card/PayPal (donorperfect_import) - Order 638
06/14/2026,SO-638,3000.000,-20.00,Sales - Order 638
06/14/2026,SO-637,1061.000,20.00,Credit Card/PayPal (donorperfect_import) - Order 637
06/14/2026,SO-637,3000.000,-20.00,Sales - Order 637
06/14/2026,SO-636,1061.000,20.00,Credit Card/PayPal (donorperfect_import) - Order 636
06/14/2026,SO-636,3000.000,-20.00,Sales - Order 636
06/14/2026,SO-635,1061.000,25.00,Credit Card/PayPal (donorperfect_import) - Order 635
06/14/2026,SO-635,3000.000,-25.00,Sales - Order 635
06/14/2026,SO-634,1061.000,25.00,Credit Card/PayPal (donorperfect_import) - Order 634
06/14/2026,SO-634,3000.000,-25.00,Sales - Order 634
06/14/2026,SO-633,1061.000,20.00,Credit Card/PayPal (donorperfect_import) - Order 633
06/14/2026,SO-633,3000.000,-20.00,Sales - Order 633
06/14/2026,SO-632,1061.000,20.00,Credit Card/PayPal (donorperfect_import) - Order 632
06/14/2026,SO-632,3000.000,-20.00,Sales - Order 632
06/14/2026,SO-631,1061.000,20.00,Credit Card/PayPal (donorperfect_import) - Order 631
06/14/2026,SO-631,3000.000,-20.00,Sales - Order 631
06/14/2026,SO-630,1061.000,20.00,Credit Card/PayPal (donorperfect_import) - Order 630
06/14/2026,SO-630,3000.000,-20.00,Sales - Order 630
06/14/2026,SO-629,1061.000,25.00,Credit Card/PayPal (donorperfect_import) - Order 629
06/14/2026,SO-629,3000.000,-25.00,Sales - Order 629
06/14/2026,SO-628,1061.000,35.00,Credit Card/PayPal (donorperfect_import) - Order 628
06/14/2026,SO-628,3000.000,-35.00,Sales - Order 628
06/14/2026,SO-627,1061.000,50.00,Credit Card/PayPal (donorperfect_import) - Order 627
06/14/2026,SO-627,3000.000,-50.00,Sales - Order 627
06/14/2026,SO-626,1061.000,50.00,Credit Card/PayPal (donorperfect_import) - Order 626
06/14/2026,SO-626,3000.000,-50.00,Sales - Order 626
06/14/2026,SO-625,1061.000,50.00,Credit Card/PayPal (donorperfect_import) - Order 625
06/14/2026,SO-625,3000.000,-50.00,Sales - Order 625
06/14/2026,SO-623,1061.000,200.00,Credit Card/PayPal (donorperfect_import) - Order 623
06/14/2026,SO-623,3000.000,-200.00,Sales - Order 623
06/14/2026,SO-624,1061.000,75000.00,Credit Card/PayPal (donorperfect_import) - Order 624
06/14/2026,SO-624,3000.000,-75000.00,Sales - Order 624
06/14/2026,SO-622,1061.000,200.00,Credit Card/PayPal (donorperfect_import) - Order 622
06/14/2026,SO-622,3000.000,-200.00,Sales - Order 622
06/14/2026,SO-621,1061.000,300.00,Credit Card/PayPal (donorperfect_import) - Order 621
06/14/2026,SO-621,3000.000,-300.00,Sales - Order 621
06/14/2026,SO-620,1061.000,175.00,Credit Card/PayPal (donorperfect_import) - Order 620
06/14/2026,SO-620,3000.000,-175.00,Sales - Order 620
06/14/2026,SO-619,1061.000,25.00,Credit Card/PayPal (donorperfect_import) - Order 619
06/14/2026,SO-619,3000.000,-25.00,Sales - Order 619
06/14/2026,SO-618,1061.000,100.00,Credit Card/PayPal (donorperfect_import) - Order 618
06/14/2026,SO-618,3000.000,-100.00,Sales - Order 618
06/14/2026,SO-617,1061.000,150.00,Credit Card/PayPal (donorperfect_import) - Order 617
06/14/2026,SO-617,3000.000,-150.00,Sales - Order 617
06/14/2026,SO-616,1061.000,175.00,Credit Card/PayPal (donorperfect_import) - Order 616
06/14/2026,SO-616,3000.000,-175.00,Sales - Order 616
06/14/2026,SO-615,1061.000,25.00,Credit Card/PayPal (donorperfect_import) - Order 615
06/14/2026,SO-615,3000.000,-25.00,Sales - Order 615
06/14/2026,SO-614,1061.000,25.00,Credit Card/PayPal (donorperfect_import) - Order 614
06/14/2026,SO-614,3000.000,-25.00,Sales - Order 614
06/14/2026,SO-613,1061.000,300.00,Credit Card/PayPal (donorperfect_import) - Order 613
06/14/2026,SO-613,3000.000,-300.00,Sales - Order 613
06/14/2026,SO-612,1061.000,25.00,Credit Card/PayPal (donorperfect_import) - Order 612
06/14/2026,SO-612,3000.000,-25.00,Sales - Order 612
06/14/2026,SO-611,1061.000,250.00,Credit Card/PayPal (donorperfect_import) - Order 611
06/14/2026,SO-611,3000.000,-250.00,Sales - Order 611
06/14/2026,SO-610,1061.000,35.00,Credit Card/PayPal (donorperfect_import) - Order 610
06/14/2026,SO-610,3000.000,-35.00,Sales - Order 610
06/14/2026,SO-609,1061.000,180.00,Credit Card/PayPal (donorperfect_import) - Order 609
06/14/2026,SO-609,3000.000,-180.00,Sales - Order 609
06/14/2026,SO-607,1061.000,200.00,Credit Card/PayPal (donorperfect_import) - Order 607
06/14/2026,SO-607,3000.000,-200.00,Sales - Order 607
06/14/2026,SO-608,1061.000,20.00,Credit Card/PayPal (donorperfect_import) - Order 608
06/14/2026,SO-608,3000.000,-20.00,Sales - Order 608
06/14/2026,SO-606,1061.000,50.00,Credit Card/PayPal (donorperfect_import) - Order 606
06/14/2026,SO-606,3000.000,-50.00,Sales - Order 606
06/14/2026,SO-605,1061.000,74.00,Credit Card/PayPal (donorperfect_import) - Order 605
06/14/2026,SO-605,3000.000,-74.00,Sales - Order 605
06/14/2026,SO-604,1061.000,25.00,Credit Card/PayPal (donorperfect_import) - Order 604
06/14/2026,SO-604,3000.000,-25.00,Sales - Order 604
06/14/2026,SO-603,1061.000,50.00,Credit Card/PayPal (donorperfect_import) - Order 603
06/14/2026,SO-603,3000.000,-50.00,Sales - Order 603
06/14/2026,SO-602,1061.000,50.00,Credit Card/PayPal (donorperfect_import) - Order 602
06/14/2026,SO-602,3000.000,-50.00,Sales - Order 602
06/14/2026,SO-601,1061.000,25.00,Credit Card/PayPal (donorperfect_import) - Order 601
06/14/2026,SO-601,3000.000,-25.00,Sales - Order 601
06/14/2026,SO-600,1061.000,20.00,Credit Card/PayPal (donorperfect_import) - Order 600
06/14/2026,SO-600,3000.000,-20.00,Sales - Order 600
06/14/2026,SO-599,1061.000,35.00,Credit Card/PayPal (donorperfect_import) - Order 599
06/14/2026,SO-599,3000.000,-35.00,Sales - Order 599
06/14/2026,SO-598,1061.000,10.00,Credit Card/PayPal (donorperfect_import) - Order 598
06/14/2026,SO-598,3000.000,-10.00,Sales - Order 598
06/14/2026,SO-597,1061.000,50.00,Credit Card/PayPal (donorperfect_import) - Order 597
06/14/2026,SO-597,3000.000,-50.00,Sales - Order 597
06/14/2026,SO-596,1061.000,50.00,Credit Card/PayPal (donorperfect_import) - Order 596
06/14/2026,SO-596,3000.000,-50.00,Sales - Order 596
06/14/2026,SO-594,1061.000,100.00,Credit Card/PayPal (donorperfect_import) - Order 594
06/14/2026,SO-594,3000.000,-100.00,Sales - Order 594
06/14/2026,SO-595,1061.000,50.00,Credit Card/PayPal (donorperfect_import) - Order 595
06/14/2026,SO-595,3000.000,-50.00,Sales - Order 595
06/14/2026,SO-593,1061.000,20.00,Credit Card/PayPal (donorperfect_import) - Order 593
06/14/2026,SO-593,3000.000,-20.00,Sales - Order 593
06/14/2026,SO-592,1061.000,12.50,Credit Card/PayPal (donorperfect_import) - Order 592
06/14/2026,SO-592,3000.000,-12.50,Sales - Order 592
06/14/2026,SO-591,1061.000,25.00,Credit Card/PayPal (donorperfect_import) - Order 591
06/14/2026,SO-591,3000.000,-25.00,Sales - Order 591
06/14/2026,SO-590,1061.000,25.00,Credit Card/PayPal (donorperfect_import) - Order 590
06/14/2026,SO-590,3000.000,-25.00,Sales - Order 590
06/14/2026,SO-589,1061.000,25.00,Credit Card/PayPal (donorperfect_import) - Order 589
06/14/2026,SO-589,3000.000,-25.00,Sales - Order 589
06/14/2026,SO-588,1061.000,25.00,Credit Card/PayPal (donorperfect_import) - Order 588
06/14/2026,SO-588,3000.000,-25.00,Sales - Order 588
06/14/2026,SO-587,1061.000,20.00,Credit Card/PayPal (donorperfect_import) - Order 587
06/14/2026,SO-587,3000.000,-20.00,Sales - Order 587
06/14/2026,SO-586,1061.000,25.00,Credit Card/PayPal (donorperfect_import) - Order 586
06/14/2026,SO-586,3000.000,-25.00,Sales - Order 586
06/14/2026,SO-583,1061.000,35.00,Credit Card/PayPal (donorperfect_import) - Order 583
06/14/2026,SO-583,3000.000,-35.00,Sales - Order 583
06/14/2026,SO-585,1061.000,50.00,Credit Card/PayPal (donorperfect_import) - Order 585
06/14/2026,SO-585,3000.000,-50.00,Sales - Order 585
06/14/2026,SO-584,1061.000,50.00,Credit Card/PayPal (donorperfect_import) - Order 584
06/14/2026,SO-584,3000.000,-50.00,Sales - Order 584
06/14/2026,SO-582,1061.000,50.00,Credit Card/PayPal (donorperfect_import) - Order 582
06/14/2026,SO-582,3000.000,-50.00,Sales - Order 582
06/14/2026,SO-581,1061.000,150.00,Credit Card/PayPal (donorperfect_import) - Order 581
06/14/2026,SO-581,3000.000,-150.00,Sales - Order 581
06/14/2026,SO-580,1061.000,40.00,Credit Card/PayPal (donorperfect_import) - Order 580
06/14/2026,SO-580,3000.000,-40.00,Sales - Order 580
06/14/2026,SO-579,1061.000,35.00,Credit Card/PayPal (donorperfect_import) - Order 579
06/14/2026,SO-579,3000.000,-35.00,Sales - Order 579
06/14/2026,SO-578,1061.000,25.00,Credit Card/PayPal (donorperfect_import) - Order 578
06/14/2026,SO-578,3000.000,-25.00,Sales - Order 578
06/14/2026,SO-577,1061.000,40.00,Credit Card/PayPal (donorperfect_import) - Order 577
06/14/2026,SO-577,3000.000,-40.00,Sales - Order 577
06/14/2026,SO-576,1061.000,25.00,Credit Card/PayPal (donorperfect_import) - Order 576
06/14/2026,SO-576,3000.000,-25.00,Sales - Order 576
06/14/2026,SO-575,1061.000,40.00,Credit Card/PayPal (donorperfect_import) - Order 575
06/14/2026,SO-575,3000.000,-40.00,Sales - Order 575
06/14/2026,SO-574,1061.000,25.00,Credit Card/PayPal (donorperfect_import) - Order 574
06/14/2026,SO-574,3000.000,-25.00,Sales - Order 574
06/14/2026,SO-573,1061.000,40.00,Credit Card/PayPal (donorperfect_import) - Order 573
06/14/2026,SO-573,3000.000,-40.00,Sales - Order 573
06/14/2026,SO-572,1061.000,35.00,Credit Card/PayPal (donorperfect_import) - Order 572
06/14/2026,SO-572,3000.000,-35.00,Sales - Order 572
06/14/2026,SO-571,1061.000,40.00,Credit Card/PayPal (donorperfect_import) - Order 571
06/14/2026,SO-571,3000.000,-40.00,Sales - Order 571
06/14/2026,SO-570,1061.000,120.00,Credit Card/PayPal (donorperfect_import) - Order 570
06/14/2026,SO-570,3000.000,-120.00,Sales - Order 570
06/14/2026,SO-569,1061.000,40.00,Credit Card/PayPal (donorperfect_import) - Order 569
06/14/2026,SO-569,3000.000,-40.00,Sales - Order 569
06/14/2026,SO-568,1061.000,25.00,Credit Card/PayPal (donorperfect_import) - Order 568
06/14/2026,SO-568,3000.000,-25.00,Sales - Order 568
06/14/2026,SO-567,1061.000,25.00,Credit Card/PayPal (donorperfect_import) - Order 567
06/14/2026,SO-567,3000.000,-25.00,Sales - Order 567
06/14/2026,SO-566,1061.000,25.00,Credit Card/PayPal (donorperfect_import) - Order 566
06/14/2026,SO-566,3000.000,-25.00,Sales - Order 566
06/14/2026,SO-565,1061.000,25.00,Credit Card/PayPal (donorperfect_import) - Order 565
06/14/2026,SO-565,3000.000,-25.00,Sales - Order 565
06/14/2026,SO-564,1061.000,20.00,Credit Card/PayPal (donorperfect_import) - Order 564
06/14/2026,SO-564,3000.000,-20.00,Sales - Order 564
06/14/2026,SO-563,1061.000,20.00,Credit Card/PayPal (donorperfect_import) - Order 563
06/14/2026,SO-563,3000.000,-20.00,Sales - Order 563
06/14/2026,SO-562,1061.000,20.00,Credit Card/PayPal (donorperfect_import) - Order 562
06/14/2026,SO-562,3000.000,-20.00,Sales - Order 562
06/14/2026,SO-560,1061.000,20.00,Credit Card/PayPal (donorperfect_import) - Order 560
06/14/2026,SO-560,3000.000,-20.00,Sales - Order 560
06/14/2026,SO-561,1061.000,20.00,Credit Card/PayPal (donorperfect_import) - Order 561
06/14/2026,SO-561,3000.000,-20.00,Sales - Order 561
06/14/2026,SO-559,1061.000,20.00,Credit Card/PayPal (donorperfect_import) - Order 559
06/14/2026,SO-559,3000.000,-20.00,Sales - Order 559
06/14/2026,SO-557,1061.000,35.00,Credit Card/PayPal (donorperfect_import) - Order 557
06/14/2026,SO-557,3000.000,-35.00,Sales - Order 557
06/14/2026,SO-556,1061.000,50.00,Credit Card/PayPal (donorperfect_import) - Order 556
06/14/2026,SO-556,3000.000,-50.00,Sales - Order 556
06/14/2026,SO-558,1061.000,20.00,Credit Card/PayPal (donorperfect_import) - Order 558
06/14/2026,SO-558,3000.000,-20.00,Sales - Order 558
06/14/2026,SO-555,1061.000,25.00,Credit Card/PayPal (donorperfect_import) - Order 555
06/14/2026,SO-555,3000.000,-25.00,Sales - Order 555
06/14/2026,SO-554,1061.000,25.00,Credit Card/PayPal (donorperfect_import) - Order 554
06/14/2026,SO-554,3000.000,-25.00,Sales - Order 554
06/14/2026,SO-553,1061.000,100.00,Credit Card/PayPal (donorperfect_import) - Order 553
06/14/2026,SO-553,3000.000,-100.00,Sales - Order 553
06/14/2026,SO-552,1061.000,25.00,Credit Card/PayPal (donorperfect_import) - Order 552
06/14/2026,SO-552,3000.000,-25.00,Sales - Order 552
06/14/2026,SO-551,1061.000,50.00,Credit Card/PayPal (donorperfect_import) - Order 551
06/14/2026,SO-551,3000.000,-50.00,Sales - Order 551
06/14/2026,SO-550,1061.000,25.00,Credit Card/PayPal (donorperfect_import) - Order 550
06/14/2026,SO-550,3000.000,-25.00,Sales - Order 550
06/14/2026,SO-549,1061.000,125.00,Credit Card/PayPal (donorperfect_import) - Order 549
06/14/2026,SO-549,3000.000,-125.00,Sales - Order 549
06/14/2026,SO-548,1061.000,25.00,Credit Card/PayPal (donorperfect_import) - Order 548
06/14/2026,SO-548,3000.000,-25.00,Sales - Order 548
06/14/2026,SO-547,1061.000,25.00,Credit Card/PayPal (donorperfect_import) - Order 547
06/14/2026,SO-547,3000.000,-25.00,Sales - Order 547
06/14/2026,SO-546,1061.000,15.00,Credit Card/PayPal (donorperfect_import) - Order 546
06/14/2026,SO-546,3000.000,-15.00,Sales - Order 546
06/14/2026,SO-545,1061.000,30.00,Credit Card/PayPal (donorperfect_import) - Order 545
06/14/2026,SO-545,3000.000,-30.00,Sales - Order 545
06/14/2026,SO-542,1061.000,20.00,Credit Card/PayPal (donorperfect_import) - Order 542
06/14/2026,SO-542,3000.000,-20.00,Sales - Order 542
06/14/2026,SO-541,1061.000,20.00,Credit Card/PayPal (donorperfect_import) - Order 541
06/14/2026,SO-541,3000.000,-20.00,Sales - Order 541
06/14/2026,SO-540,1061.000,20.00,Credit Card/PayPal (donorperfect_import) - Order 540
06/14/2026,SO-540,3000.000,-20.00,Sales - Order 540
06/14/2026,SO-539,1061.000,20.00,Credit Card/PayPal (donorperfect_import) - Order 539
06/14/2026,SO-539,3000.000,-20.00,Sales - Order 539
06/14/2026,SO-538,1061.000,5.00,Credit Card/PayPal (donorperfect_import) - Order 538
06/14/2026,SO-538,3000.000,-5.00,Sales - Order 538
06/14/2026,SO-537,1061.000,20.00,Credit Card/PayPal (donorperfect_import) - Order 537
06/14/2026,SO-537,3000.000,-20.00,Sales - Order 537
06/14/2026,SO-536,1061.000,25.00,Credit Card/PayPal (donorperfect_import) - Order 536
06/14/2026,SO-536,3000.000,-25.00,Sales - Order 536
06/14/2026,SO-535,1061.000,25.00,Credit Card/PayPal (donorperfect_import) - Order 535
06/14/2026,SO-535,3000.000,-25.00,Sales - Order 535
06/14/2026,SO-534,1061.000,15.00,Credit Card/PayPal (donorperfect_import) - Order 534
06/14/2026,SO-534,3000.000,-15.00,Sales - Order 534
06/14/2026,SO-533,1061.000,10.00,Credit Card/PayPal (donorperfect_import) - Order 533
06/14/2026,SO-533,3000.000,-10.00,Sales - Order 533
06/14/2026,SO-532,1061.000,15.00,Credit Card/PayPal (donorperfect_import) - Order 532
06/14/2026,SO-532,3000.000,-15.00,Sales - Order 532
06/14/2026,SO-531,1061.000,20.00,Credit Card/PayPal (donorperfect_import) - Order 531
06/14/2026,SO-531,3000.000,-20.00,Sales - Order 531
06/14/2026,SO-530,1061.000,20.00,Credit Card/PayPal (donorperfect_import) - Order 530
06/14/2026,SO-530,3000.000,-20.00,Sales - Order 530
06/14/2026,SO-529,1061.000,10.00,Credit Card/PayPal (donorperfect_import) - Order 529
06/14/2026,SO-529,3000.000,-10.00,Sales - Order 529
06/14/2026,SO-528,1061.000,20.00,Credit Card/PayPal (donorperfect_import) - Order 528
06/14/2026,SO-528,3000.000,-20.00,Sales - Order 528
06/14/2026,SO-527,1061.000,20.00,Credit Card/PayPal (donorperfect_import) - Order 527
06/14/2026,SO-527,3000.000,-20.00,Sales - Order 527
06/14/2026,SO-526,1061.000,20.00,Credit Card/PayPal (donorperfect_import) - Order 526
06/14/2026,SO-526,3000.000,-20.00,Sales - Order 526
06/14/2026,SO-525,1061.000,20.00,Credit Card/PayPal (donorperfect_import) - Order 525
06/14/2026,SO-525,3000.000,-20.00,Sales - Order 525
06/14/2026,SO-524,1061.000,20.00,Credit Card/PayPal (donorperfect_import) - Order 524
06/14/2026,SO-524,3000.000,-20.00,Sales - Order 524
06/14/2026,SO-523,1061.000,50.00,Credit Card/PayPal (donorperfect_import) - Order 523
06/14/2026,SO-523,3000.000,-50.00,Sales - Order 523
06/14/2026,SO-522,1061.000,20.00,Credit Card/PayPal (donorperfect_import) - Order 522
06/14/2026,SO-522,3000.000,-20.00,Sales - Order 522
06/14/2026,SO-521,1061.000,7.00,Credit Card/PayPal (donorperfect_import) - Order 521
06/14/2026,SO-521,3000.000,-7.00,Sales - Order 521
06/14/2026,SO-520,1061.000,25.00,Credit Card/PayPal (donorperfect_import) - Order 520
06/14/2026,SO-520,3000.000,-25.00,Sales - Order 520
06/14/2026,SO-519,1061.000,25.00,Credit Card/PayPal (donorperfect_import) - Order 519
06/14/2026,SO-519,3000.000,-25.00,Sales - Order 519
06/14/2026,SO-518,1061.000,25.00,Credit Card/PayPal (donorperfect_import) - Order 518
06/14/2026,SO-518,3000.000,-25.00,Sales - Order 518
06/14/2026,SO-517,1061.000,25.00,Credit Card/PayPal (donorperfect_import) - Order 517
06/14/2026,SO-517,3000.000,-25.00,Sales - Order 517
06/14/2026,SO-516,1061.000,50.00,Credit Card/PayPal (donorperfect_import) - Order 516
06/14/2026,SO-516,3000.000,-50.00,Sales - Order 516
06/14/2026,SO-515,1061.000,25.00,Credit Card/PayPal (donorperfect_import) - Order 515
06/14/2026,SO-515,3000.000,-25.00,Sales - Order 515
06/14/2026,SO-514,1061.000,25.00,Credit Card/PayPal (donorperfect_import) - Order 514
06/14/2026,SO-514,3000.000,-25.00,Sales - Order 514
06/14/2026,SO-513,1061.000,25.00,Credit Card/PayPal (donorperfect_import) - Order 513
06/14/2026,SO-513,3000.000,-25.00,Sales - Order 513
06/14/2026,SO-512,1061.000,25.00,Credit Card/PayPal (donorperfect_import) - Order 512
06/14/2026,SO-512,3000.000,-25.00,Sales - Order 512
06/14/2026,SO-511,1061.000,25.00,Credit Card/PayPal (donorperfect_import) - Order 511
06/14/2026,SO-511,3000.000,-25.00,Sales - Order 511
06/14/2026,SO-510,1061.000,25.00,Credit Card/PayPal (donorperfect_import) - Order 510
06/14/2026,SO-510,3000.000,-25.00,Sales - Order 510
06/14/2026,SO-507,1061.000,450.00,Credit Card/PayPal (donorperfect_import) - Order 507
06/14/2026,SO-507,3000.000,-450.00,Sales - Order 507
06/14/2026,SO-506,1061.000,40.00,Credit Card/PayPal (donorperfect_import) - Order 506
06/14/2026,SO-506,3000.000,-40.00,Sales - Order 506
06/14/2026,SO-505,1061.000,40.00,Credit Card/PayPal (donorperfect_import) - Order 505
06/14/2026,SO-505,3000.000,-40.00,Sales - Order 505
06/14/2026,SO-504,1061.000,40.00,Credit Card/PayPal (donorperfect_import) - Order 504
06/14/2026,SO-504,3000.000,-40.00,Sales - Order 504
06/14/2026,SO-503,1061.000,35.00,Credit Card/PayPal (donorperfect_import) - Order 503
06/14/2026,SO-503,3000.000,-35.00,Sales - Order 503
06/14/2026,SO-501,1061.000,35.00,Credit Card/PayPal (donorperfect_import) - Order 501
06/14/2026,SO-501,3000.000,-35.00,Sales - Order 501
06/14/2026,SO-500,1061.000,35.00,Credit Card/PayPal (donorperfect_import) - Order 500
06/14/2026,SO-500,3000.000,-35.00,Sales - Order 500
06/14/2026,SO-498,1061.000,14.00,Credit Card/PayPal (donorperfect_import) - Order 498
06/14/2026,SO-498,3000.000,-14.00,Sales - Order 498
06/14/2026,SO-502,1061.000,35.00,Credit Card/PayPal (donorperfect_import) - Order 502
06/14/2026,SO-502,3000.000,-35.00,Sales - Order 502
06/14/2026,SO-499,1061.000,35.00,Credit Card/PayPal (donorperfect_import) - Order 499
06/14/2026,SO-499,3000.000,-35.00,Sales - Order 499
06/14/2026,SO-497,1061.000,35.00,Credit Card/PayPal (donorperfect_import) - Order 497
06/14/2026,SO-497,3000.000,-35.00,Sales - Order 497
06/14/2026,SO-496,1061.000,35.00,Credit Card/PayPal (donorperfect_import) - Order 496
06/14/2026,SO-496,3000.000,-35.00,Sales - Order 496
06/14/2026,SO-494,1061.000,10.00,Credit Card/PayPal (donorperfect_import) - Order 494
06/14/2026,SO-494,3000.000,-10.00,Sales - Order 494
06/14/2026,SO-491,1061.000,20.00,Credit Card/PayPal (donorperfect_import) - Order 491
06/14/2026,SO-491,3000.000,-20.00,Sales - Order 491
06/14/2026,SO-492,1061.000,30.00,Credit Card/PayPal (donorperfect_import) - Order 492
06/14/2026,SO-492,3000.000,-30.00,Sales - Order 492
06/14/2026,SO-489,1061.000,30.00,Credit Card/PayPal (donorperfect_import) - Order 489
06/14/2026,SO-489,3000.000,-30.00,Sales - Order 489
06/14/2026,SO-490,1061.000,20.00,Credit Card/PayPal (donorperfect_import) - Order 490
06/14/2026,SO-490,3000.000,-20.00,Sales - Order 490
06/14/2026,SO-488,1061.000,35.00,Credit Card/PayPal (donorperfect_import) - Order 488
06/14/2026,SO-488,3000.000,-35.00,Sales - Order 488
06/14/2026,SO-487,1061.000,20.00,Credit Card/PayPal (donorperfect_import) - Order 487
06/14/2026,SO-487,3000.000,-20.00,Sales - Order 487
06/14/2026,SO-486,1061.000,20.00,Credit Card/PayPal (donorperfect_import) - Order 486
06/14/2026,SO-486,3000.000,-20.00,Sales - Order 486
06/14/2026,SO-485,1061.000,2.00,Credit Card/PayPal (donorperfect_import) - Order 485
06/14/2026,SO-485,3000.000,-2.00,Sales - Order 485
06/14/2026,SO-484,1061.000,250.00,Credit Card/PayPal (donorperfect_import) - Order 484
06/14/2026,SO-484,3000.000,-250.00,Sales - Order 484
06/14/2026,SO-482,1061.000,100.00,Credit Card/PayPal (donorperfect_import) - Order 482
06/14/2026,SO-482,3000.000,-100.00,Sales - Order 482
06/14/2026,SO-480,1061.000,30.00,Credit Card/PayPal (donorperfect_import) - Order 480
06/14/2026,SO-480,3000.000,-30.00,Sales - Order 480
06/14/2026,SO-481,1061.000,20.00,Credit Card/PayPal (donorperfect_import) - Order 481
06/14/2026,SO-481,3000.000,-20.00,Sales - Order 481
06/14/2026,SO-479,1061.000,25.00,Credit Card/PayPal (donorperfect_import) - Order 479
06/14/2026,SO-479,3000.000,-25.00,Sales - Order 479
06/14/2026,SO-478,1061.000,25.00,Credit Card/PayPal (donorperfect_import) - Order 478
06/14/2026,SO-478,3000.000,-25.00,Sales - Order 478
06/14/2026,SO-477,1061.000,25.00,Credit Card/PayPal (donorperfect_import) - Order 477
06/14/2026,SO-477,3000.000,-25.00,Sales - Order 477
06/14/2026,SO-476,1061.000,100.00,Credit Card/PayPal (donorperfect_import) - Order 476
06/14/2026,SO-476,3000.000,-100.00,Sales - Order 476
06/14/2026,SO-475,1061.000,25.00,Credit Card/PayPal (donorperfect_import) - Order 475
06/14/2026,SO-475,3000.000,-25.00,Sales - Order 475
06/14/2026,SO-474,1061.000,200.00,Credit Card/PayPal (donorperfect_import) - Order 474
06/14/2026,SO-474,3000.000,-200.00,Sales - Order 474
06/14/2026,SO-473,1061.000,25.00,Credit Card/PayPal (donorperfect_import) - Order 473
06/14/2026,SO-473,3000.000,-25.00,Sales - Order 473
06/14/2026,SO-472,1061.000,175.00,Credit Card/PayPal (donorperfect_import) - Order 472
06/14/2026,SO-472,3000.000,-175.00,Sales - Order 472
06/14/2026,SO-471,1061.000,25.00,Credit Card/PayPal (donorperfect_import) - Order 471
06/14/2026,SO-471,3000.000,-25.00,Sales - Order 471
06/14/2026,SO-470,1061.000,100.00,Credit Card/PayPal (donorperfect_import) - Order 470
06/14/2026,SO-470,3000.000,-100.00,Sales - Order 470
06/14/2026,SO-469,1061.000,100.00,Credit Card/PayPal (donorperfect_import) - Order 469
06/14/2026,SO-469,3000.000,-100.00,Sales - Order 469
06/14/2026,SO-468,1061.000,50.00,Credit Card/PayPal (donorperfect_import) - Order 468
06/14/2026,SO-468,3000.000,-50.00,Sales - Order 468
06/14/2026,SO-467,1061.000,25.00,Credit Card/PayPal (donorperfect_import) - Order 467
06/14/2026,SO-467,3000.000,-25.00,Sales - Order 467
06/14/2026,SO-466,1061.000,100.00,Credit Card/PayPal (donorperfect_import) - Order 466
06/14/2026,SO-466,3000.000,-100.00,Sales - Order 466
06/14/2026,SO-465,1061.000,50.00,Credit Card/PayPal (donorperfect_import) - Order 465
06/14/2026,SO-465,3000.000,-50.00,Sales - Order 465
06/14/2026,SO-463,1061.000,10.00,Credit Card/PayPal (donorperfect_import) - Order 463
06/14/2026,SO-463,3000.000,-10.00,Sales - Order 463
06/14/2026,SO-464,1061.000,100.00,Credit Card/PayPal (donorperfect_import) - Order 464
06/14/2026,SO-464,3000.000,-100.00,Sales - Order 464
06/14/2026,SO-462,1061.000,100.00,Credit Card/PayPal (donorperfect_import) - Order 462
06/14/2026,SO-462,3000.000,-100.00,Sales - Order 462
06/14/2026,SO-461,1061.000,25.00,Credit Card/PayPal (donorperfect_import) - Order 461
06/14/2026,SO-461,3000.000,-25.00,Sales - Order 461
06/14/2026,SO-460,1061.000,100.00,Credit Card/PayPal (donorperfect_import) - Order 460
06/14/2026,SO-460,3000.000,-100.00,Sales - Order 460
06/14/2026,SO-459,1061.000,100.00,Credit Card/PayPal (donorperfect_import) - Order 459
06/14/2026,SO-459,3000.000,-100.00,Sales - Order 459
06/14/2026,SO-458,1061.000,100.00,Credit Card/PayPal (donorperfect_import) - Order 458
06/14/2026,SO-458,3000.000,-100.00,Sales - Order 458
06/14/2026,SO-454,1061.000,100.00,Credit Card/PayPal (donorperfect_import) - Order 454
06/14/2026,SO-454,3000.000,-100.00,Sales - Order 454
06/14/2026,SO-452,1061.000,100.00,Credit Card/PayPal (donorperfect_import) - Order 452
06/14/2026,SO-452,3000.000,-100.00,Sales - Order 452
06/14/2026,SO-450,1061.000,40.00,Credit Card/PayPal (donorperfect_import) - Order 450
06/14/2026,SO-450,3000.000,-40.00,Sales - Order 450
06/14/2026,SO-451,1061.000,40.00,Credit Card/PayPal (donorperfect_import) - Order 451
06/14/2026,SO-451,3000.000,-40.00,Sales - Order 451
06/14/2026,SO-449,1061.000,40.00,Credit Card/PayPal (donorperfect_import) - Order 449
06/14/2026,SO-449,3000.000,-40.00,Sales - Order 449
06/14/2026,SO-447,1061.000,40.00,Credit Card/PayPal (donorperfect_import) - Order 447
06/14/2026,SO-447,3000.000,-40.00,Sales - Order 447
06/14/2026,SO-446,1061.000,40.00,Credit Card/PayPal (donorperfect_import) - Order 446
06/14/2026,SO-446,3000.000,-40.00,Sales - Order 446
06/14/2026,SO-448,1061.000,40.00,Credit Card/PayPal (donorperfect_import) - Order 448
06/14/2026,SO-448,3000.000,-40.00,Sales - Order 448
06/14/2026,SO-445,1061.000,40.00,Credit Card/PayPal (donorperfect_import) - Order 445
06/14/2026,SO-445,3000.000,-40.00,Sales - Order 445
06/14/2026,SO-444,1061.000,20.00,Credit Card/PayPal (donorperfect_import) - Order 444
06/14/2026,SO-444,3000.000,-20.00,Sales - Order 444
06/14/2026,SO-443,1061.000,20.00,Credit Card/PayPal (donorperfect_import) - Order 443
06/14/2026,SO-443,3000.000,-20.00,Sales - Order 443
06/14/2026,SO-187496,1061.000,34.25,Credit Card/PayPal (donorperfect_import) - Order 187496
06/14/2026,SO-187496,3000.000,-28.00,Sales - Order 187496
06/14/2026,SO-187496,3040.000,-6.25,Shipping - Order 187496
06/14/2026,SO-442,1061.000,20.00,Credit Card/PayPal (donorperfect_import) - Order 442
06/14/2026,SO-442,3000.000,-20.00,Sales - Order 442
06/14/2026,SO-441,1061.000,40.00,Credit Card/PayPal (donorperfect_import) - Order 441
06/14/2026,SO-441,3000.000,-40.00,Sales - Order 441
06/14/2026,SO-165884,1061.000,250.00,Credit Card/PayPal (donorperfect_import) - Order 165884
06/14/2026,SO-165884,3000.000,-250.00,Sales - Order 165884
06/14/2026,SO-440,1061.000,35.00,Credit Card/PayPal (donorperfect_import) - Order 440
06/14/2026,SO-440,3000.000,-35.00,Sales - Order 440
06/14/2026,SO-217925,1061.000,1000.00,Credit Card/PayPal (donorperfect_import) - Order 217925
06/14/2026,SO-217925,3000.000,-1000.00,Sales - Order 217925
06/14/2026,SO-204647,1061.000,1000.00,Credit Card/PayPal (donorperfect_import) - Order 204647
06/14/2026,SO-204647,3000.000,-1000.00,Sales - Order 204647
06/14/2026,SO-194360,1061.000,1000.00,Credit Card/PayPal (donorperfect_import) - Order 194360
06/14/2026,SO-194360,3000.000,-1000.00,Sales - Order 194360
06/14/2026,SO-185170,1061.000,1000.00,Credit Card/PayPal (donorperfect_import) - Order 185170
06/14/2026,SO-185170,3000.000,-1000.00,Sales - Order 185170
06/14/2026,SO-175394,1061.000,500.00,Credit Card/PayPal (donorperfect_import) - Order 175394
06/14/2026,SO-175394,3000.000,-500.00,Sales - Order 175394
06/14/2026,SO-439,1061.000,1000.00,Credit Card/PayPal (donorperfect_import) - Order 439
06/14/2026,SO-439,3000.000,-1000.00,Sales - Order 439
06/14/2026,SO-438,1061.000,65.00,Credit Card/PayPal (donorperfect_import) - Order 438
06/14/2026,SO-438,3000.000,-65.00,Sales - Order 438
06/14/2026,SO-437,1061.000,500.00,Credit Card/PayPal (donorperfect_import) - Order 437
06/14/2026,SO-437,3000.000,-500.00,Sales - Order 437
06/14/2026,SO-436,1061.000,65.00,Credit Card/PayPal (donorperfect_import) - Order 436
06/14/2026,SO-436,3000.000,-65.00,Sales - Order 436
06/14/2026,SO-435,1061.000,500.00,Credit Card/PayPal (donorperfect_import) - Order 435
06/14/2026,SO-435,3000.000,-500.00,Sales - Order 435
06/14/2026,SO-434,1061.000,200.00,Credit Card/PayPal (donorperfect_import) - Order 434
06/14/2026,SO-434,3000.000,-200.00,Sales - Order 434
06/14/2026,SO-433,1061.000,150.00,Credit Card/PayPal (donorperfect_import) - Order 433
06/14/2026,SO-433,3000.000,-150.00,Sales - Order 433
06/14/2026,SO-432,1061.000,50.00,Credit Card/PayPal (donorperfect_import) - Order 432
06/14/2026,SO-432,3000.000,-50.00,Sales - Order 432
06/14/2026,SO-431,1061.000,200.00,Credit Card/PayPal (donorperfect_import) - Order 431
06/14/2026,SO-431,3000.000,-200.00,Sales - Order 431
06/14/2026,SO-430,1061.000,100.00,Credit Card/PayPal (donorperfect_import) - Order 430
06/14/2026,SO-430,3000.000,-100.00,Sales - Order 430
06/14/2026,SO-429,1061.000,100.00,Credit Card/PayPal (donorperfect_import) - Order 429
06/14/2026,SO-429,3000.000,-100.00,Sales - Order 429
06/14/2026,SO-427,1061.000,100.00,Credit Card/PayPal (donorperfect_import) - Order 427
06/14/2026,SO-427,3000.000,-100.00,Sales - Order 427
06/14/2026,SO-428,1061.000,100.00,Credit Card/PayPal (donorperfect_import) - Order 428
06/14/2026,SO-428,3000.000,-100.00,Sales - Order 428
06/14/2026,SO-426,1061.000,100.00,Credit Card/PayPal (donorperfect_import) - Order 426
06/14/2026,SO-426,3000.000,-100.00,Sales - Order 426
06/14/2026,SO-425,1061.000,107.90,Credit Card/PayPal (donorperfect_import) - Order 425
06/14/2026,SO-425,3000.000,-107.90,Sales - Order 425
06/14/2026,SO-424,1061.000,200.00,Credit Card/PayPal (donorperfect_import) - Order 424
06/14/2026,SO-424,3000.000,-200.00,Sales - Order 424
06/14/2026,SO-423,1061.000,100.00,Credit Card/PayPal (donorperfect_import) - Order 423
06/14/2026,SO-423,3000.000,-100.00,Sales - Order 423
06/14/2026,SO-422,1061.000,200.00,Credit Card/PayPal (donorperfect_import) - Order 422
06/14/2026,SO-422,3000.000,-200.00,Sales - Order 422
06/14/2026,SO-421,1061.000,200.00,Credit Card/PayPal (donorperfect_import) - Order 421
06/14/2026,SO-421,3000.000,-200.00,Sales - Order 421
06/14/2026,SO-420,1061.000,100.00,Credit Card/PayPal (donorperfect_import) - Order 420
06/14/2026,SO-420,3000.000,-100.00,Sales - Order 420
06/14/2026,SO-419,1061.000,100.00,Credit Card/PayPal (donorperfect_import) - Order 419
06/14/2026,SO-419,3000.000,-100.00,Sales - Order 419
06/14/2026,SO-417,1061.000,50.00,Credit Card/PayPal (donorperfect_import) - Order 417
06/14/2026,SO-417,3000.000,-50.00,Sales - Order 417
06/14/2026,SO-418,1061.000,50.00,Credit Card/PayPal (donorperfect_import) - Order 418
06/14/2026,SO-418,3000.000,-50.00,Sales - Order 418
06/14/2026,SO-416,1061.000,50.00,Credit Card/PayPal (donorperfect_import) - Order 416
06/14/2026,SO-416,3000.000,-50.00,Sales - Order 416
06/14/2026,SO-415,1061.000,25.00,Credit Card/PayPal (donorperfect_import) - Order 415
06/14/2026,SO-415,3000.000,-25.00,Sales - Order 415
06/14/2026,SO-414,1061.000,50.00,Credit Card/PayPal (donorperfect_import) - Order 414
06/14/2026,SO-414,3000.000,-50.00,Sales - Order 414
06/14/2026,SO-408,1061.000,30.00,Credit Card/PayPal (donorperfect_import) - Order 408
06/14/2026,SO-408,3000.000,-30.00,Sales - Order 408
06/14/2026,SO-412,1061.000,50.00,Credit Card/PayPal (donorperfect_import) - Order 412
06/14/2026,SO-412,3000.000,-50.00,Sales - Order 412
06/14/2026,SO-410,1061.000,50.00,Credit Card/PayPal (donorperfect_import) - Order 410
06/14/2026,SO-410,3000.000,-50.00,Sales - Order 410
06/14/2026,SO-411,1061.000,100.00,Credit Card/PayPal (donorperfect_import) - Order 411
06/14/2026,SO-411,3000.000,-100.00,Sales - Order 411
06/14/2026,SO-409,1061.000,20.00,Credit Card/PayPal (donorperfect_import) - Order 409
06/14/2026,SO-409,3000.000,-20.00,Sales - Order 409
06/14/2026,SO-406,1061.000,20.00,Credit Card/PayPal (donorperfect_import) - Order 406
06/14/2026,SO-406,3000.000,-20.00,Sales - Order 406
06/14/2026,SO-407,1061.000,20.00,Credit Card/PayPal (donorperfect_import) - Order 407
06/14/2026,SO-407,3000.000,-20.00,Sales - Order 407
06/14/2026,SO-405,1061.000,50.00,Credit Card/PayPal (donorperfect_import) - Order 405
06/14/2026,SO-405,3000.000,-50.00,Sales - Order 405
06/14/2026,SO-404,1061.000,30.00,Credit Card/PayPal (donorperfect_import) - Order 404
06/14/2026,SO-404,3000.000,-30.00,Sales - Order 404
06/14/2026,SO-403,1061.000,20.00,Credit Card/PayPal (donorperfect_import) - Order 403
06/14/2026,SO-403,3000.000,-20.00,Sales - Order 403
06/14/2026,SO-402,1061.000,20.00,Credit Card/PayPal (donorperfect_import) - Order 402
06/14/2026,SO-402,3000.000,-20.00,Sales - Order 402
06/14/2026,SO-401,1061.000,50.00,Credit Card/PayPal (donorperfect_import) - Order 401
06/14/2026,SO-401,3000.000,-50.00,Sales - Order 401
06/14/2026,SO-400,1061.000,50.00,Credit Card/PayPal (donorperfect_import) - Order 400
06/14/2026,SO-400,3000.000,-50.00,Sales - Order 400
06/14/2026,SO-399,1061.000,100.00,Credit Card/PayPal (donorperfect_import) - Order 399
06/14/2026,SO-399,3000.000,-100.00,Sales - Order 399
06/14/2026,SO-398,1061.000,50.00,Credit Card/PayPal (donorperfect_import) - Order 398
06/14/2026,SO-398,3000.000,-50.00,Sales - Order 398
06/14/2026,SO-397,1061.000,35.00,Credit Card/PayPal (donorperfect_import) - Order 397
06/14/2026,SO-397,3000.000,-35.00,Sales - Order 397
06/14/2026,SO-396,1061.000,15.00,Credit Card/PayPal (donorperfect_import) - Order 396
06/14/2026,SO-396,3000.000,-15.00,Sales - Order 396
06/14/2026,SO-395,1061.000,30.00,Credit Card/PayPal (donorperfect_import) - Order 395
06/14/2026,SO-395,3000.000,-30.00,Sales - Order 395
06/14/2026,SO-394,1061.000,25.00,Credit Card/PayPal (donorperfect_import) - Order 394
06/14/2026,SO-394,3000.000,-25.00,Sales - Order 394
06/14/2026,SO-393,1061.000,50.00,Credit Card/PayPal (donorperfect_import) - Order 393
06/14/2026,SO-393,3000.000,-50.00,Sales - Order 393
06/14/2026,SO-392,1061.000,50.00,Credit Card/PayPal (donorperfect_import) - Order 392
06/14/2026,SO-392,3000.000,-50.00,Sales - Order 392
06/14/2026,SO-391,1061.000,25.00,Credit Card/PayPal (donorperfect_import) - Order 391
06/14/2026,SO-391,3000.000,-25.00,Sales - Order 391
06/14/2026,SO-390,1061.000,25.00,Credit Card/PayPal (donorperfect_import) - Order 390
06/14/2026,SO-390,3000.000,-25.00,Sales - Order 390
06/14/2026,SO-389,1061.000,50.00,Credit Card/PayPal (donorperfect_import) - Order 389
06/14/2026,SO-389,3000.000,-50.00,Sales - Order 389
06/14/2026,SO-388,1061.000,200.00,Credit Card/PayPal (donorperfect_import) - Order 388
06/14/2026,SO-388,3000.000,-200.00,Sales - Order 388
06/14/2026,SO-387,1061.000,40.00,Credit Card/PayPal (donorperfect_import) - Order 387
06/14/2026,SO-387,3000.000,-40.00,Sales - Order 387
06/14/2026,SO-386,1061.000,25.00,Credit Card/PayPal (donorperfect_import) - Order 386
06/14/2026,SO-386,3000.000,-25.00,Sales - Order 386
06/14/2026,SO-385,1061.000,25.00,Credit Card/PayPal (donorperfect_import) - Order 385
06/14/2026,SO-385,3000.000,-25.00,Sales - Order 385
06/14/2026,SO-384,1061.000,40.00,Credit Card/PayPal (donorperfect_import) - Order 384
06/14/2026,SO-384,3000.000,-40.00,Sales - Order 384
06/14/2026,SO-383,1061.000,15.00,Credit Card/PayPal (donorperfect_import) - Order 383
06/14/2026,SO-383,3000.000,-15.00,Sales - Order 383
06/14/2026,SO-382,1061.000,25.00,Credit Card/PayPal (donorperfect_import) - Order 382
06/14/2026,SO-382,3000.000,-25.00,Sales - Order 382
06/14/2026,SO-381,1061.000,30.00,Credit Card/PayPal (donorperfect_import) - Order 381
06/14/2026,SO-381,3000.000,-30.00,Sales - Order 381
06/14/2026,SO-379,1061.000,125.00,Credit Card/PayPal (donorperfect_import) - Order 379
06/14/2026,SO-379,3000.000,-125.00,Sales - Order 379
06/14/2026,SO-380,1061.000,50.00,Credit Card/PayPal (donorperfect_import) - Order 380
06/14/2026,SO-380,3000.000,-50.00,Sales - Order 380
06/14/2026,SO-378,1061.000,35.00,Credit Card/PayPal (donorperfect_import) - Order 378
06/14/2026,SO-378,3000.000,-35.00,Sales - Order 378
06/14/2026,SO-377,1061.000,35.00,Credit Card/PayPal (donorperfect_import) - Order 377
06/14/2026,SO-377,3000.000,-35.00,Sales - Order 377
06/14/2026,SO-376,1061.000,20.00,Credit Card/PayPal (donorperfect_import) - Order 376
06/14/2026,SO-376,3000.000,-20.00,Sales - Order 376
06/14/2026,SO-375,1061.000,20.00,Credit Card/PayPal (donorperfect_import) - Order 375
06/14/2026,SO-375,3000.000,-20.00,Sales - Order 375
06/14/2026,SO-374,1061.000,10.00,Credit Card/PayPal (donorperfect_import) - Order 374
06/14/2026,SO-374,3000.000,-10.00,Sales - Order 374
06/14/2026,SO-373,1061.000,20.00,Credit Card/PayPal (donorperfect_import) - Order 373
06/14/2026,SO-373,3000.000,-20.00,Sales - Order 373
06/14/2026,SO-372,1061.000,20.00,Credit Card/PayPal (donorperfect_import) - Order 372
06/14/2026,SO-372,3000.000,-20.00,Sales - Order 372
06/14/2026,SO-371,1061.000,35.00,Credit Card/PayPal (donorperfect_import) - Order 371
06/14/2026,SO-371,3000.000,-35.00,Sales - Order 371
06/14/2026,SO-370,1061.000,5.00,Credit Card/PayPal (donorperfect_import) - Order 370
06/14/2026,SO-370,3000.000,-5.00,Sales - Order 370
06/14/2026,SO-368,1061.000,20.00,Credit Card/PayPal (donorperfect_import) - Order 368
06/14/2026,SO-368,3000.000,-20.00,Sales - Order 368
06/14/2026,SO-369,1061.000,25.00,Credit Card/PayPal (donorperfect_import) - Order 369
06/14/2026,SO-369,3000.000,-25.00,Sales - Order 369
06/14/2026,SO-367,1061.000,25.00,Credit Card/PayPal (donorperfect_import) - Order 367
06/14/2026,SO-367,3000.000,-25.00,Sales - Order 367
06/14/2026,SO-366,1061.000,25.00,Credit Card/PayPal (donorperfect_import) - Order 366
06/14/2026,SO-366,3000.000,-25.00,Sales - Order 366
06/14/2026,SO-365,1061.000,20.00,Credit Card/PayPal (donorperfect_import) - Order 365
06/14/2026,SO-365,3000.000,-20.00,Sales - Order 365
06/14/2026,SO-364,1061.000,20.00,Credit Card/PayPal (donorperfect_import) - Order 364
06/14/2026,SO-364,3000.000,-20.00,Sales - Order 364
06/14/2026,SO-363,1061.000,20.00,Credit Card/PayPal (donorperfect_import) - Order 363
06/14/2026,SO-363,3000.000,-20.00,Sales - Order 363
06/14/2026,SO-362,1061.000,20.00,Credit Card/PayPal (donorperfect_import) - Order 362
06/14/2026,SO-362,3000.000,-20.00,Sales - Order 362
06/14/2026,SO-361,1061.000,20.00,Credit Card/PayPal (donorperfect_import) - Order 361
06/14/2026,SO-361,3000.000,-20.00,Sales - Order 361
06/14/2026,SO-360,1061.000,5.00,Credit Card/PayPal (donorperfect_import) - Order 360
06/14/2026,SO-360,3000.000,-5.00,Sales - Order 360
06/14/2026,SO-359,1061.000,20.00,Credit Card/PayPal (donorperfect_import) - Order 359
06/14/2026,SO-359,3000.000,-20.00,Sales - Order 359
06/14/2026,SO-358,1061.000,700.00,Credit Card/PayPal (donorperfect_import) - Order 358
06/14/2026,SO-358,3000.000,-700.00,Sales - Order 358
06/14/2026,SO-357,1061.000,500.00,Credit Card/PayPal (donorperfect_import) - Order 357
06/14/2026,SO-357,3000.000,-500.00,Sales - Order 357
06/14/2026,SO-356,1061.000,700.00,Credit Card/PayPal (donorperfect_import) - Order 356
06/14/2026,SO-356,3000.000,-700.00,Sales - Order 356
06/14/2026,SO-355,1061.000,500.00,Credit Card/PayPal (donorperfect_import) - Order 355
06/14/2026,SO-355,3000.000,-500.00,Sales - Order 355
06/14/2026,SO-354,1061.000,700.00,Credit Card/PayPal (donorperfect_import) - Order 354
06/14/2026,SO-354,3000.000,-700.00,Sales - Order 354
06/14/2026,SO-353,1061.000,500.00,Credit Card/PayPal (donorperfect_import) - Order 353
06/14/2026,SO-353,3000.000,-500.00,Sales - Order 353
06/14/2026,SO-352,1061.000,700.00,Credit Card/PayPal (donorperfect_import) - Order 352
06/14/2026,SO-352,3000.000,-700.00,Sales - Order 352
06/14/2026,SO-351,1061.000,1000.00,Credit Card/PayPal (donorperfect_import) - Order 351
06/14/2026,SO-351,3000.000,-1000.00,Sales - Order 351
06/14/2026,SO-350,1061.000,100.00,Credit Card/PayPal (donorperfect_import) - Order 350
06/14/2026,SO-350,3000.000,-100.00,Sales - Order 350
06/14/2026,SO-349,1061.000,1000.00,Credit Card/PayPal (donorperfect_import) - Order 349
06/14/2026,SO-349,3000.000,-1000.00,Sales - Order 349
06/14/2026,SO-348,1061.000,500.00,Credit Card/PayPal (donorperfect_import) - Order 348
06/14/2026,SO-348,3000.000,-500.00,Sales - Order 348
06/14/2026,SO-347,1061.000,700.00,Credit Card/PayPal (donorperfect_import) - Order 347
06/14/2026,SO-347,3000.000,-700.00,Sales - Order 347
06/14/2026,SO-346,1061.000,200.00,Credit Card/PayPal (donorperfect_import) - Order 346
06/14/2026,SO-346,3000.000,-200.00,Sales - Order 346
06/14/2026,SO-345,1061.000,750.00,Credit Card/PayPal (donorperfect_import) - Order 345
06/14/2026,SO-345,3000.000,-750.00,Sales - Order 345
06/14/2026,SO-342,1061.000,500.00,Credit Card/PayPal (donorperfect_import) - Order 342
06/14/2026,SO-342,3000.000,-500.00,Sales - Order 342
06/14/2026,SO-343,1061.000,1000.00,Credit Card/PayPal (donorperfect_import) - Order 343
06/14/2026,SO-343,3000.000,-1000.00,Sales - Order 343
06/14/2026,SO-344,1061.000,100.00,Credit Card/PayPal (donorperfect_import) - Order 344
06/14/2026,SO-344,3000.000,-100.00,Sales - Order 344
06/14/2026,SO-341,1061.000,50.00,Credit Card/PayPal (donorperfect_import) - Order 341
06/14/2026,SO-341,3000.000,-50.00,Sales - Order 341
06/14/2026,SO-340,1061.000,100.00,Credit Card/PayPal (donorperfect_import) - Order 340
06/14/2026,SO-340,3000.000,-100.00,Sales - Order 340
06/14/2026,SO-339,1061.000,35.00,Credit Card/PayPal (donorperfect_import) - Order 339
06/14/2026,SO-339,3000.000,-35.00,Sales - Order 339
06/14/2026,SO-338,1061.000,35.00,Credit Card/PayPal (donorperfect_import) - Order 338
06/14/2026,SO-338,3000.000,-35.00,Sales - Order 338
06/14/2026,SO-337,1061.000,24.00,Credit Card/PayPal (donorperfect_import) - Order 337
06/14/2026,SO-337,3000.000,-24.00,Sales - Order 337
06/14/2026,SO-336,1061.000,35.00,Credit Card/PayPal (donorperfect_import) - Order 336
06/14/2026,SO-336,3000.000,-35.00,Sales - Order 336
06/14/2026,SO-335,1061.000,35.00,Credit Card/PayPal (donorperfect_import) - Order 335
06/14/2026,SO-335,3000.000,-35.00,Sales - Order 335
06/14/2026,SO-334,1061.000,35.00,Credit Card/PayPal (donorperfect_import) - Order 334
06/14/2026,SO-334,3000.000,-35.00,Sales - Order 334
06/14/2026,SO-333,1061.000,35.00,Credit Card/PayPal (donorperfect_import) - Order 333
06/14/2026,SO-333,3000.000,-35.00,Sales - Order 333
06/14/2026,SO-332,1061.000,30.00,Credit Card/PayPal (donorperfect_import) - Order 332
06/14/2026,SO-332,3000.000,-30.00,Sales - Order 332
06/14/2026,SO-331,1061.000,35.00,Credit Card/PayPal (donorperfect_import) - Order 331
06/14/2026,SO-331,3000.000,-35.00,Sales - Order 331
06/14/2026,SO-330,1061.000,25.00,Credit Card/PayPal (donorperfect_import) - Order 330
06/14/2026,SO-330,3000.000,-25.00,Sales - Order 330
06/14/2026,SO-328,1061.000,35.00,Credit Card/PayPal (donorperfect_import) - Order 328
06/14/2026,SO-328,3000.000,-35.00,Sales - Order 328
06/14/2026,SO-329,1061.000,50.00,Credit Card/PayPal (donorperfect_import) - Order 329
06/14/2026,SO-329,3000.000,-50.00,Sales - Order 329
06/14/2026,SO-324,1061.000,25.00,Credit Card/PayPal (donorperfect_import) - Order 324
06/14/2026,SO-324,3000.000,-25.00,Sales - Order 324
06/14/2026,SO-327,1061.000,500.00,Credit Card/PayPal (donorperfect_import) - Order 327
06/14/2026,SO-327,3000.000,-500.00,Sales - Order 327
06/14/2026,SO-326,1061.000,35.00,Credit Card/PayPal (donorperfect_import) - Order 326
06/14/2026,SO-326,3000.000,-35.00,Sales - Order 326
06/14/2026,SO-325,1061.000,35.00,Credit Card/PayPal (donorperfect_import) - Order 325
06/14/2026,SO-325,3000.000,-35.00,Sales - Order 325
06/14/2026,SO-323,1061.000,25.00,Credit Card/PayPal (donorperfect_import) - Order 323
06/14/2026,SO-323,3000.000,-25.00,Sales - Order 323
06/14/2026,SO-322,1061.000,25.00,Credit Card/PayPal (donorperfect_import) - Order 322
06/14/2026,SO-322,3000.000,-25.00,Sales - Order 322
06/14/2026,SO-321,1061.000,25.00,Credit Card/PayPal (donorperfect_import) - Order 321
06/14/2026,SO-321,3000.000,-25.00,Sales - Order 321
06/14/2026,SO-319,1061.000,25.00,Credit Card/PayPal (donorperfect_import) - Order 319
06/14/2026,SO-319,3000.000,-25.00,Sales - Order 319
06/14/2026,SO-320,1061.000,25.00,Credit Card/PayPal (donorperfect_import) - Order 320
06/14/2026,SO-320,3000.000,-25.00,Sales - Order 320
06/14/2026,SO-318,1061.000,25.00,Credit Card/PayPal (donorperfect_import) - Order 318
06/14/2026,SO-318,3000.000,-25.00,Sales - Order 318
06/14/2026,SO-317,1061.000,25.00,Credit Card/PayPal (donorperfect_import) - Order 317
06/14/2026,SO-317,3000.000,-25.00,Sales - Order 317
06/14/2026,SO-316,1061.000,25.00,Credit Card/PayPal (donorperfect_import) - Order 316
06/14/2026,SO-316,3000.000,-25.00,Sales - Order 316
06/14/2026,SO-315,1061.000,25.00,Credit Card/PayPal (donorperfect_import) - Order 315
06/14/2026,SO-315,3000.000,-25.00,Sales - Order 315
06/14/2026,SO-314,1061.000,25.00,Credit Card/PayPal (donorperfect_import) - Order 314
06/14/2026,SO-314,3000.000,-25.00,Sales - Order 314
06/14/2026,SO-313,1061.000,25.00,Credit Card/PayPal (donorperfect_import) - Order 313
06/14/2026,SO-313,3000.000,-25.00,Sales - Order 313
06/14/2026,SO-312,1061.000,25.00,Credit Card/PayPal (donorperfect_import) - Order 312
06/14/2026,SO-312,3000.000,-25.00,Sales - Order 312
06/14/2026,SO-311,1061.000,25.00,Credit Card/PayPal (donorperfect_import) - Order 311
06/14/2026,SO-311,3000.000,-25.00,Sales - Order 311
06/14/2026,SO-308,1061.000,25.00,Credit Card/PayPal (donorperfect_import) - Order 308
06/14/2026,SO-308,3000.000,-25.00,Sales - Order 308
06/14/2026,SO-310,1061.000,25.00,Credit Card/PayPal (donorperfect_import) - Order 310
06/14/2026,SO-310,3000.000,-25.00,Sales - Order 310
06/14/2026,SO-309,1061.000,25.00,Credit Card/PayPal (donorperfect_import) - Order 309
06/14/2026,SO-309,3000.000,-25.00,Sales - Order 309
06/14/2026,SO-307,1061.000,25.00,Credit Card/PayPal (donorperfect_import) - Order 307
06/14/2026,SO-307,3000.000,-25.00,Sales - Order 307
06/14/2026,SO-306,1061.000,15.00,Credit Card/PayPal (donorperfect_import) - Order 306
06/14/2026,SO-306,3000.000,-15.00,Sales - Order 306
06/14/2026,SO-304,1061.000,5.00,Credit Card/PayPal (donorperfect_import) - Order 304
06/14/2026,SO-304,3000.000,-5.00,Sales - Order 304
06/14/2026,SO-305,1061.000,20.00,Credit Card/PayPal (donorperfect_import) - Order 305
06/14/2026,SO-305,3000.000,-20.00,Sales - Order 305
06/14/2026,SO-303,1061.000,20.00,Credit Card/PayPal (donorperfect_import) - Order 303
06/14/2026,SO-303,3000.000,-20.00,Sales - Order 303
06/14/2026,SO-302,1061.000,20.00,Credit Card/PayPal (donorperfect_import) - Order 302
06/14/2026,SO-302,3000.000,-20.00,Sales - Order 302
06/14/2026,SO-301,1061.000,20.00,Credit Card/PayPal (donorperfect_import) - Order 301
06/14/2026,SO-301,3000.000,-20.00,Sales - Order 301
06/14/2026,SO-300,1061.000,20.00,Credit Card/PayPal (donorperfect_import) - Order 300
06/14/2026,SO-300,3000.000,-20.00,Sales - Order 300
06/14/2026,SO-299,1061.000,15.00,Credit Card/PayPal (donorperfect_import) - Order 299
06/14/2026,SO-299,3000.000,-15.00,Sales - Order 299
06/14/2026,SO-298,1061.000,20.00,Credit Card/PayPal (donorperfect_import) - Order 298
06/14/2026,SO-298,3000.000,-20.00,Sales - Order 298
06/14/2026,SO-177336,1061.000,20.00,Credit Card/PayPal (donorperfect_import) - Order 177336
06/14/2026,SO-177336,3000.000,-20.00,Sales - Order 177336
06/14/2026,SO-176482,1061.000,20.00,Credit Card/PayPal (donorperfect_import) - Order 176482
06/14/2026,SO-176482,3000.000,-20.00,Sales - Order 176482
06/14/2026,SO-175910,1061.000,20.00,Credit Card/PayPal (donorperfect_import) - Order 175910
06/14/2026,SO-175910,3000.000,-20.00,Sales - Order 175910
06/14/2026,SO-174631,1061.000,20.00,Credit Card/PayPal (donorperfect_import) - Order 174631
06/14/2026,SO-174631,3000.000,-20.00,Sales - Order 174631
06/14/2026,SO-173296,1061.000,20.00,Credit Card/PayPal (donorperfect_import) - Order 173296
06/14/2026,SO-173296,3000.000,-20.00,Sales - Order 173296
06/14/2026,SO-172520,1061.000,20.00,Credit Card/PayPal (donorperfect_import) - Order 172520
06/14/2026,SO-172520,3000.000,-20.00,Sales - Order 172520
06/14/2026,SO-171832,1061.000,20.00,Credit Card/PayPal (donorperfect_import) - Order 171832
06/14/2026,SO-171832,3000.000,-20.00,Sales - Order 171832
06/14/2026,SO-171269,1061.000,50.00,Credit Card/PayPal (donorperfect_import) - Order 171269
06/14/2026,SO-171269,3000.000,-50.00,Sales - Order 171269
06/14/2026,SO-171146,1061.000,20.00,Credit Card/PayPal (donorperfect_import) - Order 171146
06/14/2026,SO-171146,3000.000,-20.00,Sales - Order 171146
06/14/2026,SO-170200,1061.000,20.00,Credit Card/PayPal (donorperfect_import) - Order 170200
06/14/2026,SO-170200,3000.000,-20.00,Sales - Order 170200
06/14/2026,SO-168281,1061.000,20.00,Credit Card/PayPal (donorperfect_import) - Order 168281
06/14/2026,SO-168281,3000.000,-20.00,Sales - Order 168281
06/14/2026,SO-168759,1061.000,20.00,Credit Card/PayPal (donorperfect_import) - Order 168759
06/14/2026,SO-168759,3000.000,-20.00,Sales - Order 168759
06/14/2026,SO-169220,1061.000,20.00,Credit Card/PayPal (donorperfect_import) - Order 169220
06/14/2026,SO-169220,3000.000,-20.00,Sales - Order 169220
06/14/2026,SO-167841,1061.000,20.00,Credit Card/PayPal (donorperfect_import) - Order 167841
06/14/2026,SO-167841,3000.000,-20.00,Sales - Order 167841
06/14/2026,SO-166883,1061.000,20.00,Credit Card/PayPal (donorperfect_import) - Order 166883
06/14/2026,SO-166883,3000.000,-20.00,Sales - Order 166883
06/14/2026,SO-166314,1061.000,20.00,Credit Card/PayPal (donorperfect_import) - Order 166314
06/14/2026,SO-166314,3000.000,-20.00,Sales - Order 166314
06/14/2026,SO-165335,1061.000,20.00,Credit Card/PayPal (donorperfect_import) - Order 165335
06/14/2026,SO-165335,3000.000,-20.00,Sales - Order 165335
06/14/2026,SO-163775,1061.000,20.00,Credit Card/PayPal (donorperfect_import) - Order 163775
06/14/2026,SO-163775,3000.000,-20.00,Sales - Order 163775
06/14/2026,SO-162604,1061.000,20.00,Credit Card/PayPal (donorperfect_import) - Order 162604
06/14/2026,SO-162604,3000.000,-20.00,Sales - Order 162604
06/14/2026,SO-161877,1061.000,40.00,Credit Card/PayPal (donorperfect_import) - Order 161877
06/14/2026,SO-161877,3000.000,-40.00,Sales - Order 161877
06/14/2026,SO-161826,1061.000,20.00,Credit Card/PayPal (donorperfect_import) - Order 161826
06/14/2026,SO-161826,3000.000,-20.00,Sales - Order 161826
06/14/2026,SO-161172,1061.000,20.00,Credit Card/PayPal (donorperfect_import) - Order 161172
06/14/2026,SO-161172,3000.000,-20.00,Sales - Order 161172
06/14/2026,SO-160481,1061.000,20.00,Credit Card/PayPal (donorperfect_import) - Order 160481
06/14/2026,SO-160481,3000.000,-20.00,Sales - Order 160481
06/14/2026,SO-155241,1061.000,84.00,Credit Card/PayPal (donorperfect_import) - Order 155241
06/14/2026,SO-155241,3000.000,-76.00,Sales - Order 155241
06/14/2026,SO-155241,3040.000,-8.00,Shipping - Order 155241
06/14/2026,SO-159743,1061.000,20.00,Credit Card/PayPal (donorperfect_import) - Order 159743
06/14/2026,SO-159743,3000.000,-20.00,Sales - Order 159743
06/14/2026,SO-157232,1061.000,36.69,Credit Card/PayPal (donorperfect_import) - Order 157232
06/14/2026,SO-157232,3000.000,-27.00,Sales - Order 157232
06/14/2026,SO-157232,2110.000,-1.69,Sales Tax - Order 157232
06/14/2026,SO-157232,3040.000,-8.00,Shipping - Order 157232
06/14/2026,SO-158440,1061.000,20.00,Credit Card/PayPal (donorperfect_import) - Order 158440
06/14/2026,SO-158440,3000.000,-20.00,Sales - Order 158440
06/14/2026,SO-157236,1061.000,44.00,Credit Card/PayPal (donorperfect_import) - Order 157236
06/14/2026,SO-157236,3000.000,-36.00,Sales - Order 157236
06/14/2026,SO-157236,3040.000,-8.00,Shipping - Order 157236
06/14/2026,SO-157511,1061.000,20.00,Credit Card/PayPal (donorperfect_import) - Order 157511
06/14/2026,SO-157511,3000.000,-20.00,Sales - Order 157511
06/14/2026,SO-157230,1061.000,36.69,Credit Card/PayPal (donorperfect_import) - Order 157230
06/14/2026,SO-157230,3000.000,-27.00,Sales - Order 157230
06/14/2026,SO-157230,2110.000,-1.69,Sales Tax - Order 157230
06/14/2026,SO-157230,3040.000,-8.00,Shipping - Order 157230
06/14/2026,SO-157237,1061.000,44.00,Credit Card/PayPal (donorperfect_import) - Order 157237
06/14/2026,SO-157237,3000.000,-36.00,Sales - Order 157237
06/14/2026,SO-157237,3040.000,-8.00,Shipping - Order 157237
06/14/2026,SO-155240,1061.000,84.00,Credit Card/PayPal (donorperfect_import) - Order 155240
06/14/2026,SO-155240,3000.000,-76.00,Sales - Order 155240
06/14/2026,SO-155240,3040.000,-8.00,Shipping - Order 155240
06/14/2026,SO-157231,1061.000,36.69,Credit Card/PayPal (donorperfect_import) - Order 157231
06/14/2026,SO-157231,3000.000,-27.00,Sales - Order 157231
06/14/2026,SO-157231,2110.000,-1.69,Sales Tax - Order 157231
06/14/2026,SO-157231,3040.000,-8.00,Shipping - Order 157231
06/14/2026,SO-155239,1061.000,84.00,Credit Card/PayPal (donorperfect_import) - Order 155239
06/14/2026,SO-155239,3000.000,-76.00,Sales - Order 155239
06/14/2026,SO-155239,3040.000,-8.00,Shipping - Order 155239
06/14/2026,SO-155242,1061.000,84.00,Credit Card/PayPal (donorperfect_import) - Order 155242
06/14/2026,SO-155242,3000.000,-76.00,Sales - Order 155242
06/14/2026,SO-155242,3040.000,-8.00,Shipping - Order 155242
06/14/2026,SO-155238,1061.000,84.00,Credit Card/PayPal (donorperfect_import) - Order 155238
06/14/2026,SO-155238,3000.000,-76.00,Sales - Order 155238
06/14/2026,SO-155238,3040.000,-8.00,Shipping - Order 155238
06/14/2026,SO-156581,1061.000,20.00,Credit Card/PayPal (donorperfect_import) - Order 156581
06/14/2026,SO-156581,3000.000,-20.00,Sales - Order 156581
06/14/2026,SO-155641,1061.000,20.00,Credit Card/PayPal (donorperfect_import) - Order 155641
06/14/2026,SO-155641,3000.000,-20.00,Sales - Order 155641
06/14/2026,SO-155133,1061.000,20.00,Credit Card/PayPal (donorperfect_import) - Order 155133
06/14/2026,SO-155133,3000.000,-20.00,Sales - Order 155133
06/14/2026,SO-154614,1061.000,25.00,Credit Card/PayPal (donorperfect_import) - Order 154614
06/14/2026,SO-154614,3000.000,-25.00,Sales - Order 154614
06/14/2026,SO-154148,1061.000,20.00,Credit Card/PayPal (donorperfect_import) - Order 154148
06/14/2026,SO-154148,3000.000,-20.00,Sales - Order 154148
06/14/2026,SO-152906,1061.000,20.00,Credit Card/PayPal (donorperfect_import) - Order 152906
06/14/2026,SO-152906,3000.000,-20.00,Sales - Order 152906
06/14/2026,SO-151414,1061.000,20.00,Credit Card/PayPal (donorperfect_import) - Order 151414
06/14/2026,SO-151414,3000.000,-20.00,Sales - Order 151414
06/14/2026,SO-152272,1061.000,20.00,Credit Card/PayPal (donorperfect_import) - Order 152272
06/14/2026,SO-152272,3000.000,-20.00,Sales - Order 152272
06/14/2026,SO-150874,1061.000,20.00,Credit Card/PayPal (donorperfect_import) - Order 150874
06/14/2026,SO-150874,3000.000,-20.00,Sales - Order 150874
06/14/2026,SO-150291,1061.000,20.00,Credit Card/PayPal (donorperfect_import) - Order 150291
06/14/2026,SO-150291,3000.000,-20.00,Sales - Order 150291
06/14/2026,SO-150324,1061.000,35.00,Credit Card/PayPal (donorperfect_import) - Order 150324
06/14/2026,SO-150324,3000.000,-35.00,Sales - Order 150324
06/14/2026,SO-149510,1061.000,20.00,Credit Card/PayPal (donorperfect_import) - Order 149510
06/14/2026,SO-149510,3000.000,-20.00,Sales - Order 149510
06/14/2026,SO-148130,1061.000,20.00,Credit Card/PayPal (donorperfect_import) - Order 148130
06/14/2026,SO-148130,3000.000,-20.00,Sales - Order 148130
06/14/2026,SO-297,1061.000,25.00,Credit Card/PayPal (donorperfect_import) - Order 297
06/14/2026,SO-297,3000.000,-25.00,Sales - Order 297
06/14/2026,SO-147428,1061.000,20.00,Credit Card/PayPal (donorperfect_import) - Order 147428
06/14/2026,SO-147428,3000.000,-20.00,Sales - Order 147428
06/14/2026,SO-146605,1061.000,20.00,Credit Card/PayPal (donorperfect_import) - Order 146605
06/14/2026,SO-146605,3000.000,-20.00,Sales - Order 146605
06/14/2026,SO-146138,1061.000,20.00,Credit Card/PayPal (donorperfect_import) - Order 146138
06/14/2026,SO-146138,3000.000,-20.00,Sales - Order 146138
06/14/2026,SO-296,1061.000,25.00,Credit Card/PayPal (donorperfect_import) - Order 296
06/14/2026,SO-296,3000.000,-25.00,Sales - Order 296
06/14/2026,SO-295,1061.000,35.00,Credit Card/PayPal (donorperfect_import) - Order 295
06/14/2026,SO-295,3000.000,-35.00,Sales - Order 295
06/14/2026,SO-294,1061.000,25.00,Credit Card/PayPal (donorperfect_import) - Order 294
06/14/2026,SO-294,3000.000,-25.00,Sales - Order 294
06/14/2026,SO-293,1061.000,35.00,Credit Card/PayPal (donorperfect_import) - Order 293
06/14/2026,SO-293,3000.000,-35.00,Sales - Order 293
06/14/2026,SO-292,1061.000,25.00,Credit Card/PayPal (donorperfect_import) - Order 292
06/14/2026,SO-292,3000.000,-25.00,Sales - Order 292
06/14/2026,SO-291,1061.000,35.00,Credit Card/PayPal (donorperfect_import) - Order 291
06/14/2026,SO-291,3000.000,-35.00,Sales - Order 291
06/14/2026,SO-290,1061.000,25.00,Credit Card/PayPal (donorperfect_import) - Order 290
06/14/2026,SO-290,3000.000,-25.00,Sales - Order 290
06/14/2026,SO-289,1061.000,35.00,Credit Card/PayPal (donorperfect_import) - Order 289
06/14/2026,SO-289,3000.000,-35.00,Sales - Order 289
06/14/2026,SO-287,1061.000,35.00,Credit Card/PayPal (donorperfect_import) - Order 287
06/14/2026,SO-287,3000.000,-35.00,Sales - Order 287
06/14/2026,SO-288,1061.000,25.00,Credit Card/PayPal (donorperfect_import) - Order 288
06/14/2026,SO-288,3000.000,-25.00,Sales - Order 288
06/14/2026,SO-286,1061.000,25.00,Credit Card/PayPal (donorperfect_import) - Order 286
06/14/2026,SO-286,3000.000,-25.00,Sales - Order 286
06/14/2026,SO-285,1061.000,15.00,Credit Card/PayPal (donorperfect_import) - Order 285
06/14/2026,SO-285,3000.000,-15.00,Sales - Order 285
06/14/2026,SO-284,1061.000,35.00,Credit Card/PayPal (donorperfect_import) - Order 284
06/14/2026,SO-284,3000.000,-35.00,Sales - Order 284
06/14/2026,SO-282,1061.000,25.00,Credit Card/PayPal (donorperfect_import) - Order 282
06/14/2026,SO-282,3000.000,-25.00,Sales - Order 282
06/14/2026,SO-283,1061.000,25.00,Credit Card/PayPal (donorperfect_import) - Order 283
06/14/2026,SO-283,3000.000,-25.00,Sales - Order 283
06/14/2026,SO-281,1061.000,25.00,Credit Card/PayPal (donorperfect_import) - Order 281
06/14/2026,SO-281,3000.000,-25.00,Sales - Order 281
06/14/2026,SO-279,1061.000,25.00,Credit Card/PayPal (donorperfect_import) - Order 279
06/14/2026,SO-279,3000.000,-25.00,Sales - Order 279
06/14/2026,SO-280,1061.000,25.00,Credit Card/PayPal (donorperfect_import) - Order 280
06/14/2026,SO-280,3000.000,-25.00,Sales - Order 280
06/14/2026,SO-278,1061.000,25.00,Credit Card/PayPal (donorperfect_import) - Order 278
06/14/2026,SO-278,3000.000,-25.00,Sales - Order 278
06/14/2026,SO-277,1061.000,25.00,Credit Card/PayPal (donorperfect_import) - Order 277
06/14/2026,SO-277,3000.000,-25.00,Sales - Order 277
06/14/2026,SO-276,1061.000,10.00,Credit Card/PayPal (donorperfect_import) - Order 276
06/14/2026,SO-276,3000.000,-10.00,Sales - Order 276
06/14/2026,SO-273,1061.000,40.00,Credit Card/PayPal (donorperfect_import) - Order 273
06/14/2026,SO-273,3000.000,-40.00,Sales - Order 273
06/14/2026,SO-275,1061.000,25.00,Credit Card/PayPal (donorperfect_import) - Order 275
06/14/2026,SO-275,3000.000,-25.00,Sales - Order 275
06/14/2026,SO-274,1061.000,10.00,Credit Card/PayPal (donorperfect_import) - Order 274
06/14/2026,SO-274,3000.000,-10.00,Sales - Order 274
06/14/2026,SO-272,1061.000,10.00,Credit Card/PayPal (donorperfect_import) - Order 272
06/14/2026,SO-272,3000.000,-10.00,Sales - Order 272
06/14/2026,SO-271,1061.000,40.00,Credit Card/PayPal (donorperfect_import) - Order 271
06/14/2026,SO-271,3000.000,-40.00,Sales - Order 271
06/14/2026,SO-270,1061.000,10.00,Credit Card/PayPal (donorperfect_import) - Order 270
06/14/2026,SO-270,3000.000,-10.00,Sales - Order 270
06/14/2026,SO-269,1061.000,40.00,Credit Card/PayPal (donorperfect_import) - Order 269
06/14/2026,SO-269,3000.000,-40.00,Sales - Order 269
06/14/2026,SO-268,1061.000,40.00,Credit Card/PayPal (donorperfect_import) - Order 268
06/14/2026,SO-268,3000.000,-40.00,Sales - Order 268
06/14/2026,SO-267,1061.000,25.00,Credit Card/PayPal (donorperfect_import) - Order 267
06/14/2026,SO-267,3000.000,-25.00,Sales - Order 267
06/14/2026,SO-266,1061.000,40.00,Credit Card/PayPal (donorperfect_import) - Order 266
06/14/2026,SO-266,3000.000,-40.00,Sales - Order 266
06/14/2026,SO-264,1061.000,400.00,Credit Card/PayPal (donorperfect_import) - Order 264
06/14/2026,SO-264,3000.000,-400.00,Sales - Order 264
06/14/2026,SO-261,1061.000,40.00,Credit Card/PayPal (donorperfect_import) - Order 261
06/14/2026,SO-261,3000.000,-40.00,Sales - Order 261
06/14/2026,SO-263,1061.000,25.00,Credit Card/PayPal (donorperfect_import) - Order 263
06/14/2026,SO-263,3000.000,-25.00,Sales - Order 263
06/14/2026,SO-260,1061.000,40.00,Credit Card/PayPal (donorperfect_import) - Order 260
06/14/2026,SO-260,3000.000,-40.00,Sales - Order 260
06/14/2026,SO-259,1061.000,25.00,Credit Card/PayPal (donorperfect_import) - Order 259
06/14/2026,SO-259,3000.000,-25.00,Sales - Order 259
06/14/2026,SO-257,1061.000,35.00,Credit Card/PayPal (donorperfect_import) - Order 257
06/14/2026,SO-257,3000.000,-35.00,Sales - Order 257
06/14/2026,SO-256,1061.000,35.00,Credit Card/PayPal (donorperfect_import) - Order 256
06/14/2026,SO-256,3000.000,-35.00,Sales - Order 256
06/14/2026,SO-258,1061.000,40.00,Credit Card/PayPal (donorperfect_import) - Order 258
06/14/2026,SO-258,3000.000,-40.00,Sales - Order 258
06/14/2026,SO-253,1061.000,35.00,Credit Card/PayPal (donorperfect_import) - Order 253
06/14/2026,SO-253,3000.000,-35.00,Sales - Order 253
06/14/2026,SO-255,1061.000,35.00,Credit Card/PayPal (donorperfect_import) - Order 255
06/14/2026,SO-255,3000.000,-35.00,Sales - Order 255
06/14/2026,SO-254,1061.000,35.00,Credit Card/PayPal (donorperfect_import) - Order 254
06/14/2026,SO-254,3000.000,-35.00,Sales - Order 254
06/14/2026,SO-252,1061.000,35.00,Credit Card/PayPal (donorperfect_import) - Order 252
06/14/2026,SO-252,3000.000,-35.00,Sales - Order 252
06/14/2026,SO-251,1061.000,40.00,Credit Card/PayPal (donorperfect_import) - Order 251
06/14/2026,SO-251,3000.000,-40.00,Sales - Order 251
06/14/2026,SO-250,1061.000,35.00,Credit Card/PayPal (donorperfect_import) - Order 250
06/14/2026,SO-250,3000.000,-35.00,Sales - Order 250
06/14/2026,SO-249,1061.000,7.00,Credit Card/PayPal (donorperfect_import) - Order 249
06/14/2026,SO-249,3000.000,-7.00,Sales - Order 249
06/14/2026,SO-248,1061.000,50.00,Credit Card/PayPal (donorperfect_import) - Order 248
06/14/2026,SO-248,3000.000,-50.00,Sales - Order 248
06/14/2026,SO-247,1061.000,10.00,Credit Card/PayPal (donorperfect_import) - Order 247
06/14/2026,SO-247,3000.000,-10.00,Sales - Order 247
06/14/2026,SO-246,1061.000,100.00,Credit Card/PayPal (donorperfect_import) - Order 246
06/14/2026,SO-246,3000.000,-100.00,Sales - Order 246
06/14/2026,SO-245,1061.000,35.00,Credit Card/PayPal (donorperfect_import) - Order 245
06/14/2026,SO-245,3000.000,-35.00,Sales - Order 245
06/14/2026,SO-244,1061.000,30.00,Credit Card/PayPal (donorperfect_import) - Order 244
06/14/2026,SO-244,3000.000,-30.00,Sales - Order 244
06/14/2026,SO-243,1061.000,35.00,Credit Card/PayPal (donorperfect_import) - Order 243
06/14/2026,SO-243,3000.000,-35.00,Sales - Order 243
06/14/2026,SO-242,1061.000,35.00,Credit Card/PayPal (donorperfect_import) - Order 242
06/14/2026,SO-242,3000.000,-35.00,Sales - Order 242
06/14/2026,SO-241,1061.000,35.00,Credit Card/PayPal (donorperfect_import) - Order 241
06/14/2026,SO-241,3000.000,-35.00,Sales - Order 241
06/14/2026,SO-240,1061.000,35.00,Credit Card/PayPal (donorperfect_import) - Order 240
06/14/2026,SO-240,3000.000,-35.00,Sales - Order 240
06/14/2026,SO-239,1061.000,35.00,Credit Card/PayPal (donorperfect_import) - Order 239
06/14/2026,SO-239,3000.000,-35.00,Sales - Order 239
06/14/2026,SO-238,1061.000,25.00,Credit Card/PayPal (donorperfect_import) - Order 238
06/14/2026,SO-238,3000.000,-25.00,Sales - Order 238
06/14/2026,SO-237,1061.000,20.00,Credit Card/PayPal (donorperfect_import) - Order 237
06/14/2026,SO-237,3000.000,-20.00,Sales - Order 237
06/14/2026,SO-236,1061.000,20.00,Credit Card/PayPal (donorperfect_import) - Order 236
06/14/2026,SO-236,3000.000,-20.00,Sales - Order 236
06/14/2026,SO-235,1061.000,20.00,Credit Card/PayPal (donorperfect_import) - Order 235
06/14/2026,SO-235,3000.000,-20.00,Sales - Order 235
06/14/2026,SO-234,1061.000,20.00,Credit Card/PayPal (donorperfect_import) - Order 234
06/14/2026,SO-234,3000.000,-20.00,Sales - Order 234
06/14/2026,SO-233,1061.000,20.00,Credit Card/PayPal (donorperfect_import) - Order 233
06/14/2026,SO-233,3000.000,-20.00,Sales - Order 233
06/14/2026,SO-232,1061.000,20.00,Credit Card/PayPal (donorperfect_import) - Order 232
06/14/2026,SO-232,3000.000,-20.00,Sales - Order 232
06/14/2026,SO-231,1061.000,50.00,Credit Card/PayPal (donorperfect_import) - Order 231
06/14/2026,SO-231,3000.000,-50.00,Sales - Order 231
06/14/2026,SO-230,1061.000,10.00,Credit Card/PayPal (donorperfect_import) - Order 230
06/14/2026,SO-230,3000.000,-10.00,Sales - Order 230
06/14/2026,SO-229,1061.000,25.00,Credit Card/PayPal (donorperfect_import) - Order 229
06/14/2026,SO-229,3000.000,-25.00,Sales - Order 229
06/14/2026,SO-228,1061.000,50.00,Credit Card/PayPal (donorperfect_import) - Order 228
06/14/2026,SO-228,3000.000,-50.00,Sales - Order 228
06/14/2026,SO-226,1061.000,50.00,Credit Card/PayPal (donorperfect_import) - Order 226
06/14/2026,SO-226,3000.000,-50.00,Sales - Order 226
06/14/2026,SO-225,1061.000,100.00,Credit Card/PayPal (donorperfect_import) - Order 225
06/14/2026,SO-225,3000.000,-100.00,Sales - Order 225
06/14/2026,SO-227,1061.000,50.00,Credit Card/PayPal (donorperfect_import) - Order 227
06/14/2026,SO-227,3000.000,-50.00,Sales - Order 227
06/14/2026,SO-224,1061.000,50.00,Credit Card/PayPal (donorperfect_import) - Order 224
06/14/2026,SO-224,3000.000,-50.00,Sales - Order 224
06/14/2026,SO-223,1061.000,25.00,Credit Card/PayPal (donorperfect_import) - Order 223
06/14/2026,SO-223,3000.000,-25.00,Sales - Order 223
06/14/2026,SO-222,1061.000,50.00,Credit Card/PayPal (donorperfect_import) - Order 222
06/14/2026,SO-222,3000.000,-50.00,Sales - Order 222
06/14/2026,SO-221,1061.000,25.00,Credit Card/PayPal (donorperfect_import) - Order 221
06/14/2026,SO-221,3000.000,-25.00,Sales - Order 221
06/14/2026,SO-220,1061.000,25.00,Credit Card/PayPal (donorperfect_import) - Order 220
06/14/2026,SO-220,3000.000,-25.00,Sales - Order 220
06/14/2026,SO-219,1061.000,25.00,Credit Card/PayPal (donorperfect_import) - Order 219
06/14/2026,SO-219,3000.000,-25.00,Sales - Order 219
06/14/2026,SO-217,1061.000,10.00,Credit Card/PayPal (donorperfect_import) - Order 217
06/14/2026,SO-217,3000.000,-10.00,Sales - Order 217
06/14/2026,SO-218,1061.000,50.00,Credit Card/PayPal (donorperfect_import) - Order 218
06/14/2026,SO-218,3000.000,-50.00,Sales - Order 218
06/14/2026,SO-216,1061.000,50.00,Credit Card/PayPal (donorperfect_import) - Order 216
06/14/2026,SO-216,3000.000,-50.00,Sales - Order 216
06/14/2026,SO-215,1061.000,50.00,Credit Card/PayPal (donorperfect_import) - Order 215
06/14/2026,SO-215,3000.000,-50.00,Sales - Order 215
06/14/2026,SO-214,1061.000,25.00,Credit Card/PayPal (donorperfect_import) - Order 214
06/14/2026,SO-214,3000.000,-25.00,Sales - Order 214
06/14/2026,SO-213,1061.000,25.00,Credit Card/PayPal (donorperfect_import) - Order 213
06/14/2026,SO-213,3000.000,-25.00,Sales - Order 213
06/14/2026,SO-211,1061.000,25.00,Credit Card/PayPal (donorperfect_import) - Order 211
06/14/2026,SO-211,3000.000,-25.00,Sales - Order 211
06/14/2026,SO-212,1061.000,40.00,Credit Card/PayPal (donorperfect_import) - Order 212
06/14/2026,SO-212,3000.000,-40.00,Sales - Order 212
06/14/2026,SO-210,1061.000,25.00,Credit Card/PayPal (donorperfect_import) - Order 210
06/14/2026,SO-210,3000.000,-25.00,Sales - Order 210
06/14/2026,SO-209,1061.000,35.00,Credit Card/PayPal (donorperfect_import) - Order 209
06/14/2026,SO-209,3000.000,-35.00,Sales - Order 209
06/14/2026,SO-208,1061.000,15.00,Credit Card/PayPal (donorperfect_import) - Order 208
06/14/2026,SO-208,3000.000,-15.00,Sales - Order 208
06/14/2026,SO-207,1061.000,35.00,Credit Card/PayPal (donorperfect_import) - Order 207
06/14/2026,SO-207,3000.000,-35.00,Sales - Order 207
06/14/2026,SO-206,1061.000,20.00,Credit Card/PayPal (donorperfect_import) - Order 206
06/14/2026,SO-206,3000.000,-20.00,Sales - Order 206
06/14/2026,SO-205,1061.000,25.00,Credit Card/PayPal (donorperfect_import) - Order 205
06/14/2026,SO-205,3000.000,-25.00,Sales - Order 205
06/14/2026,SO-204,1061.000,20.00,Credit Card/PayPal (donorperfect_import) - Order 204
06/14/2026,SO-204,3000.000,-20.00,Sales - Order 204
06/14/2026,SO-203,1061.000,25.00,Credit Card/PayPal (donorperfect_import) - Order 203
06/14/2026,SO-203,3000.000,-25.00,Sales - Order 203
06/14/2026,SO-202,1061.000,35.00,Credit Card/PayPal (donorperfect_import) - Order 202
06/14/2026,SO-202,3000.000,-35.00,Sales - Order 202
06/14/2026,SO-201,1061.000,35.00,Credit Card/PayPal (donorperfect_import) - Order 201
06/14/2026,SO-201,3000.000,-35.00,Sales - Order 201
06/14/2026,SO-200,1061.000,20.00,Credit Card/PayPal (donorperfect_import) - Order 200
06/14/2026,SO-200,3000.000,-20.00,Sales - Order 200
06/14/2026,SO-199,1061.000,125.00,Credit Card/PayPal (donorperfect_import) - Order 199
06/14/2026,SO-199,3000.000,-125.00,Sales - Order 199
06/14/2026,SO-198,1061.000,100.00,Credit Card/PayPal (donorperfect_import) - Order 198
06/14/2026,SO-198,3000.000,-100.00,Sales - Order 198
06/14/2026,SO-197,1061.000,100.00,Credit Card/PayPal (donorperfect_import) - Order 197
06/14/2026,SO-197,3000.000,-100.00,Sales - Order 197
06/14/2026,SO-196,1061.000,35.00,Credit Card/PayPal (donorperfect_import) - Order 196
06/14/2026,SO-196,3000.000,-35.00,Sales - Order 196
06/14/2026,SO-195,1061.000,50.00,Credit Card/PayPal (donorperfect_import) - Order 195
06/14/2026,SO-195,3000.000,-50.00,Sales - Order 195
06/14/2026,SO-194,1061.000,100.00,Credit Card/PayPal (donorperfect_import) - Order 194
06/14/2026,SO-194,3000.000,-100.00,Sales - Order 194
06/14/2026,SO-193,1061.000,250.00,Credit Card/PayPal (donorperfect_import) - Order 193
06/14/2026,SO-193,3000.000,-250.00,Sales - Order 193
06/14/2026,SO-192,1061.000,20.00,Credit Card/PayPal (donorperfect_import) - Order 192
06/14/2026,SO-192,3000.000,-20.00,Sales - Order 192
06/14/2026,SO-191,1061.000,80.00,Credit Card/PayPal (donorperfect_import) - Order 191
06/14/2026,SO-191,3000.000,-80.00,Sales - Order 191
06/14/2026,SO-190,1061.000,20.00,Credit Card/PayPal (donorperfect_import) - Order 190
06/14/2026,SO-190,3000.000,-20.00,Sales - Order 190
06/14/2026,SO-189,1061.000,20.00,Credit Card/PayPal (donorperfect_import) - Order 189
06/14/2026,SO-189,3000.000,-20.00,Sales - Order 189
06/14/2026,SO-188,1061.000,20.00,Credit Card/PayPal (donorperfect_import) - Order 188
06/14/2026,SO-188,3000.000,-20.00,Sales - Order 188
06/14/2026,SO-187,1061.000,20.00,Credit Card/PayPal (donorperfect_import) - Order 187
06/14/2026,SO-187,3000.000,-20.00,Sales - Order 187
06/14/2026,SO-186,1061.000,20.00,Credit Card/PayPal (donorperfect_import) - Order 186
06/14/2026,SO-186,3000.000,-20.00,Sales - Order 186
06/14/2026,SO-185,1061.000,35.00,Credit Card/PayPal (donorperfect_import) - Order 185
06/14/2026,SO-185,3000.000,-35.00,Sales - Order 185
06/14/2026,SO-184,1061.000,25.00,Credit Card/PayPal (donorperfect_import) - Order 184
06/14/2026,SO-184,3000.000,-25.00,Sales - Order 184
06/14/2026,SO-183,1061.000,30.00,Credit Card/PayPal (donorperfect_import) - Order 183
06/14/2026,SO-183,3000.000,-30.00,Sales - Order 183
06/14/2026,SO-181,1061.000,20.00,Credit Card/PayPal (donorperfect_import) - Order 181
06/14/2026,SO-181,3000.000,-20.00,Sales - Order 181
06/14/2026,SO-179,1061.000,20.00,Credit Card/PayPal (donorperfect_import) - Order 179
06/14/2026,SO-179,3000.000,-20.00,Sales - Order 179
06/14/2026,SO-180,1061.000,20.00,Credit Card/PayPal (donorperfect_import) - Order 180
06/14/2026,SO-180,3000.000,-20.00,Sales - Order 180
06/14/2026,SO-178,1061.000,20.00,Credit Card/PayPal (donorperfect_import) - Order 178
06/14/2026,SO-178,3000.000,-20.00,Sales - Order 178
06/14/2026,SO-177,1061.000,20.00,Credit Card/PayPal (donorperfect_import) - Order 177
06/14/2026,SO-177,3000.000,-20.00,Sales - Order 177
06/14/2026,SO-176,1061.000,100.00,Credit Card/PayPal (donorperfect_import) - Order 176
06/14/2026,SO-176,3000.000,-100.00,Sales - Order 176
06/14/2026,SO-175,1061.000,100.00,Credit Card/PayPal (donorperfect_import) - Order 175
06/14/2026,SO-175,3000.000,-100.00,Sales - Order 175
06/14/2026,SO-173,1061.000,40.00,Credit Card/PayPal (donorperfect_import) - Order 173
06/14/2026,SO-173,3000.000,-40.00,Sales - Order 173
06/14/2026,SO-172,1061.000,35.00,Credit Card/PayPal (donorperfect_import) - Order 172
06/14/2026,SO-172,3000.000,-35.00,Sales - Order 172
06/14/2026,SO-171,1061.000,20.00,Credit Card/PayPal (donorperfect_import) - Order 171
06/14/2026,SO-171,3000.000,-20.00,Sales - Order 171
06/14/2026,SO-170,1061.000,20.00,Credit Card/PayPal (donorperfect_import) - Order 170
06/14/2026,SO-170,3000.000,-20.00,Sales - Order 170
06/14/2026,SO-169,1061.000,20.00,Credit Card/PayPal (donorperfect_import) - Order 169
06/14/2026,SO-169,3000.000,-20.00,Sales - Order 169
06/14/2026,SO-168,1061.000,20.00,Credit Card/PayPal (donorperfect_import) - Order 168
06/14/2026,SO-168,3000.000,-20.00,Sales - Order 168
06/14/2026,SO-167,1061.000,20.00,Credit Card/PayPal (donorperfect_import) - Order 167
06/14/2026,SO-167,3000.000,-20.00,Sales - Order 167
06/14/2026,SO-166,1061.000,35.00,Credit Card/PayPal (donorperfect_import) - Order 166
06/14/2026,SO-166,3000.000,-35.00,Sales - Order 166
06/14/2026,SO-165,1061.000,35.00,Credit Card/PayPal (donorperfect_import) - Order 165
06/14/2026,SO-165,3000.000,-35.00,Sales - Order 165
06/14/2026,SO-162,1061.000,125.00,Credit Card/PayPal (donorperfect_import) - Order 162
06/14/2026,SO-162,3000.000,-125.00,Sales - Order 162
06/14/2026,SO-163,1061.000,25.00,Credit Card/PayPal (donorperfect_import) - Order 163
06/14/2026,SO-163,3000.000,-25.00,Sales - Order 163
06/14/2026,SO-164,1061.000,25.00,Credit Card/PayPal (donorperfect_import) - Order 164
06/14/2026,SO-164,3000.000,-25.00,Sales - Order 164
06/14/2026,SO-161,1061.000,25.00,Credit Card/PayPal (donorperfect_import) - Order 161
06/14/2026,SO-161,3000.000,-25.00,Sales - Order 161
06/14/2026,SO-160,1061.000,25.00,Credit Card/PayPal (donorperfect_import) - Order 160
06/14/2026,SO-160,3000.000,-25.00,Sales - Order 160
06/14/2026,SO-159,1061.000,25.00,Credit Card/PayPal (donorperfect_import) - Order 159
06/14/2026,SO-159,3000.000,-25.00,Sales - Order 159
06/14/2026,SO-158,1061.000,100.00,Credit Card/PayPal (donorperfect_import) - Order 158
06/14/2026,SO-158,3000.000,-100.00,Sales - Order 158
06/14/2026,SO-157,1061.000,40.00,Credit Card/PayPal (donorperfect_import) - Order 157
06/14/2026,SO-157,3000.000,-40.00,Sales - Order 157
06/14/2026,SO-156,1061.000,100.00,Credit Card/PayPal (donorperfect_import) - Order 156
06/14/2026,SO-156,3000.000,-100.00,Sales - Order 156
06/14/2026,SO-155,1061.000,40.00,Credit Card/PayPal (donorperfect_import) - Order 155
06/14/2026,SO-155,3000.000,-40.00,Sales - Order 155
06/14/2026,SO-154,1061.000,100.00,Credit Card/PayPal (donorperfect_import) - Order 154
06/14/2026,SO-154,3000.000,-100.00,Sales - Order 154
06/14/2026,SO-153,1061.000,40.00,Credit Card/PayPal (donorperfect_import) - Order 153
06/14/2026,SO-153,3000.000,-40.00,Sales - Order 153
06/14/2026,SO-152,1061.000,50.00,Credit Card/PayPal (donorperfect_import) - Order 152
06/14/2026,SO-152,3000.000,-50.00,Sales - Order 152
06/14/2026,SO-151,1061.000,25.00,Credit Card/PayPal (donorperfect_import) - Order 151
06/14/2026,SO-151,3000.000,-25.00,Sales - Order 151
06/14/2026,SO-150,1061.000,50.00,Credit Card/PayPal (donorperfect_import) - Order 150
06/14/2026,SO-150,3000.000,-50.00,Sales - Order 150
06/14/2026,SO-149,1061.000,25.00,Credit Card/PayPal (donorperfect_import) - Order 149
06/14/2026,SO-149,3000.000,-25.00,Sales - Order 149
06/14/2026,SO-146,1061.000,100.00,Credit Card/PayPal (donorperfect_import) - Order 146
06/14/2026,SO-146,3000.000,-100.00,Sales - Order 146
06/14/2026,SO-148,1061.000,100.00,Credit Card/PayPal (donorperfect_import) - Order 148
06/14/2026,SO-148,3000.000,-100.00,Sales - Order 148
06/14/2026,SO-147,1061.000,25.00,Credit Card/PayPal (donorperfect_import) - Order 147
06/14/2026,SO-147,3000.000,-25.00,Sales - Order 147
06/14/2026,SO-143,1061.000,50.00,Credit Card/PayPal (donorperfect_import) - Order 143
06/14/2026,SO-143,3000.000,-50.00,Sales - Order 143
06/14/2026,SO-145,1061.000,100.00,Credit Card/PayPal (donorperfect_import) - Order 145
06/14/2026,SO-145,3000.000,-100.00,Sales - Order 145
06/14/2026,SO-144,1061.000,25.00,Credit Card/PayPal (donorperfect_import) - Order 144
06/14/2026,SO-144,3000.000,-25.00,Sales - Order 144
06/14/2026,SO-142,1061.000,25.00,Credit Card/PayPal (donorperfect_import) - Order 142
06/14/2026,SO-142,3000.000,-25.00,Sales - Order 142
06/14/2026,SO-141,1061.000,25.00,Credit Card/PayPal (donorperfect_import) - Order 141
06/14/2026,SO-141,3000.000,-25.00,Sales - Order 141
06/14/2026,SO-140,1061.000,25.00,Credit Card/PayPal (donorperfect_import) - Order 140
06/14/2026,SO-140,3000.000,-25.00,Sales - Order 140
06/14/2026,SO-139,1061.000,5.00,Credit Card/PayPal (donorperfect_import) - Order 139
06/14/2026,SO-139,3000.000,-5.00,Sales - Order 139
06/14/2026,SO-138,1061.000,2.00,Credit Card/PayPal (donorperfect_import) - Order 138
06/14/2026,SO-138,3000.000,-2.00,Sales - Order 138
06/14/2026,SO-137,1061.000,20.00,Credit Card/PayPal (donorperfect_import) - Order 137
06/14/2026,SO-137,3000.000,-20.00,Sales - Order 137
06/14/2026,SO-136,1061.000,30.00,Credit Card/PayPal (donorperfect_import) - Order 136
06/14/2026,SO-136,3000.000,-30.00,Sales - Order 136
06/14/2026,SO-135,1061.000,20.00,Credit Card/PayPal (donorperfect_import) - Order 135
06/14/2026,SO-135,3000.000,-20.00,Sales - Order 135
06/14/2026,SO-134,1061.000,5.00,Credit Card/PayPal (donorperfect_import) - Order 134
06/14/2026,SO-134,3000.000,-5.00,Sales - Order 134
06/14/2026,SO-133,1061.000,20.00,Credit Card/PayPal (donorperfect_import) - Order 133
06/14/2026,SO-133,3000.000,-20.00,Sales - Order 133
06/14/2026,SO-132,1061.000,20.00,Credit Card/PayPal (donorperfect_import) - Order 132
06/14/2026,SO-132,3000.000,-20.00,Sales - Order 132
06/14/2026,SO-131,1061.000,20.00,Credit Card/PayPal (donorperfect_import) - Order 131
06/14/2026,SO-131,3000.000,-20.00,Sales - Order 131
06/14/2026,SO-130,1061.000,20.00,Credit Card/PayPal (donorperfect_import) - Order 130
06/14/2026,SO-130,3000.000,-20.00,Sales - Order 130
06/14/2026,SO-129,1061.000,36.00,Credit Card/PayPal (donorperfect_import) - Order 129
06/14/2026,SO-129,3000.000,-36.00,Sales - Order 129
06/14/2026,SO-128,1061.000,7.00,Credit Card/PayPal (donorperfect_import) - Order 128
06/14/2026,SO-128,3000.000,-7.00,Sales - Order 128
06/14/2026,SO-127,1061.000,250.00,Credit Card/PayPal (donorperfect_import) - Order 127
06/14/2026,SO-127,3000.000,-250.00,Sales - Order 127
06/14/2026,SO-126,1061.000,20.00,Credit Card/PayPal (donorperfect_import) - Order 126
06/14/2026,SO-126,3000.000,-20.00,Sales - Order 126
06/14/2026,SO-125,1061.000,11.65,Credit Card/PayPal (donorperfect_import) - Order 125
06/14/2026,SO-125,3000.000,-11.65,Sales - Order 125
06/14/2026,SO-124,1061.000,10.00,Credit Card/PayPal (donorperfect_import) - Order 124
06/14/2026,SO-124,3000.000,-10.00,Sales - Order 124
06/14/2026,SO-123,1061.000,25.00,Credit Card/PayPal (donorperfect_import) - Order 123
06/14/2026,SO-123,3000.000,-25.00,Sales - Order 123
06/14/2026,SO-122,1061.000,25.00,Credit Card/PayPal (donorperfect_import) - Order 122
06/14/2026,SO-122,3000.000,-25.00,Sales - Order 122
06/14/2026,SO-121,1061.000,10.00,Credit Card/PayPal (donorperfect_import) - Order 121
06/14/2026,SO-121,3000.000,-10.00,Sales - Order 121
06/14/2026,SO-120,1061.000,3.00,Credit Card/PayPal (donorperfect_import) - Order 120
06/14/2026,SO-120,3000.000,-3.00,Sales - Order 120
06/14/2026,SO-119,1061.000,20.00,Credit Card/PayPal (donorperfect_import) - Order 119
06/14/2026,SO-119,3000.000,-20.00,Sales - Order 119
06/14/2026,SO-118,1061.000,50.00,Credit Card/PayPal (donorperfect_import) - Order 118
06/14/2026,SO-118,3000.000,-50.00,Sales - Order 118
06/14/2026,SO-114,1061.000,24.00,Credit Card/PayPal (donorperfect_import) - Order 114
06/14/2026,SO-114,3000.000,-24.00,Sales - Order 114
06/14/2026,SO-117,1061.000,60.00,Credit Card/PayPal (donorperfect_import) - Order 117
06/14/2026,SO-117,3000.000,-60.00,Sales - Order 117
06/14/2026,SO-116,1061.000,50.00,Credit Card/PayPal (donorperfect_import) - Order 116
06/14/2026,SO-116,3000.000,-50.00,Sales - Order 116
06/14/2026,SO-115,1061.000,5.00,Credit Card/PayPal (donorperfect_import) - Order 115
06/14/2026,SO-115,3000.000,-5.00,Sales - Order 115
06/14/2026,SO-113,1061.000,50.00,Credit Card/PayPal (donorperfect_import) - Order 113
06/14/2026,SO-113,3000.000,-50.00,Sales - Order 113
06/14/2026,SO-112,1061.000,35.00,Credit Card/PayPal (donorperfect_import) - Order 112
06/14/2026,SO-112,3000.000,-35.00,Sales - Order 112
06/14/2026,SO-106,1061.000,100.00,Credit Card/PayPal (donorperfect_import) - Order 106
06/14/2026,SO-106,3000.000,-100.00,Sales - Order 106
06/14/2026,SO-105,1061.000,100.00,Credit Card/PayPal (donorperfect_import) - Order 105
06/14/2026,SO-105,3000.000,-100.00,Sales - Order 105
06/14/2026,SO-104,1061.000,40.00,Credit Card/PayPal (donorperfect_import) - Order 104
06/14/2026,SO-104,3000.000,-40.00,Sales - Order 104
06/14/2026,SO-101,1061.000,40.00,Credit Card/PayPal (donorperfect_import) - Order 101
06/14/2026,SO-101,3000.000,-40.00,Sales - Order 101
06/14/2026,SO-102,1061.000,150.00,Credit Card/PayPal (donorperfect_import) - Order 102
06/14/2026,SO-102,3000.000,-150.00,Sales - Order 102
06/14/2026,SO-97,1061.000,50.00,Credit Card/PayPal (donorperfect_import) - Order 97
06/14/2026,SO-97,3000.000,-50.00,Sales - Order 97
06/14/2026,SO-99,1061.000,25.00,Credit Card/PayPal (donorperfect_import) - Order 99
06/14/2026,SO-99,3000.000,-25.00,Sales - Order 99
06/14/2026,SO-100,1061.000,40.00,Credit Card/PayPal (donorperfect_import) - Order 100
06/14/2026,SO-100,3000.000,-40.00,Sales - Order 100
06/14/2026,SO-98,1061.000,40.00,Credit Card/PayPal (donorperfect_import) - Order 98
06/14/2026,SO-98,3000.000,-40.00,Sales - Order 98
06/14/2026,SO-95,1061.000,25.00,Credit Card/PayPal (donorperfect_import) - Order 95
06/14/2026,SO-95,3000.000,-25.00,Sales - Order 95
06/14/2026,SO-94,1061.000,100.00,Credit Card/PayPal (donorperfect_import) - Order 94
06/14/2026,SO-94,3000.000,-100.00,Sales - Order 94
06/14/2026,SO-93,1061.000,500.00,Credit Card/PayPal (donorperfect_import) - Order 93
06/14/2026,SO-93,3000.000,-500.00,Sales - Order 93
06/14/2026,SO-92,1061.000,1593.48,Credit Card/PayPal (donorperfect_import) - Order 92
06/14/2026,SO-92,3000.000,-1593.48,Sales - Order 92
06/14/2026,SO-91,1061.000,3151.95,Credit Card/PayPal (donorperfect_import) - Order 91
06/14/2026,SO-91,3000.000,-3151.95,Sales - Order 91
06/14/2026,SO-90,1061.000,20.00,Credit Card/PayPal (donorperfect_import) - Order 90
06/14/2026,SO-90,3000.000,-20.00,Sales - Order 90
06/14/2026,SO-89,1061.000,20.00,Credit Card/PayPal (donorperfect_import) - Order 89
06/14/2026,SO-89,3000.000,-20.00,Sales - Order 89
06/14/2026,SO-88,1061.000,20.00,Credit Card/PayPal (donorperfect_import) - Order 88
06/14/2026,SO-88,3000.000,-20.00,Sales - Order 88
06/14/2026,SO-87,1061.000,35.00,Credit Card/PayPal (donorperfect_import) - Order 87
06/14/2026,SO-87,3000.000,-35.00,Sales - Order 87
06/14/2026,SO-86,1061.000,50.00,Credit Card/PayPal (donorperfect_import) - Order 86
06/14/2026,SO-86,3000.000,-50.00,Sales - Order 86
06/14/2026,SO-85,1061.000,20.00,Credit Card/PayPal (donorperfect_import) - Order 85
06/14/2026,SO-85,3000.000,-20.00,Sales - Order 85
06/14/2026,SO-84,1061.000,50.00,Credit Card/PayPal (donorperfect_import) - Order 84
06/14/2026,SO-84,3000.000,-50.00,Sales - Order 84
06/14/2026,SO-83,1061.000,50.00,Credit Card/PayPal (donorperfect_import) - Order 83
06/14/2026,SO-83,3000.000,-50.00,Sales - Order 83
06/14/2026,SO-82,1061.000,125.00,Credit Card/PayPal (donorperfect_import) - Order 82
06/14/2026,SO-82,3000.000,-125.00,Sales - Order 82
06/14/2026,SO-81,1061.000,250.00,Credit Card/PayPal (donorperfect_import) - Order 81
06/14/2026,SO-81,3000.000,-250.00,Sales - Order 81
06/14/2026,SO-80,1061.000,35.00,Credit Card/PayPal (donorperfect_import) - Order 80
06/14/2026,SO-80,3000.000,-35.00,Sales - Order 80
06/14/2026,SO-79,1061.000,35.00,Credit Card/PayPal (donorperfect_import) - Order 79
06/14/2026,SO-79,3000.000,-35.00,Sales - Order 79
06/14/2026,SO-78,1061.000,25.00,Credit Card/PayPal (donorperfect_import) - Order 78
06/14/2026,SO-78,3000.000,-25.00,Sales - Order 78
06/14/2026,SO-77,1061.000,25.00,Credit Card/PayPal (donorperfect_import) - Order 77
06/14/2026,SO-77,3000.000,-25.00,Sales - Order 77
06/14/2026,SO-76,1061.000,25.00,Credit Card/PayPal (donorperfect_import) - Order 76
06/14/2026,SO-76,3000.000,-25.00,Sales - Order 76
06/14/2026,SO-75,1061.000,25.00,Credit Card/PayPal (donorperfect_import) - Order 75
06/14/2026,SO-75,3000.000,-25.00,Sales - Order 75
06/14/2026,SO-74,1061.000,25.00,Credit Card/PayPal (donorperfect_import) - Order 74
06/14/2026,SO-74,3000.000,-25.00,Sales - Order 74
06/14/2026,SO-73,1061.000,25.00,Credit Card/PayPal (donorperfect_import) - Order 73
06/14/2026,SO-73,3000.000,-25.00,Sales - Order 73
06/14/2026,SO-72,1061.000,40.00,Credit Card/PayPal (donorperfect_import) - Order 72
06/14/2026,SO-72,3000.000,-40.00,Sales - Order 72
06/14/2026,SO-71,1061.000,100.00,Credit Card/PayPal (donorperfect_import) - Order 71
06/14/2026,SO-71,3000.000,-100.00,Sales - Order 71
06/14/2026,SO-70,1061.000,100.00,Credit Card/PayPal (donorperfect_import) - Order 70
06/14/2026,SO-70,3000.000,-100.00,Sales - Order 70
06/14/2026,SO-69,1061.000,40.00,Credit Card/PayPal (donorperfect_import) - Order 69
06/14/2026,SO-69,3000.000,-40.00,Sales - Order 69
06/14/2026,SO-68,1061.000,40.00,Credit Card/PayPal (donorperfect_import) - Order 68
06/14/2026,SO-68,3000.000,-40.00,Sales - Order 68
06/14/2026,SO-67,1061.000,40.00,Credit Card/PayPal (donorperfect_import) - Order 67
06/14/2026,SO-67,3000.000,-40.00,Sales - Order 67
06/14/2026,SO-66,1061.000,100.00,Credit Card/PayPal (donorperfect_import) - Order 66
06/14/2026,SO-66,3000.000,-100.00,Sales - Order 66
06/14/2026,SO-65,1061.000,40.00,Credit Card/PayPal (donorperfect_import) - Order 65
06/14/2026,SO-65,3000.000,-40.00,Sales - Order 65
06/14/2026,SO-64,1061.000,40.00,Credit Card/PayPal (donorperfect_import) - Order 64
06/14/2026,SO-64,3000.000,-40.00,Sales - Order 64
06/14/2026,SO-63,1061.000,200.00,Credit Card/PayPal (donorperfect_import) - Order 63
06/14/2026,SO-63,3000.000,-200.00,Sales - Order 63
06/14/2026,SO-62,1061.000,30.00,Credit Card/PayPal (donorperfect_import) - Order 62
06/14/2026,SO-62,3000.000,-30.00,Sales - Order 62
06/14/2026,SO-61,1061.000,20.00,Credit Card/PayPal (donorperfect_import) - Order 61
06/14/2026,SO-61,3000.000,-20.00,Sales - Order 61
06/14/2026,SO-60,1061.000,20.00,Credit Card/PayPal (donorperfect_import) - Order 60
06/14/2026,SO-60,3000.000,-20.00,Sales - Order 60
06/14/2026,SO-59,1061.000,20.00,Credit Card/PayPal (donorperfect_import) - Order 59
06/14/2026,SO-59,3000.000,-20.00,Sales - Order 59
06/14/2026,SO-56,1061.000,10.00,Credit Card/PayPal (donorperfect_import) - Order 56
06/14/2026,SO-56,3000.000,-10.00,Sales - Order 56
06/14/2026,SO-58,1061.000,20.00,Credit Card/PayPal (donorperfect_import) - Order 58
06/14/2026,SO-58,3000.000,-20.00,Sales - Order 58
06/14/2026,SO-57,1061.000,10.00,Credit Card/PayPal (donorperfect_import) - Order 57
06/14/2026,SO-57,3000.000,-10.00,Sales - Order 57
06/14/2026,SO-55,1061.000,125.00,Credit Card/PayPal (donorperfect_import) - Order 55
06/14/2026,SO-55,3000.000,-125.00,Sales - Order 55
06/14/2026,SO-54,1061.000,25.00,Credit Card/PayPal (donorperfect_import) - Order 54
06/14/2026,SO-54,3000.000,-25.00,Sales - Order 54
06/14/2026,SO-235233,1061.000,25.00,Credit Card/PayPal (donorperfect_import) - Order 235233
06/14/2026,SO-235233,3000.000,-25.00,Sales - Order 235233
06/14/2026,SO-53,1061.000,25.00,Credit Card/PayPal (donorperfect_import) - Order 53
06/14/2026,SO-53,3000.000,-25.00,Sales - Order 53
06/14/2026,SO-52,1061.000,20.00,Credit Card/PayPal (donorperfect_import) - Order 52
06/14/2026,SO-52,3000.000,-20.00,Sales - Order 52
06/14/2026,SO-51,1061.000,25.00,Credit Card/PayPal (donorperfect_import) - Order 51
06/14/2026,SO-51,3000.000,-25.00,Sales - Order 51
06/14/2026,SO-50,1061.000,25.00,Credit Card/PayPal (donorperfect_import) - Order 50
06/14/2026,SO-50,3000.000,-25.00,Sales - Order 50
06/14/2026,SO-49,1061.000,25.00,Credit Card/PayPal (donorperfect_import) - Order 49
06/14/2026,SO-49,3000.000,-25.00,Sales - Order 49
06/14/2026,SO-43,1061.000,5.00,Credit Card/PayPal (donorperfect_import) - Order 43
06/14/2026,SO-43,3000.000,-5.00,Sales - Order 43
06/14/2026,SO-48,1061.000,20.00,Credit Card/PayPal (donorperfect_import) - Order 48
06/14/2026,SO-48,3000.000,-20.00,Sales - Order 48
06/14/2026,SO-47,1061.000,20.00,Credit Card/PayPal (donorperfect_import) - Order 47
06/14/2026,SO-47,3000.000,-20.00,Sales - Order 47
06/14/2026,SO-46,1061.000,20.00,Credit Card/PayPal (donorperfect_import) - Order 46
06/14/2026,SO-46,3000.000,-20.00,Sales - Order 46
06/14/2026,SO-165608,1061.000,18.79,Credit Card/PayPal (donorperfect_import) - Order 165608
06/14/2026,SO-165608,3000.000,-14.40,Sales - Order 165608
06/14/2026,SO-165608,3040.000,-4.39,Shipping - Order 165608
06/14/2026,SO-45,1061.000,20.00,Credit Card/PayPal (donorperfect_import) - Order 45
06/14/2026,SO-45,3000.000,-20.00,Sales - Order 45
06/14/2026,SO-44,1061.000,20.00,Credit Card/PayPal (donorperfect_import) - Order 44
06/14/2026,SO-44,3000.000,-20.00,Sales - Order 44
06/14/2026,SO-165458,1061.000,17.89,Credit Card/PayPal (donorperfect_import) - Order 165458
06/14/2026,SO-165458,3000.000,-13.50,Sales - Order 165458
06/14/2026,SO-165458,3040.000,-4.39,Shipping - Order 165458
06/14/2026,SO-42,1061.000,20.00,Credit Card/PayPal (donorperfect_import) - Order 42
06/14/2026,SO-42,3000.000,-20.00,Sales - Order 42
06/14/2026,SO-41,1061.000,25.00,Credit Card/PayPal (donorperfect_import) - Order 41
06/14/2026,SO-41,3000.000,-25.00,Sales - Order 41
06/14/2026,SO-235232,1061.000,50.00,Credit Card/PayPal (donorperfect_import) - Order 235232
06/14/2026,SO-235232,3000.000,-50.00,Sales - Order 235232
06/14/2026,SO-40,1061.000,20.00,Credit Card/PayPal (donorperfect_import) - Order 40
06/14/2026,SO-40,3000.000,-20.00,Sales - Order 40
06/14/2026,SO-39,1061.000,500.00,Credit Card/PayPal (donorperfect_import) - Order 39
06/14/2026,SO-39,3000.000,-500.00,Sales - Order 39
06/14/2026,SO-173371,1061.000,100.00,Credit Card/PayPal (donorperfect_import) - Order 173371
06/14/2026,SO-173371,3000.000,-100.00,Sales - Order 173371
06/14/2026,SO-187693,1061.000,40.00,Credit Card/PayPal (donorperfect_import) - Order 187693
06/14/2026,SO-187693,3000.000,-40.00,Sales - Order 187693
06/14/2026,SO-153001,1061.000,100.00,Credit Card/PayPal (donorperfect_import) - Order 153001
06/14/2026,SO-153001,3000.000,-100.00,Sales - Order 153001
06/14/2026,SO-163729,1061.000,40.00,Credit Card/PayPal (donorperfect_import) - Order 163729
06/14/2026,SO-163729,3000.000,-40.00,Sales - Order 163729
06/14/2026,SO-145655,1061.000,135.00,Credit Card/PayPal (donorperfect_import) - Order 145655
06/14/2026,SO-145655,3000.000,-135.00,Sales - Order 145655
06/14/2026,SO-33,1061.000,35.00,Credit Card/PayPal (donorperfect_import) - Order 33
06/14/2026,SO-33,3000.000,-35.00,Sales - Order 33
06/14/2026,SO-145893,1061.000,100.00,Credit Card/PayPal (donorperfect_import) - Order 145893
06/14/2026,SO-145893,3000.000,-100.00,Sales - Order 145893
06/14/2026,SO-34,1061.000,65.00,Credit Card/PayPal (donorperfect_import) - Order 34
06/14/2026,SO-34,3000.000,-65.00,Sales - Order 34
06/14/2026,SO-31,1061.000,35.00,Credit Card/PayPal (donorperfect_import) - Order 31
06/14/2026,SO-31,3000.000,-35.00,Sales - Order 31
06/14/2026,SO-32,1061.000,100.00,Credit Card/PayPal (donorperfect_import) - Order 32
06/14/2026,SO-32,3000.000,-100.00,Sales - Order 32
06/14/2026,SO-30,1061.000,35.00,Credit Card/PayPal (donorperfect_import) - Order 30
06/14/2026,SO-30,3000.000,-35.00,Sales - Order 30
06/14/2026,SO-29,1061.000,50.00,Credit Card/PayPal (donorperfect_import) - Order 29
06/14/2026,SO-29,3000.000,-50.00,Sales - Order 29
06/14/2026,SO-28,1061.000,35.00,Credit Card/PayPal (donorperfect_import) - Order 28
06/14/2026,SO-28,3000.000,-35.00,Sales - Order 28
06/14/2026,SO-27,1061.000,25.00,Credit Card/PayPal (donorperfect_import) - Order 27
06/14/2026,SO-27,3000.000,-25.00,Sales - Order 27
06/14/2026,SO-26,1061.000,25.00,Credit Card/PayPal (donorperfect_import) - Order 26
06/14/2026,SO-26,3000.000,-25.00,Sales - Order 26
06/14/2026,SO-25,1061.000,25.00,Credit Card/PayPal (donorperfect_import) - Order 25
06/14/2026,SO-25,3000.000,-25.00,Sales - Order 25
06/14/2026,SO-235231,1061.000,50.00,Credit Card/PayPal (donorperfect_import) - Order 235231
06/14/2026,SO-235231,3000.000,-50.00,Sales - Order 235231
06/14/2026,SO-24,1061.000,25.00,Credit Card/PayPal (donorperfect_import) - Order 24
06/14/2026,SO-24,3000.000,-25.00,Sales - Order 24
06/14/2026,SO-23,1061.000,25.00,Credit Card/PayPal (donorperfect_import) - Order 23
06/14/2026,SO-23,3000.000,-25.00,Sales - Order 23
06/14/2026,SO-22,1061.000,25.00,Credit Card/PayPal (donorperfect_import) - Order 22
06/14/2026,SO-22,3000.000,-25.00,Sales - Order 22
06/14/2026,SO-21,1061.000,25.00,Credit Card/PayPal (donorperfect_import) - Order 21
06/14/2026,SO-21,3000.000,-25.00,Sales - Order 21
06/14/2026,SO-20,1061.000,25.00,Credit Card/PayPal (donorperfect_import) - Order 20
06/14/2026,SO-20,3000.000,-25.00,Sales - Order 20
06/14/2026,SO-19,1061.000,25.00,Credit Card/PayPal (donorperfect_import) - Order 19
06/14/2026,SO-19,3000.000,-25.00,Sales - Order 19
06/14/2026,SO-18,1061.000,25.00,Credit Card/PayPal (donorperfect_import) - Order 18
06/14/2026,SO-18,3000.000,-25.00,Sales - Order 18
06/14/2026,SO-17,1061.000,50.00,Credit Card/PayPal (donorperfect_import) - Order 17
06/14/2026,SO-17,3000.000,-50.00,Sales - Order 17
06/14/2026,SO-13,1061.000,50.00,Credit Card/PayPal (donorperfect_import) - Order 13
06/14/2026,SO-13,3000.000,-50.00,Sales - Order 13
06/14/2026,SO-14,1061.000,45.00,Credit Card/PayPal (donorperfect_import) - Order 14
06/14/2026,SO-14,3000.000,-45.00,Sales - Order 14
06/14/2026,SO-16,1061.000,25.00,Credit Card/PayPal (donorperfect_import) - Order 16
06/14/2026,SO-16,3000.000,-25.00,Sales - Order 16
06/14/2026,SO-15,1061.000,50.00,Credit Card/PayPal (donorperfect_import) - Order 15
06/14/2026,SO-15,3000.000,-50.00,Sales - Order 15
06/14/2026,SO-10,1061.000,25.00,Credit Card/PayPal (donorperfect_import) - Order 10
06/14/2026,SO-10,3000.000,-25.00,Sales - Order 10
06/14/2026,SO-11,1061.000,25.00,Credit Card/PayPal (donorperfect_import) - Order 11
06/14/2026,SO-11,3000.000,-25.00,Sales - Order 11
06/14/2026,SO-12,1061.000,15.00,Credit Card/PayPal (donorperfect_import) - Order 12
06/14/2026,SO-12,3000.000,-15.00,Sales - Order 12
06/14/2026,SO-235230,1061.000,50.00,Credit Card/PayPal (donorperfect_import) - Order 235230
06/14/2026,SO-235230,3000.000,-50.00,Sales - Order 235230
06/14/2026,SO-9,1061.000,20.00,Credit Card/PayPal (donorperfect_import) - Order 9
06/14/2026,SO-9,3000.000,-20.00,Sales - Order 9
06/14/2026,SO-8,1061.000,20.00,Credit Card/PayPal (donorperfect_import) - Order 8
06/14/2026,SO-8,3000.000,-20.00,Sales - Order 8
06/14/2026,SO-4,1061.000,20.00,Credit Card/PayPal (donorperfect_import) - Order 4
06/14/2026,SO-4,3000.000,-20.00,Sales - Order 4
06/14/2026,SO-5,1061.000,20.00,Credit Card/PayPal (donorperfect_import) - Order 5
06/14/2026,SO-5,3000.000,-20.00,Sales - Order 5
06/14/2026,SO-7,1061.000,20.00,Credit Card/PayPal (donorperfect_import) - Order 7
06/14/2026,SO-7,3000.000,-20.00,Sales - Order 7
06/14/2026,SO-3,1061.000,20.00,Credit Card/PayPal (donorperfect_import) - Order 3
06/14/2026,SO-3,3000.000,-20.00,Sales - Order 3
06/14/2026,SO-1,1061.000,25.00,Credit Card/PayPal (donorperfect_import) - Order 1
06/14/2026,SO-1,3000.000,-25.00,Sales - Order 1
06/14/2026,SO-2,1061.000,10.00,Credit Card/PayPal (donorperfect_import) - Order 2
06/14/2026,SO-2,3000.000,-10.00,Sales - Order 2
06/14/2026,SO-6,1061.000,5.00,Credit Card/PayPal (donorperfect_import) - Order 6
06/14/2026,SO-6,3000.000,-5.00,Sales - Order 6
06/14/2026,SO-235229,1061.000,100.00,Credit Card/PayPal (donorperfect_import) - Order 235229
06/14/2026,SO-235229,3000.000,-100.00,Sales - Order 235229
06/14/2026,SO-235226,1061.000,80.00,Credit Card/PayPal (donorperfect_import) - Order 235226
06/14/2026,SO-235226,3000.000,-80.00,Sales - Order 235226
06/14/2026,SO-235225,1061.000,100.00,Credit Card/PayPal (donorperfect_import) - Order 235225
06/14/2026,SO-235225,3000.000,-100.00,Sales - Order 235225
06/14/2026,SO-235224,1061.000,100.00,Credit Card/PayPal (donorperfect_import) - Order 235224
06/14/2026,SO-235224,3000.000,-100.00,Sales - Order 235224
06/14/2026,SO-235220,1061.000,200.00,Credit Card/PayPal (donorperfect_import) - Order 235220
06/14/2026,SO-235220,3000.000,-200.00,Sales - Order 235220
06/14/2026,SO-235219,1061.000,100.00,Credit Card/PayPal (donorperfect_import) - Order 235219
06/14/2026,SO-235219,3000.000,-100.00,Sales - Order 235219
06/14/2026,SO-235218,1061.000,250.00,Credit Card/PayPal (donorperfect_import) - Order 235218
06/14/2026,SO-235218,3000.000,-250.00,Sales - Order 235218
06/14/2026,SO-235217,1061.000,250.00,Credit Card/PayPal (donorperfect_import) - Order 235217
06/14/2026,SO-235217,3000.000,-250.00,Sales - Order 235217
06/14/2026,SO-235216,1061.000,500.00,Credit Card/PayPal (donorperfect_import) - Order 235216
06/14/2026,SO-235216,3000.000,-500.00,Sales - Order 235216
06/14/2026,SO-235215,1061.000,40.00,Credit Card/PayPal (donorperfect_import) - Order 235215
06/14/2026,SO-235215,3000.000,-40.00,Sales - Order 235215
06/14/2026,SO-235214,1061.000,1000.00,Credit Card/PayPal (donorperfect_import) - Order 235214
06/14/2026,SO-235214,3000.000,-1000.00,Sales - Order 235214
06/14/2026,SO-235213,1061.000,250.00,Credit Card/PayPal (donorperfect_import) - Order 235213
06/14/2026,SO-235213,3000.000,-250.00,Sales - Order 235213
06/14/2026,SO-235210,1061.000,92.40,Credit Card/PayPal (donorperfect_import) - Order 235210
06/14/2026,SO-235210,3000.000,-76.00,Sales - Order 235210
06/14/2026,SO-235210,3040.000,-16.40,Shipping - Order 235210
06/14/2026,SO-235206,1061.000,40.00,Credit Card/PayPal (donorperfect_import) - Order 235206
06/14/2026,SO-235206,3000.000,-40.00,Sales - Order 235206
06/14/2026,SO-235204,1061.000,44.95,Credit Card/PayPal (donorperfect_import) - Order 235204
06/14/2026,SO-235204,3000.000,-34.00,Sales - Order 235204
06/14/2026,SO-235204,3040.000,-10.95,Shipping - Order 235204
06/14/2026,SO-235203,1061.000,93.06,Credit Card/PayPal (donorperfect_import) - Order 235203
06/14/2026,SO-235203,3000.000,-93.06,Sales - Order 235203
06/14/2026,SO-235202,1061.000,10.00,Credit Card/PayPal (donorperfect_import) - Order 235202
06/14/2026,SO-235202,3000.000,-10.00,Sales - Order 235202
06/14/2026,SO-235199,1061.000,75.00,Credit Card/PayPal (donorperfect_import) - Order 235199
06/14/2026,SO-235199,3000.000,-75.00,Sales - Order 235199
06/14/2026,SO-235196,1061.000,51.75,Credit Card/PayPal (donorperfect_import) - Order 235196
06/14/2026,SO-235196,3000.000,-51.75,Sales - Order 235196
06/14/2026,SO-235195,1061.000,41.46,Credit Card/PayPal (donorperfect_import) - Order 235195
06/14/2026,SO-235195,3000.000,-41.46,Sales - Order 235195
06/14/2026,SO-235194,1061.000,74.73,Credit Card/PayPal (donorperfect_import) - Order 235194
06/14/2026,SO-235194,3000.000,-72.85,Sales - Order 235194
06/14/2026,SO-235194,2110.000,-1.88,Sales Tax - Order 235194
06/14/2026,SO-235193,1061.000,40.00,Credit Card/PayPal (donorperfect_import) - Order 235193
06/14/2026,SO-235193,3000.000,-40.00,Sales - Order 235193
06/14/2026,SO-235191,1061.000,40.00,Credit Card/PayPal (donorperfect_import) - Order 235191
06/14/2026,SO-235191,3000.000,-40.00,Sales - Order 235191
06/14/2026,SO-235190,1061.000,10.00,Credit Card/PayPal (donorperfect_import) - Order 235190
06/14/2026,SO-235190,3000.000,-10.00,Sales - Order 235190
06/14/2026,SO-235189,1061.000,50.00,Credit Card/PayPal (donorperfect_import) - Order 235189
06/14/2026,SO-235189,3000.000,-50.00,Sales - Order 235189
06/14/2026,SO-235188,1061.000,75.00,Credit Card/PayPal (donorperfect_import) - Order 235188
06/14/2026,SO-235188,3000.000,-75.00,Sales - Order 235188
06/14/2026,SO-235186,1061.000,10.00,Credit Card/PayPal (donorperfect_import) - Order 235186
06/14/2026,SO-235186,3000.000,-10.00,Sales - Order 235186
06/14/2026,SO-235184,1061.000,10.59,Credit Card/PayPal (donorperfect_import) - Order 235184
06/14/2026,SO-235184,3000.000,-10.59,Sales - Order 235184
06/14/2026,SO-235183,1061.000,90.00,Credit Card/PayPal (donorperfect_import) - Order 235183
06/14/2026,SO-235183,3000.000,-90.00,Sales - Order 235183
06/14/2026,SO-235182,1061.000,10.00,Credit Card/PayPal (donorperfect_import) - Order 235182
06/14/2026,SO-235182,3000.000,-10.00,Sales - Order 235182
06/14/2026,SO-235172,1061.000,26.02,Credit Card/PayPal (donorperfect_import) - Order 235172
06/14/2026,SO-235172,3000.000,-26.02,Sales - Order 235172
06/14/2026,SO-235171,1061.000,200.00,Credit Card/PayPal (donorperfect_import) - Order 235171
06/14/2026,SO-235171,3000.000,-200.00,Sales - Order 235171
06/14/2026,SO-235168,1061.000,200.00,Credit Card/PayPal (donorperfect_import) - Order 235168
06/14/2026,SO-235168,3000.000,-200.00,Sales - Order 235168
06/14/2026,SO-235167,1061.000,1029.20,Credit Card/PayPal (donorperfect_import) - Order 235167
06/14/2026,SO-235167,3000.000,-1029.20,Sales - Order 235167
06/14/2026,SO-235164,1061.000,41.46,Credit Card/PayPal (donorperfect_import) - Order 235164
06/14/2026,SO-235164,3000.000,-41.46,Sales - Order 235164
06/14/2026,SO-235154,1061.000,46.60,Credit Card/PayPal (donorperfect_import) - Order 235154
06/14/2026,SO-235154,3000.000,-46.60,Sales - Order 235154
06/14/2026,SO-235151,1061.000,103.19,Credit Card/PayPal (donorperfect_import) - Order 235151
06/14/2026,SO-235151,3000.000,-103.19,Sales - Order 235151
06/14/2026,SO-235145,1061.000,14.34,Credit Card/PayPal (donorperfect_import) - Order 235145
06/14/2026,SO-235145,3000.000,-13.50,Sales - Order 235145
06/14/2026,SO-235145,2110.000,-0.84,Sales Tax - Order 235145
06/14/2026,SO-235139,1061.000,25.00,Credit Card/PayPal (donorperfect_import) - Order 235139
06/14/2026,SO-235139,3000.000,-25.00,Sales - Order 235139
06/14/2026,SO-235138,1061.000,50.00,Credit Card/PayPal (donorperfect_import) - Order 235138
06/14/2026,SO-235138,3000.000,-50.00,Sales - Order 235138
06/14/2026,SO-235137,1061.000,100.00,Credit Card/PayPal (donorperfect_import) - Order 235137
06/14/2026,SO-235137,3000.000,-100.00,Sales - Order 235137
06/14/2026,SO-235136,1061.000,100.00,Credit Card/PayPal (donorperfect_import) - Order 235136
06/14/2026,SO-235136,3000.000,-100.00,Sales - Order 235136
06/14/2026,SO-235131,1061.000,154.29,Credit Card/PayPal (donorperfect_import) - Order 235131
06/14/2026,SO-235131,3000.000,-141.32,Sales - Order 235131
06/14/2026,SO-235131,3040.000,-12.97,Shipping - Order 235131
06/14/2026,SO-235123,1061.000,15.94,Credit Card/PayPal (donorperfect_import) - Order 235123
06/14/2026,SO-235123,3000.000,-15.00,Sales - Order 235123
06/14/2026,SO-235123,2110.000,-0.94,Sales Tax - Order 235123
06/14/2026,SO-235104,1061.000,108.06,Credit Card/PayPal (donorperfect_import) - Order 235104
06/14/2026,SO-235104,3000.000,-101.70,Sales - Order 235104
06/14/2026,SO-235104,2110.000,-6.36,Sales Tax - Order 235104
06/14/2026,SO-235096,1061.000,19.80,Credit Card/PayPal (donorperfect_import) - Order 235096
06/14/2026,SO-235096,3000.000,-19.80,Sales - Order 235096
06/14/2026,SO-235093,1061.000,8.61,Credit Card/PayPal (donorperfect_import) - Order 235093
06/14/2026,SO-235093,3000.000,-8.10,Sales - Order 235093
06/14/2026,SO-235093,2110.000,-0.51,Sales Tax - Order 235093
06/14/2026,SO-235092,1061.000,25.00,Credit Card/PayPal (donorperfect_import) - Order 235092
06/14/2026,SO-235092,3000.000,-25.00,Sales - Order 235092
06/14/2026,SO-235091,1061.000,30.00,Credit Card/PayPal (donorperfect_import) - Order 235091
06/14/2026,SO-235091,3000.000,-30.00,Sales - Order 235091
06/14/2026,SO-235090,1061.000,50.00,Credit Card/PayPal (donorperfect_import) - Order 235090
06/14/2026,SO-235090,3000.000,-50.00,Sales - Order 235090
06/14/2026,SO-235088,1061.000,100.00,Credit Card/PayPal (donorperfect_import) - Order 235088
06/14/2026,SO-235088,3000.000,-100.00,Sales - Order 235088
06/14/2026,SO-235087,1061.000,100.00,Credit Card/PayPal (donorperfect_import) - Order 235087
06/14/2026,SO-235087,3000.000,-100.00,Sales - Order 235087
06/14/2026,SO-235086,1061.000,100.00,Credit Card/PayPal (donorperfect_import) - Order 235086
06/14/2026,SO-235086,3000.000,-100.00,Sales - Order 235086
06/14/2026,SO-235085,1061.000,100.00,Credit Card/PayPal (donorperfect_import) - Order 235085
06/14/2026,SO-235085,3000.000,-100.00,Sales - Order 235085
06/14/2026,SO-235084,1061.000,100.00,Credit Card/PayPal (donorperfect_import) - Order 235084
06/14/2026,SO-235084,3000.000,-100.00,Sales - Order 235084
06/14/2026,SO-235083,1061.000,200.00,Credit Card/PayPal (donorperfect_import) - Order 235083
06/14/2026,SO-235083,3000.000,-200.00,Sales - Order 235083
06/14/2026,SO-235292,1061.000,515.06,Credit Card/PayPal (donorperfect_import) - Order 235292
06/14/2026,SO-235292,3000.000,-515.06,Sales - Order 235292
06/14/2026,SO-235295,1061.000,515.06,Credit Card/PayPal (donorperfect_import) - Order 235295
06/14/2026,SO-235295,3000.000,-515.06,Sales - Order 235295
06/14/2026,SO-235076,1061.000,21.85,Credit Card/PayPal (donorperfect_import) - Order 235076
06/14/2026,SO-235076,3000.000,-21.60,Sales - Order 235076
06/14/2026,SO-235076,2110.000,-0.25,Sales Tax - Order 235076
06/14/2026,SO-235073,1061.000,77.47,Credit Card/PayPal (donorperfect_import) - Order 235073
06/14/2026,SO-235073,3000.000,-77.47,Sales - Order 235073
06/14/2026,SO-235052,1061.000,40.16,Credit Card/PayPal (donorperfect_import) - Order 235052
06/14/2026,SO-235052,3000.000,-37.80,Sales - Order 235052
06/14/2026,SO-235052,2110.000,-2.36,Sales Tax - Order 235052
06/14/2026,SO-235040,1061.000,54.19,Credit Card/PayPal (donorperfect_import) - Order 235040
06/14/2026,SO-235040,3000.000,-51.00,Sales - Order 235040
06/14/2026,SO-235040,2110.000,-3.19,Sales Tax - Order 235040
06/14/2026,SO-235036,1061.000,42.50,Credit Card/PayPal (donorperfect_import) - Order 235036
06/14/2026,SO-235036,3000.000,-40.00,Sales - Order 235036
06/14/2026,SO-235036,2110.000,-2.50,Sales Tax - Order 235036
06/14/2026,SO-235026,1061.000,300.00,Credit Card/PayPal (donorperfect_import) - Order 235026
06/14/2026,SO-235026,3000.000,-300.00,Sales - Order 235026
06/14/2026,SO-235025,1061.000,100.00,Credit Card/PayPal (donorperfect_import) - Order 235025
06/14/2026,SO-235025,3000.000,-100.00,Sales - Order 235025
06/14/2026,SO-235024,1061.000,50.00,Credit Card/PayPal (donorperfect_import) - Order 235024
06/14/2026,SO-235024,3000.000,-50.00,Sales - Order 235024
06/14/2026,SO-235021,1061.000,19.13,Credit Card/PayPal (donorperfect_import) - Order 235021
06/14/2026,SO-235021,3000.000,-18.00,Sales - Order 235021
06/14/2026,SO-235021,2110.000,-1.13,Sales Tax - Order 235021
06/14/2026,SO-235017,1061.000,218.82,Credit Card/PayPal (donorperfect_import) - Order 235017
06/14/2026,SO-235017,3000.000,-208.30,Sales - Order 235017
06/14/2026,SO-235017,2110.000,-10.52,Sales Tax - Order 235017
06/14/2026,SO-235015,1061.000,87.81,Credit Card/PayPal (donorperfect_import) - Order 235015
06/14/2026,SO-235015,3000.000,-85.00,Sales - Order 235015
06/14/2026,SO-235015,2110.000,-2.81,Sales Tax - Order 235015
06/14/2026,SO-235010,1061.000,206.08,Credit Card/PayPal (donorperfect_import) - Order 235010
06/14/2026,SO-235010,3000.000,-206.08,Sales - Order 235010
06/14/2026,SO-235004,1061.000,103.19,Credit Card/PayPal (donorperfect_import) - Order 235004
06/14/2026,SO-235004,3000.000,-103.19,Sales - Order 235004
06/14/2026,SO-235003,1061.000,78.25,Credit Card/PayPal (donorperfect_import) - Order 235003
06/14/2026,SO-235003,3000.000,-76.00,Sales - Order 235003
06/14/2026,SO-235003,2110.000,-2.25,Sales Tax - Order 235003
06/14/2026,SO-235002,1061.000,40.00,Credit Card/PayPal (donorperfect_import) - Order 235002
06/14/2026,SO-235002,3000.000,-40.00,Sales - Order 235002
06/14/2026,SO-235001,1061.000,60.00,Credit Card/PayPal (donorperfect_import) - Order 235001
06/14/2026,SO-235001,3000.000,-60.00,Sales - Order 235001
06/14/2026,SO-235000,1061.000,15.00,Credit Card/PayPal (donorperfect_import) - Order 235000
06/14/2026,SO-235000,3000.000,-15.00,Sales - Order 235000
06/14/2026,SO-234997,1061.000,16.74,Credit Card/PayPal (donorperfect_import) - Order 234997
06/14/2026,SO-234997,3000.000,-10.00,Sales - Order 234997
06/14/2026,SO-234997,3040.000,-6.74,Shipping - Order 234997
06/14/2026,SO-234983,1061.000,83.19,Credit Card/PayPal (donorperfect_import) - Order 234983
06/14/2026,SO-234983,3000.000,-78.30,Sales - Order 234983
06/14/2026,SO-234983,2110.000,-4.89,Sales Tax - Order 234983
06/14/2026,SO-234977,1061.000,46.18,Credit Card/PayPal (donorperfect_import) - Order 234977
06/14/2026,SO-234977,3000.000,-44.10,Sales - Order 234977
06/14/2026,SO-234977,2110.000,-2.08,Sales Tax - Order 234977
06/14/2026,SO-234968,1061.000,10.63,Credit Card/PayPal (donorperfect_import) - Order 234968
06/14/2026,SO-234968,3000.000,-10.00,Sales - Order 234968
06/14/2026,SO-234968,2110.000,-0.63,Sales Tax - Order 234968
06/14/2026,SO-234964,1061.000,32.40,Credit Card/PayPal (donorperfect_import) - Order 234964
06/14/2026,SO-234964,3000.000,-24.00,Sales - Order 234964
06/14/2026,SO-234964,3040.000,-8.40,Shipping - Order 234964
06/14/2026,SO-234955,1061.000,46.81,Credit Card/PayPal (donorperfect_import) - Order 234955
06/14/2026,SO-234955,3000.000,-44.05,Sales - Order 234955
06/14/2026,SO-234955,2110.000,-2.75,Sales Tax - Order 234955
06/14/2026,SO-234951,1061.000,13.81,Credit Card/PayPal (donorperfect_import) - Order 234951
06/14/2026,SO-234951,3000.000,-13.00,Sales - Order 234951
06/14/2026,SO-234951,2110.000,-0.81,Sales Tax - Order 234951
06/14/2026,SO-234921,1061.000,34.43,Credit Card/PayPal (donorperfect_import) - Order 234921
06/14/2026,SO-234921,3000.000,-32.40,Sales - Order 234921
06/14/2026,SO-234921,2110.000,-2.03,Sales Tax - Order 234921
06/14/2026,SO-234914,1061.000,38.25,Credit Card/PayPal (donorperfect_import) - Order 234914
06/14/2026,SO-234914,3000.000,-36.00,Sales - Order 234914
06/14/2026,SO-234914,2110.000,-2.25,Sales Tax - Order 234914
06/14/2026,SO-234879,1061.000,216.51,Credit Card/PayPal (donorperfect_import) - Order 234879
06/14/2026,SO-234879,3000.000,-206.10,Sales - Order 234879
06/14/2026,SO-234879,2110.000,-10.41,Sales Tax - Order 234879
06/14/2026,SO-234832,1061.000,12.81,Credit Card/PayPal (donorperfect_import) - Order 234832
06/14/2026,SO-234832,3000.000,-12.81,Sales - Order 234832
06/14/2026,SO-234830,1061.000,30.00,Credit Card/PayPal (donorperfect_import) - Order 234830
06/14/2026,SO-234830,3000.000,-30.00,Sales - Order 234830
06/14/2026,SO-234828,1061.000,30.00,Credit Card/PayPal (donorperfect_import) - Order 234828
06/14/2026,SO-234828,3000.000,-30.00,Sales - Order 234828
06/14/2026,SO-234822,1061.000,104.18,Credit Card/PayPal (donorperfect_import) - Order 234822
06/14/2026,SO-234822,3000.000,-104.18,Sales - Order 234822
06/14/2026,SO-234820,1061.000,12.81,Credit Card/PayPal (donorperfect_import) - Order 234820
06/14/2026,SO-234820,3000.000,-12.81,Sales - Order 234820
06/14/2026,SO-234817,1061.000,38.52,Credit Card/PayPal (donorperfect_import) - Order 234817
06/14/2026,SO-234817,3000.000,-32.00,Sales - Order 234817
06/14/2026,SO-234817,3040.000,-6.52,Shipping - Order 234817
06/14/2026,SO-234809,1061.000,50.00,Credit Card/PayPal (donorperfect_import) - Order 234809
06/14/2026,SO-234809,3000.000,-50.00,Sales - Order 234809
06/14/2026,SO-234808,1061.000,40.00,Credit Card/PayPal (donorperfect_import) - Order 234808
06/14/2026,SO-234808,3000.000,-40.00,Sales - Order 234808
06/14/2026,SO-234805,1061.000,58.44,Credit Card/PayPal (donorperfect_import) - Order 234805
06/14/2026,SO-234805,3000.000,-55.00,Sales - Order 234805
06/14/2026,SO-234805,2110.000,-3.44,Sales Tax - Order 234805
06/14/2026,SO-234804,1061.000,50.00,Credit Card/PayPal (donorperfect_import) - Order 234804
06/14/2026,SO-234804,3000.000,-50.00,Sales - Order 234804
06/14/2026,SO-234798,1061.000,150.00,Credit Card/PayPal (donorperfect_import) - Order 234798
06/14/2026,SO-234798,3000.000,-150.00,Sales - Order 234798
06/14/2026,SO-234795,1061.000,12.75,Credit Card/PayPal (donorperfect_import) - Order 234795
06/14/2026,SO-234795,3000.000,-12.00,Sales - Order 234795
06/14/2026,SO-234795,2110.000,-0.75,Sales Tax - Order 234795
06/14/2026,SO-234791,1061.000,18.17,Credit Card/PayPal (donorperfect_import) - Order 234791
06/14/2026,SO-234791,3000.000,-17.10,Sales - Order 234791
06/14/2026,SO-234791,2110.000,-1.07,Sales Tax - Order 234791
06/14/2026,SO-234789,1061.000,50.00,Credit Card/PayPal (donorperfect_import) - Order 234789
06/14/2026,SO-234789,3000.000,-50.00,Sales - Order 234789
06/14/2026,SO-234788,1061.000,50.00,Credit Card/PayPal (donorperfect_import) - Order 234788
06/14/2026,SO-234788,3000.000,-50.00,Sales - Order 234788
06/14/2026,SO-234787,1061.000,100.00,Credit Card/PayPal (donorperfect_import) - Order 234787
06/14/2026,SO-234787,3000.000,-100.00,Sales - Order 234787
06/14/2026,SO-234783,1061.000,100.00,Credit Card/PayPal (donorperfect_import) - Order 234783
06/14/2026,SO-234783,3000.000,-100.00,Sales - Order 234783
06/14/2026,SO-235014,1061.000,40.00,Credit Card/PayPal (donorperfect_import) - Order 235014
06/14/2026,SO-235014,3000.000,-40.00,Sales - Order 235014
06/14/2026,SO-234782,1061.000,250.00,Credit Card/PayPal (donorperfect_import) - Order 234782
06/14/2026,SO-234782,3000.000,-250.00,Sales - Order 234782
06/14/2026,SO-234781,1061.000,3000.00,Credit Card/PayPal (donorperfect_import) - Order 234781
06/14/2026,SO-234781,3000.000,-3000.00,Sales - Order 234781
06/14/2026,SO-234775,1061.000,81.24,Credit Card/PayPal (donorperfect_import) - Order 234775
06/14/2026,SO-234775,3000.000,-76.45,Sales - Order 234775
06/14/2026,SO-234775,2110.000,-4.78,Sales Tax - Order 234775
06/14/2026,SO-234780,1061.000,365.00,Credit Card/PayPal (donorperfect_import) - Order 234780
06/14/2026,SO-234780,3000.000,-365.00,Sales - Order 234780
06/14/2026,SO-234772,1061.000,72.32,Credit Card/PayPal (donorperfect_import) - Order 234772
06/14/2026,SO-234772,3000.000,-72.32,Sales - Order 234772
06/14/2026,SO-234769,1061.000,35.38,Credit Card/PayPal (donorperfect_import) - Order 234769
06/14/2026,SO-234769,3000.000,-33.30,Sales - Order 234769
06/14/2026,SO-234769,2110.000,-2.08,Sales Tax - Order 234769
06/14/2026,SO-234766,1061.000,38.25,Credit Card/PayPal (donorperfect_import) - Order 234766
06/14/2026,SO-234766,3000.000,-36.00,Sales - Order 234766
06/14/2026,SO-234766,2110.000,-2.25,Sales Tax - Order 234766
06/14/2026,SO-234761,1061.000,23.36,Credit Card/PayPal (donorperfect_import) - Order 234761
06/14/2026,SO-234761,3000.000,-21.99,Sales - Order 234761
06/14/2026,SO-234761,2110.000,-1.37,Sales Tax - Order 234761
06/14/2026,SO-234751,1061.000,44.94,Credit Card/PayPal (donorperfect_import) - Order 234751
06/14/2026,SO-234751,3000.000,-42.30,Sales - Order 234751
06/14/2026,SO-234751,2110.000,-2.64,Sales Tax - Order 234751
06/14/2026,SO-234722,1061.000,40.00,Credit Card/PayPal (donorperfect_import) - Order 234722
06/14/2026,SO-234722,3000.000,-40.00,Sales - Order 234722
06/14/2026,SO-234709,1061.000,24.96,Credit Card/PayPal (donorperfect_import) - Order 234709
06/14/2026,SO-234709,3000.000,-10.00,Sales - Order 234709
06/14/2026,SO-234709,2110.000,-6.88,Sales Tax - Order 234709
06/14/2026,SO-234709,3040.000,-8.08,Shipping - Order 234709
06/14/2026,SO-234701,1061.000,148.99,Credit Card/PayPal (donorperfect_import) - Order 234701
06/14/2026,SO-234701,3000.000,-142.58,Sales - Order 234701
06/14/2026,SO-234701,2110.000,-6.41,Sales Tax - Order 234701
06/14/2026,SO-234703,1061.000,41.46,Credit Card/PayPal (donorperfect_import) - Order 234703
06/14/2026,SO-234703,3000.000,-41.46,Sales - Order 234703
06/14/2026,SO-234702,1061.000,40.00,Credit Card/PayPal (donorperfect_import) - Order 234702
06/14/2026,SO-234702,3000.000,-40.00,Sales - Order 234702
06/14/2026,SO-234928,1061.000,102.56,Credit Card/PayPal (donorperfect_import) - Order 234928
06/14/2026,SO-234928,3000.000,-87.30,Sales - Order 234928
06/14/2026,SO-234928,2110.000,-4.61,Sales Tax - Order 234928
06/14/2026,SO-234928,3040.000,-10.65,Shipping - Order 234928
06/14/2026,SO-234700,1061.000,116.29,Credit Card/PayPal (donorperfect_import) - Order 234700
06/14/2026,SO-234700,3000.000,-111.80,Sales - Order 234700
06/14/2026,SO-234700,2110.000,-4.49,Sales Tax - Order 234700
06/14/2026,SO-234699,1061.000,118.25,Credit Card/PayPal (donorperfect_import) - Order 234699
06/14/2026,SO-234699,3000.000,-109.00,Sales - Order 234699
06/14/2026,SO-234699,3040.000,-9.25,Shipping - Order 234699
06/14/2026,SO-234698,1061.000,1500.00,Credit Card/PayPal (donorperfect_import) - Order 234698
06/14/2026,SO-234698,3000.000,-1500.00,Sales - Order 234698
06/14/2026,SO-234686,1061.000,15.56,Credit Card/PayPal (donorperfect_import) - Order 234686
06/14/2026,SO-234686,3000.000,-9.00,Sales - Order 234686
06/14/2026,SO-234686,3040.000,-6.56,Shipping - Order 234686
06/14/2026,SO-234683,1061.000,41.46,Credit Card/PayPal (donorperfect_import) - Order 234683
06/14/2026,SO-234683,3000.000,-41.46,Sales - Order 234683
06/14/2026,SO-234682,1061.000,91.64,Credit Card/PayPal (donorperfect_import) - Order 234682
06/14/2026,SO-234682,3000.000,-88.60,Sales - Order 234682
06/14/2026,SO-234682,2110.000,-3.04,Sales Tax - Order 234682
06/14/2026,SO-234677,1061.000,40.00,Credit Card/PayPal (donorperfect_import) - Order 234677
06/14/2026,SO-234677,3000.000,-40.00,Sales - Order 234677
06/14/2026,SO-234673,1061.000,50.00,Credit Card/PayPal (donorperfect_import) - Order 234673
06/14/2026,SO-234673,3000.000,-50.00,Sales - Order 234673
06/14/2026,SO-235368,1061.000,155.87,Credit Card/PayPal (donorperfect_import) - Order 235368
06/14/2026,SO-235368,3000.000,-146.70,Sales - Order 235368
06/14/2026,SO-235368,2110.000,-9.17,Sales Tax - Order 235368
06/14/2026,SO-234674,1061.000,50.00,Credit Card/PayPal (donorperfect_import) - Order 234674
06/14/2026,SO-234674,3000.000,-50.00,Sales - Order 234674
06/14/2026,SO-234600,1061.000,187.23,Credit Card/PayPal (donorperfect_import) - Order 234600
06/14/2026,SO-234600,3000.000,-159.70,Sales - Order 234600
06/14/2026,SO-234600,2110.000,-7.48,Sales Tax - Order 234600
06/14/2026,SO-234600,3040.000,-20.05,Shipping - Order 234600
06/14/2026,SO-234625,1061.000,44.27,Credit Card/PayPal (donorperfect_import) - Order 234625
06/14/2026,SO-234625,3000.000,-38.44,Sales - Order 234625
06/14/2026,SO-234625,3040.000,-5.83,Shipping - Order 234625
06/14/2026,SO-235116,1061.000,106.25,Credit Card/PayPal (donorperfect_import) - Order 235116
06/14/2026,SO-235116,3000.000,-100.00,Sales - Order 235116
06/14/2026,SO-235116,2110.000,-6.25,Sales Tax - Order 235116
06/14/2026,SO-234605,1061.000,62.13,Credit Card/PayPal (donorperfect_import) - Order 234605
06/14/2026,SO-234605,3000.000,-55.00,Sales - Order 234605
06/14/2026,SO-234605,3040.000,-7.13,Shipping - Order 234605
06/14/2026,SO-235287,1061.000,63.56,Credit Card/PayPal (donorperfect_import) - Order 235287
06/14/2026,SO-235287,3000.000,-57.00,Sales - Order 235287
06/14/2026,SO-235287,3040.000,-6.56,Shipping - Order 235287
06/14/2026,SO-235395,1061.000,324.05,Credit Card/PayPal (donorperfect_import) - Order 235395
06/14/2026,SO-235395,3000.000,-304.98,Sales - Order 235395
06/14/2026,SO-235395,2110.000,-19.06,Sales Tax - Order 235395
06/14/2026,SO-235365,1061.000,11.48,Credit Card/PayPal (donorperfect_import) - Order 235365
06/14/2026,SO-235365,3000.000,-10.80,Sales - Order 235365
06/14/2026,SO-235365,2110.000,-0.68,Sales Tax - Order 235365
06/14/2026,SO-234944,1061.000,121.13,Credit Card/PayPal (donorperfect_import) - Order 234944
06/14/2026,SO-234944,3000.000,-114.00,Sales - Order 234944
06/14/2026,SO-234944,2110.000,-7.13,Sales Tax - Order 234944
06/14/2026,SO-234849,1061.000,211.95,Credit Card/PayPal (donorperfect_import) - Order 234849
06/14/2026,SO-234849,3000.000,-201.60,Sales - Order 234849
06/14/2026,SO-234849,2110.000,-10.35,Sales Tax - Order 234849
06/14/2026,SO-234891,1061.000,156.19,Credit Card/PayPal (donorperfect_import) - Order 234891
06/14/2026,SO-234891,3000.000,-147.00,Sales - Order 234891
06/14/2026,SO-234891,2110.000,-9.19,Sales Tax - Order 234891
06/14/2026,SO-234907,1061.000,55.25,Credit Card/PayPal (donorperfect_import) - Order 234907
06/14/2026,SO-234907,3000.000,-52.00,Sales - Order 234907
06/14/2026,SO-234907,2110.000,-3.25,Sales Tax - Order 234907
06/14/2026,SO-234991,1061.000,19.13,Credit Card/PayPal (donorperfect_import) - Order 234991
06/14/2026,SO-234991,3000.000,-18.00,Sales - Order 234991
06/14/2026,SO-234991,2110.000,-1.13,Sales Tax - Order 234991
06/14/2026,SO-234974,1061.000,21.25,Credit Card/PayPal (donorperfect_import) - Order 234974
06/14/2026,SO-234974,3000.000,-20.00,Sales - Order 234974
06/14/2026,SO-234974,2110.000,-1.25,Sales Tax - Order 234974
06/14/2026,SO-234971,1061.000,10.63,Credit Card/PayPal (donorperfect_import) - Order 234971
06/14/2026,SO-234971,3000.000,-10.00,Sales - Order 234971
06/14/2026,SO-234971,2110.000,-0.63,Sales Tax - Order 234971
06/14/2026,SO-234938,1061.000,84.06,Credit Card/PayPal (donorperfect_import) - Order 234938
06/14/2026,SO-234938,3000.000,-80.00,Sales - Order 234938
06/14/2026,SO-234938,2110.000,-4.06,Sales Tax - Order 234938
06/14/2026,SO-234904,1061.000,25.50,Credit Card/PayPal (donorperfect_import) - Order 234904
06/14/2026,SO-234904,3000.000,-24.00,Sales - Order 234904
06/14/2026,SO-234904,2110.000,-1.50,Sales Tax - Order 234904
06/14/2026,SO-234874,1061.000,47.81,Credit Card/PayPal (donorperfect_import) - Order 234874
06/14/2026,SO-234874,3000.000,-45.00,Sales - Order 234874
06/14/2026,SO-234874,2110.000,-2.81,Sales Tax - Order 234874
06/14/2026,SO-234887,1061.000,178.50,Credit Card/PayPal (donorperfect_import) - Order 234887
06/14/2026,SO-234887,3000.000,-168.00,Sales - Order 234887
06/14/2026,SO-234887,2110.000,-10.50,Sales Tax - Order 234887
06/14/2026,SO-234865,1061.000,56.42,Credit Card/PayPal (donorperfect_import) - Order 234865
06/14/2026,SO-234865,3000.000,-53.10,Sales - Order 234865
06/14/2026,SO-234865,2110.000,-3.32,Sales Tax - Order 234865
06/14/2026,SO-234834,1061.000,114.75,Credit Card/PayPal (donorperfect_import) - Order 234834
06/14/2026,SO-234834,3000.000,-108.00,Sales - Order 234834
06/14/2026,SO-234834,2110.000,-6.75,Sales Tax - Order 234834
06/14/2026,SO-234844,1061.000,40.50,Credit Card/PayPal (donorperfect_import) - Order 234844
06/14/2026,SO-234844,3000.000,-39.00,Sales - Order 234844
06/14/2026,SO-234844,2110.000,-1.50,Sales Tax - Order 234844
06/14/2026,SO-234869,1061.000,75.33,Credit Card/PayPal (donorperfect_import) - Order 234869
06/14/2026,SO-234869,3000.000,-60.00,Sales - Order 234869
06/14/2026,SO-234869,2110.000,-3.75,Sales Tax - Order 234869
06/14/2026,SO-234869,3040.000,-11.58,Shipping - Order 234869
06/14/2026,SO-234719,1061.000,60.44,Credit Card/PayPal (donorperfect_import) - Order 234719
06/14/2026,SO-234719,3000.000,-54.00,Sales - Order 234719
06/14/2026,SO-234719,3040.000,-6.44,Shipping - Order 234719
06/14/2026,SO-234839,1061.000,40.53,Credit Card/PayPal (donorperfect_import) - Order 234839
06/14/2026,SO-234839,3000.000,-32.50,Sales - Order 234839
06/14/2026,SO-234839,2110.000,-2.03,Sales Tax - Order 234839
06/14/2026,SO-234839,3040.000,-6.00,Shipping - Order 234839
06/14/2026,SO-234746,1061.000,27.00,Credit Card/PayPal (donorperfect_import) - Order 234746
06/14/2026,SO-234746,3000.000,-27.00,Sales - Order 234746
06/14/2026,SO-234784,1061.000,12.75,Credit Card/PayPal (donorperfect_import) - Order 234784
06/14/2026,SO-234784,3000.000,-12.00,Sales - Order 234784
06/14/2026,SO-234784,2110.000,-0.75,Sales Tax - Order 234784
06/14/2026,SO-234716,1061.000,15.88,Credit Card/PayPal (donorperfect_import) - Order 234716
06/14/2026,SO-234716,3000.000,-14.95,Sales - Order 234716
06/14/2026,SO-234716,2110.000,-0.93,Sales Tax - Order 234716
06/14/2026,SO-234673,1061.000,50.00,Credit Card/PayPal (donorperfect_import) - Order 234673
06/14/2026,SO-234673,3000.000,-50.00,Sales - Order 234673
06/14/2026,SO-234672,1061.000,20.00,Credit Card/PayPal (donorperfect_import) - Order 234672
06/14/2026,SO-234672,3000.000,-20.00,Sales - Order 234672
06/14/2026,SO-234671,1061.000,250.00,Credit Card/PayPal (donorperfect_import) - Order 234671
06/14/2026,SO-234671,3000.000,-250.00,Sales - Order 234671
06/14/2026,SO-234669,1061.000,100.00,Credit Card/PayPal (donorperfect_import) - Order 234669
06/14/2026,SO-234669,3000.000,-100.00,Sales - Order 234669
06/14/2026,SO-234654,1061.000,103.19,Credit Card/PayPal (donorperfect_import) - Order 234654
06/14/2026,SO-234654,3000.000,-103.19,Sales - Order 234654
06/14/2026,SO-234614,1061.000,103.19,Credit Card/PayPal (donorperfect_import) - Order 234614
06/14/2026,SO-234614,3000.000,-103.19,Sales - Order 234614
06/14/2026,SO-234602,1061.000,75.00,Credit Card/PayPal (donorperfect_import) - Order 234602
06/14/2026,SO-234602,3000.000,-75.00,Sales - Order 234602
06/14/2026,SO-234601,1061.000,40.00,Credit Card/PayPal (donorperfect_import) - Order 234601
06/14/2026,SO-234601,3000.000,-40.00,Sales - Order 234601
06/14/2026,SO-235178,1061.000,41.46,Credit Card/PayPal (donorperfect_import) - Order 235178
06/14/2026,SO-235178,3000.000,-41.46,Sales - Order 235178
06/14/2026,SO-235173,1061.000,41.46,Credit Card/PayPal (donorperfect_import) - Order 235173
06/14/2026,SO-235173,3000.000,-41.46,Sales - Order 235173
06/14/2026,SO-235459,1061.000,9.56,Credit Card/PayPal (donorperfect_import) - Order 235459
06/14/2026,SO-235459,3000.000,-9.00,Sales - Order 235459
06/14/2026,SO-235459,2110.000,-0.56,Sales Tax - Order 235459
06/14/2026,SO-235401,1061.000,62.16,Credit Card/PayPal (donorperfect_import) - Order 235401
06/14/2026,SO-235401,3000.000,-58.50,Sales - Order 235401
06/14/2026,SO-235401,2110.000,-3.66,Sales Tax - Order 235401
06/14/2026,SO-235408,1061.000,17.21,Credit Card/PayPal (donorperfect_import) - Order 235408
06/14/2026,SO-235408,3000.000,-16.20,Sales - Order 235408
06/14/2026,SO-235408,2110.000,-1.01,Sales Tax - Order 235408
06/14/2026,SO-235267,1061.000,41.46,Credit Card/PayPal (donorperfect_import) - Order 235267
06/14/2026,SO-235267,3000.000,-41.46,Sales - Order 235267
06/14/2026,SO-235261,1061.000,100.00,Credit Card/PayPal (donorperfect_import) - Order 235261
06/14/2026,SO-235261,3000.000,-100.00,Sales - Order 235261
06/14/2026,SO-235045,1061.000,27.63,Credit Card/PayPal (donorperfect_import) - Order 235045
06/14/2026,SO-235045,3000.000,-26.00,Sales - Order 235045
06/14/2026,SO-235045,2110.000,-1.63,Sales Tax - Order 235045
06/14/2026,SO-235070,1061.000,2.00,Credit Card/PayPal (donorperfect_import) - Order 235070
06/14/2026,SO-235070,3000.000,-2.00,Sales - Order 235070
06/14/2026,SO-235027,1061.000,73.25,Credit Card/PayPal (donorperfect_import) - Order 235027
06/14/2026,SO-235027,3000.000,-72.00,Sales - Order 235027
06/14/2026,SO-235027,2110.000,-1.25,Sales Tax - Order 235027
06/14/2026,SO-235018,1061.000,103.19,Credit Card/PayPal (donorperfect_import) - Order 235018
06/14/2026,SO-235018,3000.000,-103.19,Sales - Order 235018
06/14/2026,SO-234810,1061.000,194.19,Credit Card/PayPal (donorperfect_import) - Order 234810
06/14/2026,SO-234810,3000.000,-191.00,Sales - Order 234810
06/14/2026,SO-234810,2110.000,-3.19,Sales Tax - Order 234810
06/14/2026,SO-234799,1061.000,61.25,Credit Card/PayPal (donorperfect_import) - Order 234799
06/14/2026,SO-234799,3000.000,-60.00,Sales - Order 234799
06/14/2026,SO-234799,2110.000,-1.25,Sales Tax - Order 234799
06/14/2026,SO-234678,1061.000,62.13,Credit Card/PayPal (donorperfect_import) - Order 234678
06/14/2026,SO-234678,3000.000,-55.00,Sales - Order 234678
06/14/2026,SO-234678,3040.000,-7.13,Shipping - Order 234678
06/14/2026,SO-234664,1061.000,144.90,Credit Card/PayPal (donorperfect_import) - Order 234664
06/14/2026,SO-234664,3000.000,-144.90,Sales - Order 234664
06/14/2026,SO-234647,1061.000,31.69,Credit Card/PayPal (donorperfect_import) - Order 234647
06/14/2026,SO-234647,3000.000,-24.00,Sales - Order 234647
06/14/2026,SO-234647,3040.000,-7.69,Shipping - Order 234647
06/14/2026,SO-234636,1061.000,5.31,Credit Card/PayPal (donorperfect_import) - Order 234636
06/14/2026,SO-234636,3000.000,-5.00,Sales - Order 234636
06/14/2026,SO-234636,2110.000,-0.31,Sales Tax - Order 234636
06/14/2026,SO-235057,1061.000,114.75,Credit Card/PayPal (donorperfect_import) - Order 235057
06/14/2026,SO-235057,3000.000,-108.00,Sales - Order 235057
06/14/2026,SO-235057,2110.000,-6.75,Sales Tax - Order 235057
06/14/2026,SO-235048,1061.000,21.99,Credit Card/PayPal (donorperfect_import) - Order 235048
06/14/2026,SO-235048,3000.000,-20.70,Sales - Order 235048
06/14/2026,SO-235048,2110.000,-1.29,Sales Tax - Order 235048
06/14/2026,SO-235237,1061.000,40.00,Credit Card/PayPal (donorperfect_import) - Order 235237
06/14/2026,SO-235237,3000.000,-40.00,Sales - Order 235237
06/14/2026,SO-235254,1061.000,40.00,Credit Card/PayPal (donorperfect_import) - Order 235254
06/14/2026,SO-235254,3000.000,-40.00,Sales - Order 235254
06/14/2026,SO-234676,1061.000,40.00,Credit Card/PayPal (donorperfect_import) - Order 234676
06/14/2026,SO-234676,3000.000,-40.00,Sales - Order 234676
06/14/2026,SO-234644,1061.000,66.74,Credit Card/PayPal (donorperfect_import) - Order 234644
06/14/2026,SO-234644,3000.000,-60.00,Sales - Order 234644
06/14/2026,SO-234644,3040.000,-6.74,Shipping - Order 234644
06/14/2026,SO-234689,1061.000,52.87,Credit Card/PayPal (donorperfect_import) - Order 234689
06/14/2026,SO-234689,3000.000,-40.00,Sales - Order 234689
06/14/2026,SO-234689,3040.000,-12.87,Shipping - Order 234689
06/14/2026,SO-235221,1061.000,100.00,Credit Card/PayPal (donorperfect_import) - Order 235221
06/14/2026,SO-235221,3000.000,-100.00,Sales - Order 235221
06/14/2026,SO-235319,1061.000,119.01,Credit Card/PayPal (donorperfect_import) - Order 235319
06/14/2026,SO-235319,3000.000,-103.50,Sales - Order 235319
06/14/2026,SO-235319,2110.000,-6.47,Sales Tax - Order 235319
06/14/2026,SO-235319,3040.000,-9.04,Shipping - Order 235319
06/14/2026,SO-234790,1061.000,50.00,Credit Card/PayPal (donorperfect_import) - Order 234790
06/14/2026,SO-234790,3000.000,-50.00,Sales - Order 234790
06/14/2026,SO-234628,1061.000,26.36,Credit Card/PayPal (donorperfect_import) - Order 234628
06/14/2026,SO-234628,3000.000,-20.00,Sales - Order 234628
06/14/2026,SO-234628,3040.000,-6.36,Shipping - Order 234628
06/14/2026,SO-234658,1061.000,40.00,Credit Card/PayPal (donorperfect_import) - Order 234658
06/14/2026,SO-234658,3000.000,-40.00,Sales - Order 234658
06/14/2026,SO-235064,1061.000,117.52,Credit Card/PayPal (donorperfect_import) - Order 235064
06/14/2026,SO-235064,3000.000,-96.95,Sales - Order 235064
06/14/2026,SO-235064,3040.000,-20.57,Shipping - Order 235064
06/14/2026,SO-234639,1061.000,100.74,Credit Card/PayPal (donorperfect_import) - Order 234639
06/14/2026,SO-234639,3000.000,-94.00,Sales - Order 234639
06/14/2026,SO-234639,3040.000,-6.74,Shipping - Order 234639
06/14/2026,SO-234757,1061.000,11.48,Credit Card/PayPal (donorperfect_import) - Order 234757
06/14/2026,SO-234757,3000.000,-10.80,Sales - Order 234757
06/14/2026,SO-234757,2110.000,-0.68,Sales Tax - Order 234757
06/14/2026,SO-234750,1061.000,40.00,Credit Card/PayPal (donorperfect_import) - Order 234750
06/14/2026,SO-234750,3000.000,-40.00,Sales - Order 234750
06/14/2026,SO-234681,1061.000,40.00,Credit Card/PayPal (donorperfect_import) - Order 234681
06/14/2026,SO-234681,3000.000,-40.00,Sales - Order 234681
06/14/2026,SO-234631,1061.000,40.00,Credit Card/PayPal (donorperfect_import) - Order 234631
06/14/2026,SO-234631,3000.000,-40.00,Sales - Order 234631
06/14/2026,SO-235007,1061.000,154.64,Credit Card/PayPal (donorperfect_import) - Order 235007
06/14/2026,SO-235007,3000.000,-154.64,Sales - Order 235007
06/14/2026,SO-234611,1061.000,103.19,Credit Card/PayPal (donorperfect_import) - Order 234611
06/14/2026,SO-234611,3000.000,-103.19,Sales - Order 234611
06/14/2026,SO-235299,1061.000,75.00,Credit Card/PayPal (donorperfect_import) - Order 235299
06/14/2026,SO-235299,3000.000,-75.00,Sales - Order 235299
06/14/2026,SO-235140,1061.000,70.43,Credit Card/PayPal (donorperfect_import) - Order 235140
06/14/2026,SO-235140,3000.000,-68.40,Sales - Order 235140
06/14/2026,SO-235140,2110.000,-2.02,Sales Tax - Order 235140
06/14/2026,SO-235163,1061.000,90.00,Credit Card/PayPal (donorperfect_import) - Order 235163
06/14/2026,SO-235163,3000.000,-90.00,Sales - Order 235163
06/14/2026,SO-235162,1061.000,90.00,Credit Card/PayPal (donorperfect_import) - Order 235162
06/14/2026,SO-235162,3000.000,-90.00,Sales - Order 235162
06/14/2026,SO-235212,1061.000,200.00,Credit Card/PayPal (donorperfect_import) - Order 235212
06/14/2026,SO-235212,3000.000,-200.00,Sales - Order 235212
06/14/2026,SO-234959,1061.000,75.54,Credit Card/PayPal (donorperfect_import) - Order 234959
06/14/2026,SO-234959,3000.000,-71.10,Sales - Order 234959
06/14/2026,SO-234959,2110.000,-4.44,Sales Tax - Order 234959
06/14/2026,SO-234608,1061.000,60.44,Credit Card/PayPal (donorperfect_import) - Order 234608
06/14/2026,SO-234608,3000.000,-54.00,Sales - Order 234608
06/14/2026,SO-234608,3040.000,-6.44,Shipping - Order 234608
06/14/2026,SO-235097,1061.000,122.06,Credit Card/PayPal (donorperfect_import) - Order 235097
06/14/2026,SO-235097,3000.000,-117.00,Sales - Order 235097
06/14/2026,SO-235097,2110.000,-5.06,Sales Tax - Order 235097
06/14/2026,SO-235016,1061.000,51.48,Credit Card/PayPal (donorperfect_import) - Order 235016
06/14/2026,SO-235016,3000.000,-50.80,Sales - Order 235016
06/14/2026,SO-235016,2110.000,-0.68,Sales Tax - Order 235016
06/14/2026,SO-235454,1061.000,146.73,Credit Card/PayPal (donorperfect_import) - Order 235454
06/14/2026,SO-235454,3000.000,-138.09,Sales - Order 235454
06/14/2026,SO-235454,2110.000,-8.63,Sales Tax - Order 235454
06/14/2026,SO-235451,1061.000,34.43,Credit Card/PayPal (donorperfect_import) - Order 235451
06/14/2026,SO-235451,3000.000,-32.40,Sales - Order 235451
06/14/2026,SO-235451,2110.000,-2.02,Sales Tax - Order 235451
06/14/2026,SO-235437,1061.000,219.46,Credit Card/PayPal (donorperfect_import) - Order 235437
06/14/2026,SO-235437,3000.000,-206.55,Sales - Order 235437
06/14/2026,SO-235437,2110.000,-12.91,Sales Tax - Order 235437
06/14/2026,SO-235253,1061.000,40.00,Credit Card/PayPal (donorperfect_import) - Order 235253
06/14/2026,SO-235253,3000.000,-40.00,Sales - Order 235253
06/14/2026,SO-235250,1061.000,208.46,Credit Card/PayPal (donorperfect_import) - Order 235250
06/14/2026,SO-235250,3000.000,-196.20,Sales - Order 235250
06/14/2026,SO-235250,2110.000,-12.26,Sales Tax - Order 235250
06/14/2026,SO-235208,1061.000,26.02,Credit Card/PayPal (donorperfect_import) - Order 235208
06/14/2026,SO-235208,3000.000,-26.02,Sales - Order 235208
06/14/2026,SO-234825,1061.000,85.87,Credit Card/PayPal (donorperfect_import) - Order 234825
06/14/2026,SO-234825,3000.000,-85.87,Sales - Order 234825
06/14/2026,SO-235394,1061.000,40.00,Credit Card/PayPal (donorperfect_import) - Order 235394
06/14/2026,SO-235394,3000.000,-40.00,Sales - Order 235394
06/14/2026,SO-234675,1061.000,40.00,Credit Card/PayPal (donorperfect_import) - Order 234675
06/14/2026,SO-234675,3000.000,-40.00,Sales - Order 234675
06/14/2026,SO-235150,1061.000,50.00,Credit Card/PayPal (donorperfect_import) - Order 235150
06/14/2026,SO-235150,3000.000,-50.00,Sales - Order 235150
06/14/2026,SO-234994,1061.000,60.74,Credit Card/PayPal (donorperfect_import) - Order 234994
06/14/2026,SO-234994,3000.000,-54.00,Sales - Order 234994
06/14/2026,SO-234994,3040.000,-6.74,Shipping - Order 234994
06/14/2026,SO-234632,1061.000,170.67,Credit Card/PayPal (donorperfect_import) - Order 234632
06/14/2026,SO-234632,3000.000,-160.00,Sales - Order 234632
06/14/2026,SO-234632,3040.000,-10.67,Shipping - Order 234632
06/14/2026,SO-235080,1061.000,100.00,Credit Card/PayPal (donorperfect_import) - Order 235080
06/14/2026,SO-235080,3000.000,-100.00,Sales - Order 235080
06/14/2026,SO-235239,1061.000,40.00,Credit Card/PayPal (donorperfect_import) - Order 235239
06/14/2026,SO-235239,3000.000,-40.00,Sales - Order 235239
06/14/2026,SO-235238,1061.000,40.00,Credit Card/PayPal (donorperfect_import) - Order 235238
06/14/2026,SO-235238,3000.000,-40.00,Sales - Order 235238
06/14/2026,SO-235180,1061.000,117.97,Credit Card/PayPal (donorperfect_import) - Order 235180
06/14/2026,SO-235180,3000.000,-113.38,Sales - Order 235180
06/14/2026,SO-235180,2110.000,-4.59,Sales Tax - Order 235180
06/14/2026,SO-234692,1061.000,144.65,Credit Card/PayPal (donorperfect_import) - Order 234692
06/14/2026,SO-234692,3000.000,-144.65,Sales - Order 234692
06/14/2026,SO-235135,1061.000,4121.10,Credit Card/PayPal (donorperfect_import) - Order 235135
06/14/2026,SO-235135,3000.000,-4121.10,Sales - Order 235135
06/14/2026,SO-234833,1061.000,900.00,Credit Card/PayPal (donorperfect_import) - Order 234833
06/14/2026,SO-234833,3000.000,-900.00,Sales - Order 234833
06/14/2026,SO-234660,1061.000,100.00,Credit Card/PayPal (donorperfect_import) - Order 234660
06/14/2026,SO-234660,3000.000,-100.00,Sales - Order 234660
06/14/2026,SO-234659,1061.000,50.00,Credit Card/PayPal (donorperfect_import) - Order 234659
06/14/2026,SO-234659,3000.000,-50.00,Sales - Order 234659
06/14/2026,SO-234650,1061.000,130.40,Credit Card/PayPal (donorperfect_import) - Order 234650
06/14/2026,SO-234650,3000.000,-120.00,Sales - Order 234650
06/14/2026,SO-234650,3040.000,-10.40,Shipping - Order 234650
06/14/2026,SO-235273,1061.000,82.68,Credit Card/PayPal (donorperfect_import) - Order 235273
06/14/2026,SO-235273,3000.000,-71.10,Sales - Order 235273
06/14/2026,SO-235273,3040.000,-11.58,Shipping - Order 235273
06/14/2026,SO-235089,1061.000,100.00,Credit Card/PayPal (donorperfect_import) - Order 235089
06/14/2026,SO-235089,3000.000,-100.00,Sales - Order 235089
06/14/2026,SO-235264,1061.000,92.84,Credit Card/PayPal (donorperfect_import) - Order 235264
06/14/2026,SO-235264,3000.000,-80.00,Sales - Order 235264
06/14/2026,SO-235264,3040.000,-12.84,Shipping - Order 235264
06/14/2026,SO-234706,1061.000,110.65,Credit Card/PayPal (donorperfect_import) - Order 234706
06/14/2026,SO-234706,3000.000,-100.00,Sales - Order 234706
06/14/2026,SO-234706,3040.000,-10.65,Shipping - Order 234706
06/14/2026,SO-234620,1061.000,189.14,Credit Card/PayPal (donorperfect_import) - Order 234620
06/14/2026,SO-234620,3000.000,-180.00,Sales - Order 234620
06/14/2026,SO-234620,3040.000,-9.14,Shipping - Order 234620
06/14/2026,SO-234603,1061.000,125.00,Credit Card/PayPal (donorperfect_import) - Order 234603
06/14/2026,SO-234603,3000.000,-125.00,Sales - Order 234603
06/14/2026,SO-234670,1061.000,250.00,Credit Card/PayPal (donorperfect_import) - Order 234670
06/14/2026,SO-234670,3000.000,-250.00,Sales - Order 234670
06/14/2026,SO-234617,1061.000,257.53,Credit Card/PayPal (donorperfect_import) - Order 234617
06/14/2026,SO-234617,3000.000,-257.53,Sales - Order 234617
06/14/2026,SO-234604,1061.000,40.00,Credit Card/PayPal (donorperfect_import) - Order 234604
06/14/2026,SO-234604,3000.000,-40.00,Sales - Order 234604
06/14/2026,SO-235256,1061.000,200.00,Credit Card/PayPal (donorperfect_import) - Order 235256
06/14/2026,SO-235256,3000.000,-200.00,Sales - Order 235256
06/14/2026,SO-235430,1061.000,105.86,Credit Card/PayPal (donorperfect_import) - Order 235430
06/14/2026,SO-235430,3000.000,-100.80,Sales - Order 235430
06/14/2026,SO-235430,2110.000,-5.06,Sales Tax - Order 235430
06/14/2026,SO-233508,1061.000,41.46,Credit Card/PayPal (donorperfect_import) - Order 233508
06/14/2026,SO-233508,3000.000,-41.46,Sales - Order 233508
06/14/2026,SO-232400,1061.000,2200.00,Credit Card/PayPal (donorperfect_import) - Order 232400
06/14/2026,SO-232400,3000.000,-2200.00,Sales - Order 232400
06/14/2026,SO-231615,1061.000,2000.00,Credit Card/PayPal (donorperfect_import) - Order 231615
06/14/2026,SO-231615,3000.000,-2000.00,Sales - Order 231615
06/14/2026,SO-235281,1061.000,103.19,Credit Card/PayPal (donorperfect_import) - Order 235281
06/14/2026,SO-235281,3000.000,-103.19,Sales - Order 235281
06/14/2026,SO-229153,1061.000,140.10,Credit Card/PayPal (donorperfect_import) - Order 229153
06/14/2026,SO-229153,3000.000,-120.00,Sales - Order 229153
06/14/2026,SO-229153,3040.000,-20.10,Shipping - Order 229153