Order Name,Order Date,Item ID,Description,Quantity,Unit Price,Discount Amount,Amount,Taxable,Tax Amount
178068,06/14/2026,46364004024517,Historic House Fund,1,1000.00,0.00,1000.00,No,0.00
178068,06/14/2026,46363976827077,Donor Cover Cost,1,29.20,0.00,29.20,No,0.00
180823,06/14/2026,46364037546181,Historic House Appeal,1,2000.00,0.00,2000.00,No,0.00
177902,06/14/2026,46363848179909,Membership,1,75.00,0.00,75.00,No,0.00
149234,06/14/2026,BOOK-400-103,A Precious Legacy: Christian Science Comes to Japan by Emi Abiko,1,9.00,0.00,9.00,No,0.57
149234,06/14/2026,BOOK-400-103,A Precious Legacy: Christian Science Comes to Japan by Emi Abiko,1,9.00,0.00,9.00,No,0.56
149234,06/14/2026,BOOK-400-103,A Precious Legacy: Christian Science Comes to Japan by Emi Abiko,1,9.00,0.00,9.00,No,0.56
149236,06/14/2026,BOOK-400-103,A Precious Legacy: Christian Science Comes to Japan by Emi Abiko,1,9.00,0.00,9.00,No,0.57
149236,06/14/2026,BOOK-400-103,A Precious Legacy: Christian Science Comes to Japan by Emi Abiko,1,9.00,0.00,9.00,No,0.56
149236,06/14/2026,BOOK-400-103,A Precious Legacy: Christian Science Comes to Japan by Emi Abiko,1,9.00,0.00,9.00,No,0.56
149235,06/14/2026,BOOK-400-103,A Precious Legacy: Christian Science Comes to Japan by Emi Abiko,1,9.00,0.00,9.00,No,0.57
149235,06/14/2026,BOOK-400-103,A Precious Legacy: Christian Science Comes to Japan by Emi Abiko,1,9.00,0.00,9.00,No,0.56
149235,06/14/2026,BOOK-400-103,A Precious Legacy: Christian Science Comes to Japan by Emi Abiko,1,9.00,0.00,9.00,No,0.56
149237,06/14/2026,BOOK-400-103,A Precious Legacy: Christian Science Comes to Japan by Emi Abiko,1,9.00,0.00,9.00,No,0.57
149237,06/14/2026,BOOK-400-103,A Precious Legacy: Christian Science Comes to Japan by Emi Abiko,1,9.00,0.00,9.00,No,0.56
149237,06/14/2026,BOOK-400-103,A Precious Legacy: Christian Science Comes to Japan by Emi Abiko,1,9.00,0.00,9.00,No,0.56
162575,06/14/2026,BOOK-400-000,Life at 400 Beacon Street by Heather Vogel Frederick,2,36.00,0.00,72.00,No,0.00
175579,06/14/2026,46364067528901,General Donation,1,2000.00,0.00,2000.00,No,0.00
172209,06/14/2026,46364040102085,Ongoing Fundraising,1,2000.00,0.00,2000.00,No,0.00
169374,06/14/2026,46363848179909,Membership,1,75.00,0.00,75.00,No,0.00
161615,06/14/2026,46364037546181,Historic House Appeal,1,1000.00,0.00,1000.00,No,0.00
158529,06/14/2026,46363848147141,Membership,1,40.00,0.00,40.00,No,0.00
153261,06/14/2026,46364037873861,Annual Appeal,1,1000.00,0.00,1000.00,No,0.00
150006,06/14/2026,46363848147141,Membership,1,35.00,0.00,35.00,No,0.00
148974,06/14/2026,46364037873861,Annual Appeal,1,1000.00,0.00,1000.00,No,0.00
1121,06/14/2026,46364037873861,Annual Appeal,1,2035.00,0.00,2035.00,No,0.00
1119,06/14/2026,46363848147141,Membership,1,35.00,0.00,35.00,No,0.00
1120,06/14/2026,46364040102085,Ongoing Fundraising,1,1000.00,0.00,1000.00,No,0.00
1118,06/14/2026,46364040102085,Ongoing Fundraising,1,2000.00,0.00,2000.00,No,0.00
1117,06/14/2026,46363848147141,Membership,1,35.00,0.00,35.00,No,0.00
1116,06/14/2026,46364040102085,Ongoing Fundraising,1,4000.00,0.00,4000.00,No,0.00
1115,06/14/2026,46364040102085,Ongoing Fundraising,1,965.00,0.00,965.00,No,0.00
1112,06/14/2026,46364083290309,General Op. Fund,1,435.00,0.00,435.00,No,0.00
1114,06/14/2026,46364037873861,Annual Appeal,1,2000.00,0.00,2000.00,No,0.00
1113,06/14/2026,46364037873861,Annual Appeal,1,2000.00,0.00,2000.00,No,0.00
1111,06/14/2026,46364083290309,General Op. Fund,1,65.00,0.00,65.00,No,0.00
1108,06/14/2026,46364082798789,General MM,1,10.00,0.00,10.00,No,0.00
1110,06/14/2026,46364083290309,General Op. Fund,1,35.00,0.00,35.00,No,0.00
1107,06/14/2026,46364082962629,Mem Renewal MM,1,20.00,0.00,20.00,No,0.00
1109,06/14/2026,46364082962629,Mem Renewal MM,1,35.00,0.00,35.00,No,0.00
1105,06/14/2026,46364083290309,General Op. Fund,1,25.00,0.00,25.00,No,0.00
1104,06/14/2026,46364083290309,General Op. Fund,1,25.00,0.00,25.00,No,0.00
1106,06/14/2026,46364082962629,Mem Renewal MM,1,35.00,0.00,35.00,No,0.00
1103,06/14/2026,46364082831557,Mem Renewal MM,1,50.00,0.00,50.00,No,0.00
1101,06/14/2026,46364082831557,Mem Renewal MM,1,50.00,0.00,50.00,No,0.00
1102,06/14/2026,46364084011205,Sales,1,25.00,0.00,25.00,No,0.00
1100,06/14/2026,46364084109509,Annual Appeal 98,1,50.00,0.00,50.00,No,0.00
1099,06/14/2026,46364082962629,Mem Renewal MM,1,25.00,0.00,25.00,No,0.00
1098,06/14/2026,46364082962629,Mem Renewal MM,1,20.00,0.00,20.00,No,0.00
1097,06/14/2026,46364082962629,Mem Renewal MM,1,20.00,0.00,20.00,No,0.00
1096,06/14/2026,46364082962629,Mem Renewal MM,1,20.00,0.00,20.00,No,0.00
1095,06/14/2026,46364083617989,Annual Giving MM,1,15.00,0.00,15.00,No,0.00
1093,06/14/2026,46364082962629,Mem Renewal MM,1,20.00,0.00,20.00,No,0.00
1094,06/14/2026,46364082798789,General MM,1,20.00,0.00,20.00,No,0.00
1092,06/14/2026,46364083617989,Annual Giving MM,1,25.00,0.00,25.00,No,0.00
1091,06/14/2026,46364082962629,Mem Renewal MM,1,25.00,0.00,25.00,No,0.00
1090,06/14/2026,46364082962629,Mem Renewal MM,1,20.00,0.00,20.00,No,0.00
1089,06/14/2026,46364082536645,Capital Campaign,1,100.00,0.00,100.00,No,0.00
1088,06/14/2026,46364082536645,Capital Campaign,1,100.00,0.00,100.00,No,0.00
1087,06/14/2026,46364082798789,General MM,1,15.00,0.00,15.00,No,0.00
1086,06/14/2026,46364082962629,Mem Renewal MM,1,35.00,0.00,35.00,No,0.00
1085,06/14/2026,46364083617989,Annual Giving MM,1,30.00,0.00,30.00,No,0.00
1084,06/14/2026,46364082962629,Mem Renewal MM,1,20.00,0.00,20.00,No,0.00
1083,06/14/2026,46364083290309,General Op. Fund,1,10.00,0.00,10.00,No,0.00
1082,06/14/2026,46364083617989,Annual Giving MM,1,15.00,0.00,15.00,No,0.00
1079,06/14/2026,46364082503877,Capital Campaign,1,50.00,0.00,50.00,No,0.00
1081,06/14/2026,46364082634949,Capital Campaign,1,25.00,0.00,25.00,No,0.00
1080,06/14/2026,46364082962629,Mem Renewal MM,1,25.00,0.00,25.00,No,0.00
1078,06/14/2026,46364082634949,Capital Campaign,1,25.00,0.00,25.00,No,0.00
1077,06/14/2026,46364084011205,Sales,1,13.00,0.00,13.00,No,0.00
1076,06/14/2026,46364084011205,Sales,1,1.00,0.00,1.00,No,0.00
1075,06/14/2026,46364083617989,Annual Giving MM,1,25.00,0.00,25.00,No,0.00
1074,06/14/2026,46364082798789,General MM,1,20.00,0.00,20.00,No,0.00
1073,06/14/2026,46364082962629,Mem Renewal MM,1,20.00,0.00,20.00,No,0.00
1071,06/14/2026,46364083617989,Annual Giving MM,1,15.00,0.00,15.00,No,0.00
1072,06/14/2026,46364085125317,Exhibits,1,25.00,0.00,25.00,No,0.00
1070,06/14/2026,46364082798789,General MM,1,20.00,0.00,20.00,No,0.00
1069,06/14/2026,46364082962629,Mem Renewal MM,1,20.00,0.00,20.00,No,0.00
1067,06/14/2026,46364082962629,Mem Renewal MM,1,20.00,0.00,20.00,No,0.00
1068,06/14/2026,46364082798789,General MM,1,20.00,0.00,20.00,No,0.00
1066,06/14/2026,46364083617989,Annual Giving MM,1,25.00,0.00,25.00,No,0.00
1065,06/14/2026,46364082962629,Mem Renewal MM,1,20.00,0.00,20.00,No,0.00
1064,06/14/2026,46364082798789,General MM,1,20.00,0.00,20.00,No,0.00
1063,06/14/2026,46364083617989,Annual Giving MM,1,25.00,0.00,25.00,No,0.00
1062,06/14/2026,46364083617989,Annual Giving MM,1,25.00,0.00,25.00,No,0.00
1061,06/14/2026,46364083617989,Annual Giving MM,1,30.00,0.00,30.00,No,0.00
1060,06/14/2026,46364082962629,Mem Renewal MM,1,20.00,0.00,20.00,No,0.00
1059,06/14/2026,46364083617989,Annual Giving MM,1,60.00,0.00,60.00,No,0.00
1058,06/14/2026,46364082962629,Mem Renewal MM,1,20.00,0.00,20.00,No,0.00
1057,06/14/2026,46364083486917,Annual Giving MM,1,50.00,0.00,50.00,No,0.00
1056,06/14/2026,46364082798789,General MM,1,25.00,0.00,25.00,No,0.00
1055,06/14/2026,46364082962629,Mem Renewal MM,1,20.00,0.00,20.00,No,0.00
1054,06/14/2026,46364082634949,Capital Campaign,1,125.00,0.00,125.00,No,0.00
1053,06/14/2026,46364083290309,General Op. Fund,1,35.00,0.00,35.00,No,0.00
1052,06/14/2026,46364083159237,General Op. Fund,1,50.00,0.00,50.00,No,0.00
1051,06/14/2026,46364083290309,General Op. Fund,1,25.00,0.00,25.00,No,0.00
1050,06/14/2026,46364083159237,General Op. Fund,1,50.00,0.00,50.00,No,0.00
1049,06/14/2026,46364083290309,General Op. Fund,1,25.00,0.00,25.00,No,0.00
1048,06/14/2026,46364083814597,Capital Fund,1,25.00,0.00,25.00,No,0.00
1047,06/14/2026,46364083290309,General Op. Fund,1,25.00,0.00,25.00,No,0.00
1046,06/14/2026,46364082962629,Mem Renewal MM,1,25.00,0.00,25.00,No,0.00
1045,06/14/2026,46364082962629,Mem Renewal MM,1,25.00,0.00,25.00,No,0.00
1042,06/14/2026,46364083617989,Annual Giving MM,1,30.00,0.00,30.00,No,0.00
1044,06/14/2026,46364082962629,Mem Renewal MM,1,25.00,0.00,25.00,No,0.00
1043,06/14/2026,46364082962629,Mem Renewal MM,1,25.00,0.00,25.00,No,0.00
1041,06/14/2026,46364084011205,Sales,1,22.00,0.00,22.00,No,0.00
1040,06/14/2026,46364084011205,Sales,1,1.00,0.00,1.00,No,0.00
1039,06/14/2026,46364082962629,Mem Renewal MM,1,20.00,0.00,20.00,No,0.00
1038,06/14/2026,46364082962629,Mem Renewal MM,1,20.00,0.00,20.00,No,0.00
1037,06/14/2026,46364082962629,Mem Renewal MM,1,20.00,0.00,20.00,No,0.00
1036,06/14/2026,46364082962629,Mem Renewal MM,1,20.00,0.00,20.00,No,0.00
1035,06/14/2026,46364082962629,Mem Renewal MM,1,20.00,0.00,20.00,No,0.00
1031,06/14/2026,46364086927557,Planned Giving,1,8610.77,0.00,8610.77,No,0.00
1034,06/14/2026,46364082962629,Mem Renewal MM,1,20.00,0.00,20.00,No,0.00
1033,06/14/2026,46364082962629,Mem Renewal MM,1,20.00,0.00,20.00,No,0.00
1032,06/14/2026,46364082962629,Mem Renewal MM,1,20.00,0.00,20.00,No,0.00
1030,06/14/2026,46364083290309,General Op. Fund,1,10.00,0.00,10.00,No,0.00
1029,06/14/2026,46364083290309,General Op. Fund,1,10.00,0.00,10.00,No,0.00
1028,06/14/2026,46364083290309,General Op. Fund,1,10.00,0.00,10.00,No,0.00
1027,06/14/2026,46364083290309,General Op. Fund,1,10.00,0.00,10.00,No,0.00
1026,06/14/2026,46364083290309,General Op. Fund,1,10.00,0.00,10.00,No,0.00
1025,06/14/2026,46364083290309,General Op. Fund,1,10.00,0.00,10.00,No,0.00
1024,06/14/2026,46364083290309,General Op. Fund,1,10.00,0.00,10.00,No,0.00
1023,06/14/2026,46364083290309,General Op. Fund,1,10.00,0.00,10.00,No,0.00
1021,06/14/2026,46364083290309,General Op. Fund,1,35.00,0.00,35.00,No,0.00
1022,06/14/2026,46364083290309,General Op. Fund,1,15.00,0.00,15.00,No,0.00
1020,06/14/2026,46364083290309,General Op. Fund,1,10.00,0.00,10.00,No,0.00
1018,06/14/2026,46364083290309,General Op. Fund,1,10.00,0.00,10.00,No,0.00
1017,06/14/2026,46364083290309,General Op. Fund,1,10.00,0.00,10.00,No,0.00
1019,06/14/2026,46364083290309,General Op. Fund,1,10.00,0.00,10.00,No,0.00
1016,06/14/2026,46364083290309,General Op. Fund,1,10.00,0.00,10.00,No,0.00
1014,06/14/2026,46364083290309,General Op. Fund,1,10.00,0.00,10.00,No,0.00
1015,06/14/2026,46364083290309,General Op. Fund,1,10.00,0.00,10.00,No,0.00
1013,06/14/2026,46364083290309,General Op. Fund,1,10.00,0.00,10.00,No,0.00
1012,06/14/2026,46364083290309,General Op. Fund,1,10.00,0.00,10.00,No,0.00
1011,06/14/2026,46364083290309,General Op. Fund,1,10.00,0.00,10.00,No,0.00
1010,06/14/2026,46364083290309,General Op. Fund,1,10.00,0.00,10.00,No,0.00
1009,06/14/2026,46364083290309,General Op. Fund,1,10.00,0.00,10.00,No,0.00
1008,06/14/2026,46364083290309,General Op. Fund,1,10.00,0.00,10.00,No,0.00
1007,06/14/2026,46364083290309,General Op. Fund,1,10.00,0.00,10.00,No,0.00
1006,06/14/2026,46364083290309,General Op. Fund,1,10.00,0.00,10.00,No,0.00
1004,06/14/2026,46364083290309,General Op. Fund,1,10.00,0.00,10.00,No,0.00
1005,06/14/2026,46364083290309,General Op. Fund,1,10.00,0.00,10.00,No,0.00
1003,06/14/2026,46364083290309,General Op. Fund,1,10.00,0.00,10.00,No,0.00
1002,06/14/2026,46364083290309,General Op. Fund,1,10.00,0.00,10.00,No,0.00
1001,06/14/2026,46364083290309,General Op. Fund,1,10.00,0.00,10.00,No,0.00
1000,06/14/2026,46364083290309,General Op. Fund,1,10.00,0.00,10.00,No,0.00
998,06/14/2026,46364083290309,General Op. Fund,1,10.00,0.00,10.00,No,0.00
999,06/14/2026,46364083290309,General Op. Fund,1,10.00,0.00,10.00,No,0.00
997,06/14/2026,46364083290309,General Op. Fund,1,10.00,0.00,10.00,No,0.00
996,06/14/2026,46364083290309,General Op. Fund,1,10.00,0.00,10.00,No,0.00
995,06/14/2026,46364083290309,General Op. Fund,1,10.00,0.00,10.00,No,0.00
994,06/14/2026,46364083290309,General Op. Fund,1,10.00,0.00,10.00,No,0.00
993,06/14/2026,46364083290309,General Op. Fund,1,10.00,0.00,10.00,No,0.00
992,06/14/2026,46364083290309,General Op. Fund,1,10.00,0.00,10.00,No,0.00
991,06/14/2026,46364083290309,General Op. Fund,1,10.00,0.00,10.00,No,0.00
989,06/14/2026,46364083290309,General Op. Fund,1,10.00,0.00,10.00,No,0.00
988,06/14/2026,46364083290309,General Op. Fund,1,10.00,0.00,10.00,No,0.00
990,06/14/2026,46364083290309,General Op. Fund,1,10.00,0.00,10.00,No,0.00
987,06/14/2026,46364083290309,General Op. Fund,1,10.00,0.00,10.00,No,0.00
986,06/14/2026,46364083290309,General Op. Fund,1,10.00,0.00,10.00,No,0.00
985,06/14/2026,46364083290309,General Op. Fund,1,10.00,0.00,10.00,No,0.00
984,06/14/2026,46364083290309,General Op. Fund,1,10.00,0.00,10.00,No,0.00
983,06/14/2026,46364083290309,General Op. Fund,1,10.00,0.00,10.00,No,0.00
982,06/14/2026,46364083290309,General Op. Fund,1,10.00,0.00,10.00,No,0.00
980,06/14/2026,46364083290309,General Op. Fund,1,10.00,0.00,10.00,No,0.00
981,06/14/2026,46364083290309,General Op. Fund,1,10.00,0.00,10.00,No,0.00
979,06/14/2026,46364083290309,General Op. Fund,1,10.00,0.00,10.00,No,0.00
978,06/14/2026,46364083290309,General Op. Fund,1,10.00,0.00,10.00,No,0.00
977,06/14/2026,46364083290309,General Op. Fund,1,10.00,0.00,10.00,No,0.00
976,06/14/2026,46364083290309,General Op. Fund,1,10.00,0.00,10.00,No,0.00
974,06/14/2026,46364083290309,General Op. Fund,1,10.00,0.00,10.00,No,0.00
975,06/14/2026,46364083290309,General Op. Fund,1,10.00,0.00,10.00,No,0.00
972,06/14/2026,46364083290309,General Op. Fund,1,10.00,0.00,10.00,No,0.00
973,06/14/2026,46364083290309,General Op. Fund,1,10.00,0.00,10.00,No,0.00
971,06/14/2026,46364083224773,General Op. Fund,1,250.00,0.00,250.00,No,0.00
970,06/14/2026,46364083290309,General Op. Fund,1,10.00,0.00,10.00,No,0.00
969,06/14/2026,46364083290309,General Op. Fund,1,10.00,0.00,10.00,No,0.00
968,06/14/2026,46364083290309,General Op. Fund,1,10.00,0.00,10.00,No,0.00
967,06/14/2026,46364083290309,General Op. Fund,1,10.00,0.00,10.00,No,0.00
966,06/14/2026,46364083290309,General Op. Fund,1,10.00,0.00,10.00,No,0.00
965,06/14/2026,46364083290309,General Op. Fund,1,5.00,0.00,5.00,No,0.00
964,06/14/2026,46364083290309,General Op. Fund,1,25.00,0.00,25.00,No,0.00
963,06/14/2026,46364083290309,General Op. Fund,1,10.00,0.00,10.00,No,0.00
962,06/14/2026,46364083290309,General Op. Fund,1,10.00,0.00,10.00,No,0.00
961,06/14/2026,46364083290309,General Op. Fund,1,10.00,0.00,10.00,No,0.00
960,06/14/2026,46364083290309,General Op. Fund,1,10.00,0.00,10.00,No,0.00
959,06/14/2026,46364083290309,General Op. Fund,1,10.00,0.00,10.00,No,0.00
957,06/14/2026,46364083290309,General Op. Fund,1,10.00,0.00,10.00,No,0.00
958,06/14/2026,46364083290309,General Op. Fund,1,10.00,0.00,10.00,No,0.00
955,06/14/2026,46364083290309,General Op. Fund,1,5.00,0.00,5.00,No,0.00
956,06/14/2026,46364083224773,General Op. Fund,1,250.00,0.00,250.00,No,0.00
954,06/14/2026,46364083290309,General Op. Fund,1,25.00,0.00,25.00,No,0.00
953,06/14/2026,46364083290309,General Op. Fund,1,30.00,0.00,30.00,No,0.00
952,06/14/2026,46364083290309,General Op. Fund,1,5.00,0.00,5.00,No,0.00
951,06/14/2026,46364083290309,General Op. Fund,1,25.00,0.00,25.00,No,0.00
950,06/14/2026,46364083290309,General Op. Fund,1,10.00,0.00,10.00,No,0.00
949,06/14/2026,46364083290309,General Op. Fund,1,10.00,0.00,10.00,No,0.00
948,06/14/2026,46364083290309,General Op. Fund,1,10.00,0.00,10.00,No,0.00
947,06/14/2026,46364083290309,General Op. Fund,1,10.00,0.00,10.00,No,0.00
946,06/14/2026,46364083290309,General Op. Fund,1,10.00,0.00,10.00,No,0.00
945,06/14/2026,46364083290309,General Op. Fund,1,10.00,0.00,10.00,No,0.00
944,06/14/2026,46364083290309,General Op. Fund,1,10.00,0.00,10.00,No,0.00
943,06/14/2026,46364083224773,General Op. Fund,1,250.00,0.00,250.00,No,0.00
942,06/14/2026,46364083290309,General Op. Fund,1,10.00,0.00,10.00,No,0.00
941,06/14/2026,46364083290309,General Op. Fund,1,5.00,0.00,5.00,No,0.00
940,06/14/2026,46364083290309,General Op. Fund,1,25.00,0.00,25.00,No,0.00
939,06/14/2026,46364083290309,General Op. Fund,1,10.00,0.00,10.00,No,0.00
938,06/14/2026,46364083290309,General Op. Fund,1,10.00,0.00,10.00,No,0.00
937,06/14/2026,46364083290309,General Op. Fund,1,10.00,0.00,10.00,No,0.00
936,06/14/2026,46364083290309,General Op. Fund,1,10.00,0.00,10.00,No,0.00
935,06/14/2026,46364083290309,General Op. Fund,1,10.00,0.00,10.00,No,0.00
934,06/14/2026,46364083290309,General Op. Fund,1,5.00,0.00,5.00,No,0.00
933,06/14/2026,46364083290309,General Op. Fund,1,25.00,0.00,25.00,No,0.00
932,06/14/2026,46364083290309,General Op. Fund,1,30.00,0.00,30.00,No,0.00
931,06/14/2026,46364083290309,General Op. Fund,1,5.00,0.00,5.00,No,0.00
930,06/14/2026,46364083290309,General Op. Fund,1,25.00,0.00,25.00,No,0.00
929,06/14/2026,46364083224773,General Op. Fund,1,250.00,0.00,250.00,No,0.00
928,06/14/2026,46364083290309,General Op. Fund,1,5.00,0.00,5.00,No,0.00
927,06/14/2026,46364083290309,General Op. Fund,1,25.00,0.00,25.00,No,0.00
926,06/14/2026,46364083290309,General Op. Fund,1,5.00,0.00,5.00,No,0.00
925,06/14/2026,46364083290309,General Op. Fund,1,25.00,0.00,25.00,No,0.00
924,06/14/2026,46364082798789,General MM,1,5.00,0.00,5.00,No,0.00
923,06/14/2026,46364082962629,Mem Renewal MM,1,25.00,0.00,25.00,No,0.00
922,06/14/2026,46364082798789,General MM,1,5.00,0.00,5.00,No,0.00
921,06/14/2026,46364082962629,Mem Renewal MM,1,25.00,0.00,25.00,No,0.00
920,06/14/2026,46364083126469,Annual Appeal 99,1,30.00,0.00,30.00,No,0.00
919,06/14/2026,46364082798789,General MM,1,5.00,0.00,5.00,No,0.00
918,06/14/2026,46364082962629,Mem Renewal MM,1,25.00,0.00,25.00,No,0.00
917,06/14/2026,46364082962629,Mem Renewal MM,1,5.00,0.00,5.00,No,0.00
915,06/14/2026,46364082962629,Mem Renewal MM,1,20.00,0.00,20.00,No,0.00
914,06/14/2026,46364082798789,General MM,1,10.00,0.00,10.00,No,0.00
916,06/14/2026,46364082962629,Mem Renewal MM,1,25.00,0.00,25.00,No,0.00
913,06/14/2026,46364082962629,Mem Renewal MM,1,20.00,0.00,20.00,No,0.00
912,06/14/2026,46364082962629,Mem Renewal MM,1,20.00,0.00,20.00,No,0.00
911,06/14/2026,46364082962629,Mem Renewal MM,1,20.00,0.00,20.00,No,0.00
910,06/14/2026,46364082798789,General MM,1,10.00,0.00,10.00,No,0.00
909,06/14/2026,46364082962629,Mem Renewal MM,1,20.00,0.00,20.00,No,0.00
906,06/14/2026,46364082962629,Mem Renewal MM,1,35.00,0.00,35.00,No,0.00
908,06/14/2026,46364082798789,General MM,1,10.00,0.00,10.00,No,0.00
907,06/14/2026,46364083617989,Annual Giving MM,1,30.00,0.00,30.00,No,0.00
905,06/14/2026,46364082962629,Mem Renewal MM,1,25.00,0.00,25.00,No,0.00
904,06/14/2026,46364082798789,General MM,1,5.00,0.00,5.00,No,0.00
903,06/14/2026,46364082962629,Mem Renewal MM,1,20.00,0.00,20.00,No,0.00
902,06/14/2026,46364083290309,General Op. Fund,1,40.00,0.00,40.00,No,0.00
901,06/14/2026,46364083159237,General Op. Fund,1,50.00,0.00,50.00,No,0.00
899,06/14/2026,46364083290309,General Op. Fund,1,10.00,0.00,10.00,No,0.00
898,06/14/2026,46364083290309,General Op. Fund,1,25.00,0.00,25.00,No,0.00
896,06/14/2026,46364083617989,Annual Giving MM,1,30.00,0.00,30.00,No,0.00
181056,06/14/2026,46363848147141,Membership,1,40.00,0.00,40.00,No,0.00
172313,06/14/2026,46363848147141,Membership,1,40.00,0.00,40.00,No,0.00
159454,06/14/2026,46363848147141,Membership,1,40.00,0.00,40.00,No,0.00
153596,06/14/2026,46364040102085,Ongoing Fundraising,1,30.00,0.00,30.00,No,0.00
148177,06/14/2026,46363848147141,Membership,1,35.00,0.00,35.00,No,0.00
895,06/14/2026,46363848147141,Membership,1,35.00,0.00,35.00,No,0.00
894,06/14/2026,46363848147141,Membership,1,35.00,0.00,35.00,No,0.00
893,06/14/2026,46364037546181,Historic House Appeal,1,40.00,0.00,40.00,No,0.00
892,06/14/2026,46364037546181,Historic House Appeal,1,30.00,0.00,30.00,No,0.00
891,06/14/2026,46363848212677,Membership,1,10.00,0.00,10.00,No,0.00
890,06/14/2026,46363848147141,Membership,1,35.00,0.00,35.00,No,0.00
888,06/14/2026,46364037546181,Historic House Appeal,1,40.00,0.00,40.00,No,0.00
889,06/14/2026,46364037873861,Annual Appeal,1,40.00,0.00,40.00,No,0.00
887,06/14/2026,46364083290309,General Op. Fund,1,35.00,0.00,35.00,No,0.00
886,06/14/2026,46364083290309,General Op. Fund,1,30.00,0.00,30.00,No,0.00
885,06/14/2026,46364083290309,General Op. Fund,1,25.00,0.00,25.00,No,0.00
884,06/14/2026,46364083290309,General Op. Fund,1,25.00,0.00,25.00,No,0.00
846,06/14/2026,46364082962629,Mem Renewal MM,1,20.00,0.00,20.00,No,0.00
883,06/14/2026,46364084797637,Restricted Op.Fd.,1,30.00,0.00,30.00,No,0.00
882,06/14/2026,46364083290309,General Op. Fund,1,25.00,0.00,25.00,No,0.00
881,06/14/2026,46364084797637,Restricted Op.Fd.,1,30.00,0.00,30.00,No,0.00
880,06/14/2026,46364083290309,General Op. Fund,1,25.00,0.00,25.00,No,0.00
879,06/14/2026,46364083290309,General Op. Fund,1,25.00,0.00,25.00,No,0.00
878,06/14/2026,46364083290309,General Op. Fund,1,25.00,0.00,25.00,No,0.00
877,06/14/2026,46364083290309,General Op. Fund,1,25.00,0.00,25.00,No,0.00
875,06/14/2026,46364083290309,General Op. Fund,1,25.00,0.00,25.00,No,0.00
876,06/14/2026,46364083814597,Capital Fund,1,30.00,0.00,30.00,No,0.00
874,06/14/2026,46364083290309,General Op. Fund,1,25.00,0.00,25.00,No,0.00
873,06/14/2026,46364083290309,General Op. Fund,1,25.00,0.00,25.00,No,0.00
872,06/14/2026,46364083290309,General Op. Fund,1,25.00,0.00,25.00,No,0.00
870,06/14/2026,46364083290309,General Op. Fund,1,25.00,0.00,25.00,No,0.00
868,06/14/2026,46364083290309,General Op. Fund,1,25.00,0.00,25.00,No,0.00
869,06/14/2026,46364083290309,General Op. Fund,1,25.00,0.00,25.00,No,0.00
871,06/14/2026,46364083814597,Capital Fund,1,200.00,0.00,200.00,No,0.00
867,06/14/2026,46364083290309,General Op. Fund,1,25.00,0.00,25.00,No,0.00
865,06/14/2026,46364083290309,General Op. Fund,1,20.00,0.00,20.00,No,0.00
866,06/14/2026,46364083290309,General Op. Fund,1,25.00,0.00,25.00,No,0.00
863,06/14/2026,46364083224773,General Op. Fund,1,250.00,0.00,250.00,No,0.00
862,06/14/2026,46364083290309,General Op. Fund,1,25.00,0.00,25.00,No,0.00
860,06/14/2026,46364082962629,Mem Renewal MM,1,25.00,0.00,25.00,No,0.00
861,06/14/2026,46364082798789,General MM,1,25.00,0.00,25.00,No,0.00
864,06/14/2026,46364083290309,General Op. Fund,1,25.00,0.00,25.00,No,0.00
859,06/14/2026,46364082962629,Mem Renewal MM,1,25.00,0.00,25.00,No,0.00
858,06/14/2026,46364083126469,Annual Appeal 99,1,25.00,0.00,25.00,No,0.00
857,06/14/2026,46364082798789,General MM,1,15.00,0.00,15.00,No,0.00
856,06/14/2026,46364082962629,Mem Renewal MM,1,25.00,0.00,25.00,No,0.00
855,06/14/2026,46364082962629,Mem Renewal MM,1,25.00,0.00,25.00,No,0.00
852,06/14/2026,46364082962629,Mem Renewal MM,1,20.00,0.00,20.00,No,0.00
854,06/14/2026,46364082962629,Mem Renewal MM,1,20.00,0.00,20.00,No,0.00
853,06/14/2026,46364082962629,Mem Renewal MM,1,20.00,0.00,20.00,No,0.00
851,06/14/2026,46364082962629,Mem Renewal MM,1,20.00,0.00,20.00,No,0.00
850,06/14/2026,46364084011205,Sales,1,16.00,0.00,16.00,No,0.00
849,06/14/2026,46364082962629,Mem Renewal MM,1,20.00,0.00,20.00,No,0.00
848,06/14/2026,46364082962629,Mem Renewal MM,1,20.00,0.00,20.00,No,0.00
847,06/14/2026,46364082962629,Mem Renewal MM,1,20.00,0.00,20.00,No,0.00
845,06/14/2026,46364082995397,Annual Appeal 99,1,50.00,0.00,50.00,No,0.00
844,06/14/2026,46364082831557,Mem Renewal MM,1,50.00,0.00,50.00,No,0.00
843,06/14/2026,46364082995397,Annual Appeal 99,1,50.00,0.00,50.00,No,0.00
842,06/14/2026,46364082634949,Capital Campaign,1,40.00,0.00,40.00,No,0.00
840,06/14/2026,46364084240581,Annual Appeal 98,1,40.00,0.00,40.00,No,0.00
841,06/14/2026,46364082634949,Capital Campaign,1,40.00,0.00,40.00,No,0.00
839,06/14/2026,46364082831557,Mem Renewal MM,1,50.00,0.00,50.00,No,0.00
838,06/14/2026,46364082536645,Capital Campaign,1,100.00,0.00,100.00,No,0.00
837,06/14/2026,46364082831557,Mem Renewal MM,1,50.00,0.00,50.00,No,0.00
836,06/14/2026,46364083486917,Annual Giving MM,1,50.00,0.00,50.00,No,0.00
835,06/14/2026,46364082503877,Capital Campaign,1,50.00,0.00,50.00,No,0.00
834,06/14/2026,46364084011205,Sales,1,20.00,0.00,20.00,No,0.00
831,06/14/2026,46364084011205,Sales,1,1.00,0.00,1.00,No,0.00
833,06/14/2026,46364084011205,Sales,1,4.00,0.00,4.00,No,0.00
832,06/14/2026,46364084011205,Sales,1,2.00,0.00,2.00,No,0.00
830,06/14/2026,46364082962629,Mem Renewal MM,1,35.00,0.00,35.00,No,0.00
829,06/14/2026,46364085125317,Exhibits,1,20.00,0.00,20.00,No,0.00
828,06/14/2026,46364083617989,Annual Giving MM,1,30.00,0.00,30.00,No,0.00
827,06/14/2026,46364082962629,Mem Renewal MM,1,35.00,0.00,35.00,No,0.00
826,06/14/2026,46364083617989,Annual Giving MM,1,20.00,0.00,20.00,No,0.00
824,06/14/2026,46364083617989,Annual Giving MM,1,25.00,0.00,25.00,No,0.00
825,06/14/2026,46364082962629,Mem Renewal MM,1,35.00,0.00,35.00,No,0.00
820,06/14/2026,46364083617989,Annual Giving MM,1,30.00,0.00,30.00,No,0.00
822,06/14/2026,46364083617989,Annual Giving MM,1,30.00,0.00,30.00,No,0.00
821,06/14/2026,46364082798789,General MM,1,30.00,0.00,30.00,No,0.00
823,06/14/2026,46364083486917,Annual Giving MM,1,50.00,0.00,50.00,No,0.00
819,06/14/2026,46364082831557,Mem Renewal MM,1,50.00,0.00,50.00,No,0.00
818,06/14/2026,46364083617989,Annual Giving MM,1,30.00,0.00,30.00,No,0.00
817,06/14/2026,46364084011205,Sales,1,26.00,0.00,26.00,No,0.00
816,06/14/2026,46364082962629,Mem Renewal MM,1,35.00,0.00,35.00,No,0.00
815,06/14/2026,46364083617989,Annual Giving MM,1,40.00,0.00,40.00,No,0.00
814,06/14/2026,46364082831557,Mem Renewal MM,1,50.00,0.00,50.00,No,0.00
813,06/14/2026,46364082962629,Mem Renewal MM,1,20.00,0.00,20.00,No,0.00
812,06/14/2026,46364082634949,Capital Campaign,1,125.00,0.00,125.00,No,0.00
811,06/14/2026,46364082831557,Mem Renewal MM,1,50.00,0.00,50.00,No,0.00
810,06/14/2026,46364082962629,Mem Renewal MM,1,20.00,0.00,20.00,No,0.00
809,06/14/2026,46364082962629,Mem Renewal MM,1,20.00,0.00,20.00,No,0.00
808,06/14/2026,46364082962629,Mem Renewal MM,1,20.00,0.00,20.00,No,0.00
807,06/14/2026,46364082962629,Mem Renewal MM,1,20.00,0.00,20.00,No,0.00
806,06/14/2026,46364082962629,Mem Renewal MM,1,20.00,0.00,20.00,No,0.00
805,06/14/2026,46364082798789,General MM,1,10.00,0.00,10.00,No,0.00
803,06/14/2026,46364082962629,Mem Renewal MM,1,20.00,0.00,20.00,No,0.00
804,06/14/2026,46364082962629,Mem Renewal MM,1,20.00,0.00,20.00,No,0.00
801,06/14/2026,46364083192005,General Op. Fund,1,100.00,0.00,100.00,No,0.00
802,06/14/2026,46364083192005,General Op. Fund,1,100.00,0.00,100.00,No,0.00
800,06/14/2026,46364082864325,Mem Renewal MM,1,100.00,0.00,100.00,No,0.00
799,06/14/2026,46364082864325,Mem Renewal MM,1,100.00,0.00,100.00,No,0.00
798,06/14/2026,46364083126469,Annual Appeal 99,1,200.00,0.00,200.00,No,0.00
790,06/14/2026,46364082634949,Capital Campaign,1,875.00,0.00,875.00,No,0.00
789,06/14/2026,46364082962629,Mem Renewal MM,1,35.00,0.00,35.00,No,0.00
787,06/14/2026,46364082700485,General MM,1,100.00,0.00,100.00,No,0.00
788,06/14/2026,46364083617989,Annual Giving MM,1,30.00,0.00,30.00,No,0.00
786,06/14/2026,46364082831557,Mem Renewal MM,1,50.00,0.00,50.00,No,0.00
785,06/14/2026,46364082831557,Mem Renewal MM,1,50.00,0.00,50.00,No,0.00
784,06/14/2026,46364083617989,Annual Giving MM,1,30.00,0.00,30.00,No,0.00
783,06/14/2026,46364082634949,Capital Campaign,1,125.00,0.00,125.00,No,0.00
782,06/14/2026,46364082634949,Capital Campaign,1,125.00,0.00,125.00,No,0.00
781,06/14/2026,46364083192005,General Op. Fund,1,100.00,0.00,100.00,No,0.00
780,06/14/2026,46364082700485,General MM,1,100.00,0.00,100.00,No,0.00
779,06/14/2026,46364082667717,General MM,1,50.00,0.00,50.00,No,0.00
778,06/14/2026,46364082962629,Mem Renewal MM,1,20.00,0.00,20.00,No,0.00
777,06/14/2026,46364082962629,Mem Renewal MM,1,20.00,0.00,20.00,No,0.00
776,06/14/2026,46364082962629,Mem Renewal MM,1,20.00,0.00,20.00,No,0.00
775,06/14/2026,46364082962629,Mem Renewal MM,1,20.00,0.00,20.00,No,0.00
774,06/14/2026,46364082962629,Mem Renewal MM,1,20.00,0.00,20.00,No,0.00
773,06/14/2026,46364082798789,General MM,1,10.00,0.00,10.00,No,0.00
771,06/14/2026,46364082962629,Mem Renewal MM,1,20.00,0.00,20.00,No,0.00
772,06/14/2026,46364082798789,General MM,1,10.00,0.00,10.00,No,0.00
231688,06/14/2026,46364037873861,Annual Appeal,1,1500.00,0.00,1500.00,No,0.00
227006,06/14/2026,46363848147141,Membership,1,40.00,0.00,40.00,No,0.00
219817,06/14/2026,46364037873861,Annual Appeal,1,1000.00,0.00,1000.00,No,0.00
192176,06/14/2026,46363848147141,Membership,1,40.00,0.00,40.00,No,0.00
215576,06/14/2026,46363848147141,Membership,1,40.00,0.00,40.00,No,0.00
205927,06/14/2026,46364037873861,Annual Appeal,1,1000.00,0.00,1000.00,No,0.00
202958,06/14/2026,46363848147141,Membership,1,40.00,0.00,40.00,No,0.00
196956,06/14/2026,46364037873861,Annual Appeal,1,1200.00,0.00,1200.00,No,0.00
185678,06/14/2026,46364037873861,Annual Appeal,1,1000.00,0.00,1000.00,No,0.00
161771,06/14/2026,,Fall Tour 2022 - Final Payment,1,1025.00,0.00,1025.00,No,0.00
181845,06/14/2026,46363848147141,Membership,1,40.00,0.00,40.00,No,0.00
174568,06/14/2026,46364037873861,Annual Appeal,1,1000.00,0.00,1000.00,No,0.00
171718,06/14/2026,46363848147141,Membership,1,40.00,0.00,40.00,No,0.00
165461,06/14/2026,46364037841093,Annual Appeal,1,500.00,0.00,500.00,No,0.00
156927,06/14/2026,BOOK-400-000,Life at 400 Beacon Street by Heather Vogel Frederick,1,36.00,0.00,36.00,No,2.25
158372,06/14/2026,BOOK-400-000,Life at 400 Beacon Street by Heather Vogel Frederick,1,36.00,0.00,36.00,No,0.00
156926,06/14/2026,BOOK-400-000,Life at 400 Beacon Street by Heather Vogel Frederick,1,36.00,0.00,36.00,No,2.25
158371,06/14/2026,BOOK-400-000,Life at 400 Beacon Street by Heather Vogel Frederick,1,36.00,0.00,36.00,No,0.00
152724,06/14/2026,,Fall Tour 2022 Deposit,1,200.00,0.00,200.00,No,0.00
161682,06/14/2026,46363848147141,Membership,1,40.00,0.00,40.00,No,0.00
152759,06/14/2026,PREORDER-BOOK-400-000,*Pre-Order Life at 400 Beacon Street by Heather Vogel Frederick (Coming soon!),1,36.00,0.00,36.00,No,2.25
152757,06/14/2026,PREORDER-BOOK-400-000,*Pre-Order Life at 400 Beacon Street by Heather Vogel Frederick (Coming soon!),1,36.00,0.00,36.00,No,2.25
154075,06/14/2026,46364037841093,Annual Appeal,1,500.00,0.00,500.00,No,0.00
152758,06/14/2026,PREORDER-BOOK-400-000,*Pre-Order Life at 400 Beacon Street by Heather Vogel Frederick (Coming soon!),1,36.00,0.00,36.00,No,2.25
754,06/14/2026,46364083159237,General Op. Fund,1,50.00,0.00,50.00,No,0.00
770,06/14/2026,46364037841093,Annual Appeal,1,500.00,0.00,500.00,No,0.00
151299,06/14/2026,46363848147141,Membership,1,35.00,0.00,35.00,No,0.00
769,06/14/2026,46363848147141,Membership,1,35.00,0.00,35.00,No,0.00
768,06/14/2026,46364037841093,Annual Appeal,1,500.00,0.00,500.00,No,0.00
767,06/14/2026,46363848147141,Membership,1,35.00,0.00,35.00,No,0.00
766,06/14/2026,46364037873861,Annual Appeal,1,400.00,0.00,400.00,No,0.00
762,06/14/2026,46364037546181,Historic House Appeal,1,300.00,0.00,300.00,No,0.00
765,06/14/2026,46363848147141,Membership,1,35.00,0.00,35.00,No,0.00
764,06/14/2026,46364037873861,Annual Appeal,1,300.00,0.00,300.00,No,0.00
763,06/14/2026,46364083290309,General Op. Fund,1,35.00,0.00,35.00,No,0.00
761,06/14/2026,46364083290309,General Op. Fund,1,215.00,0.00,215.00,No,0.00
760,06/14/2026,46364083290309,General Op. Fund,1,35.00,0.00,35.00,No,0.00
759,06/14/2026,46364083290309,General Op. Fund,1,115.00,0.00,115.00,No,0.00
758,06/14/2026,46364083290309,General Op. Fund,1,35.00,0.00,35.00,No,0.00
757,06/14/2026,46364083159237,General Op. Fund,1,50.00,0.00,50.00,No,0.00
756,06/14/2026,46364083159237,General Op. Fund,1,50.00,0.00,50.00,No,0.00
755,06/14/2026,46364083159237,General Op. Fund,1,50.00,0.00,50.00,No,0.00
752,06/14/2026,46364083159237,General Op. Fund,1,50.00,0.00,50.00,No,0.00
753,06/14/2026,46364083159237,General Op. Fund,1,50.00,0.00,50.00,No,0.00
751,06/14/2026,46364083192005,General Op. Fund,1,100.00,0.00,100.00,No,0.00
750,06/14/2026,46364083224773,General Op. Fund,1,250.00,0.00,250.00,No,0.00
749,06/14/2026,46364083290309,General Op. Fund,1,25.00,0.00,25.00,No,0.00
748,06/14/2026,46364083290309,General Op. Fund,1,25.00,0.00,25.00,No,0.00
747,06/14/2026,46364083290309,General Op. Fund,1,25.00,0.00,25.00,No,0.00
746,06/14/2026,46364083290309,General Op. Fund,1,25.00,0.00,25.00,No,0.00
745,06/14/2026,46364083290309,General Op. Fund,1,25.00,0.00,25.00,No,0.00
744,06/14/2026,46364083290309,General Op. Fund,1,25.00,0.00,25.00,No,0.00
709,06/14/2026,46364082962629,Mem Renewal MM,1,20.00,0.00,20.00,No,0.00
743,06/14/2026,46364082962629,Mem Renewal MM,1,25.00,0.00,25.00,No,0.00
742,06/14/2026,46364082962629,Mem Renewal MM,1,25.00,0.00,25.00,No,0.00
741,06/14/2026,46364082962629,Mem Renewal MM,1,25.00,0.00,25.00,No,0.00
740,06/14/2026,46364082962629,Mem Renewal MM,1,25.00,0.00,25.00,No,0.00
739,06/14/2026,46364082962629,Mem Renewal MM,1,20.00,0.00,20.00,No,0.00
738,06/14/2026,46364082962629,Mem Renewal MM,1,20.00,0.00,20.00,No,0.00
737,06/14/2026,46364082962629,Mem Renewal MM,1,20.00,0.00,20.00,No,0.00
736,06/14/2026,46364082962629,Mem Renewal MM,1,20.00,0.00,20.00,No,0.00
735,06/14/2026,46364082962629,Mem Renewal MM,1,20.00,0.00,20.00,No,0.00
734,06/14/2026,46364082962629,Mem Renewal MM,1,20.00,0.00,20.00,No,0.00
733,06/14/2026,46364082962629,Mem Renewal MM,1,25.00,0.00,25.00,No,0.00
731,06/14/2026,46363848147141,Membership,1,35.00,0.00,35.00,No,0.00
732,06/14/2026,46364082962629,Mem Renewal MM,1,20.00,0.00,20.00,No,0.00
730,06/14/2026,46363848147141,Membership,1,35.00,0.00,35.00,No,0.00
729,06/14/2026,46363848147141,Membership,1,35.00,0.00,35.00,No,0.00
728,06/14/2026,46364083290309,General Op. Fund,1,35.00,0.00,35.00,No,0.00
727,06/14/2026,46364083290309,General Op. Fund,1,35.00,0.00,35.00,No,0.00
726,06/14/2026,46364083290309,General Op. Fund,1,25.00,0.00,25.00,No,0.00
725,06/14/2026,46364083290309,General Op. Fund,1,25.00,0.00,25.00,No,0.00
724,06/14/2026,46364083290309,General Op. Fund,1,25.00,0.00,25.00,No,0.00
723,06/14/2026,46364083290309,General Op. Fund,1,25.00,0.00,25.00,No,0.00
722,06/14/2026,46364083290309,General Op. Fund,1,25.00,0.00,25.00,No,0.00
721,06/14/2026,46364083290309,General Op. Fund,1,25.00,0.00,25.00,No,0.00
720,06/14/2026,46364083716293,Capital Fund,1,100.00,0.00,100.00,No,0.00
718,06/14/2026,46364083290309,General Op. Fund,1,25.00,0.00,25.00,No,0.00
719,06/14/2026,46364083290309,General Op. Fund,1,25.00,0.00,25.00,No,0.00
717,06/14/2026,46364083290309,General Op. Fund,1,25.00,0.00,25.00,No,0.00
716,06/14/2026,46364083290309,General Op. Fund,1,25.00,0.00,25.00,No,0.00
715,06/14/2026,46364083290309,General Op. Fund,1,25.00,0.00,25.00,No,0.00
713,06/14/2026,46364082962629,Mem Renewal MM,1,25.00,0.00,25.00,No,0.00
712,06/14/2026,46364082962629,Mem Renewal MM,1,25.00,0.00,25.00,No,0.00
714,06/14/2026,46364082962629,Mem Renewal MM,1,25.00,0.00,25.00,No,0.00
711,06/14/2026,46364082962629,Mem Renewal MM,1,25.00,0.00,25.00,No,0.00
710,06/14/2026,46364082962629,Mem Renewal MM,1,20.00,0.00,20.00,No,0.00
708,06/14/2026,46364082962629,Mem Renewal MM,1,20.00,0.00,20.00,No,0.00
707,06/14/2026,46364082962629,Mem Renewal MM,1,20.00,0.00,20.00,No,0.00
706,06/14/2026,46364082962629,Mem Renewal MM,1,20.00,0.00,20.00,No,0.00
705,06/14/2026,46364082962629,Mem Renewal MM,1,20.00,0.00,20.00,No,0.00
704,06/14/2026,46364082962629,Mem Renewal MM,1,20.00,0.00,20.00,No,0.00
703,06/14/2026,46364082962629,Mem Renewal MM,1,20.00,0.00,20.00,No,0.00
702,06/14/2026,46364083814597,Capital Fund,1,1000.00,0.00,1000.00,No,0.00
700,06/14/2026,46364083290309,General Op. Fund,1,1000.00,0.00,1000.00,No,0.00
701,06/14/2026,46364083290309,General Op. Fund,1,1000.00,0.00,1000.00,No,0.00
699,06/14/2026,46364083814597,Capital Fund,1,1000.00,0.00,1000.00,No,0.00
697,06/14/2026,46364083290309,General Op. Fund,1,1000.00,0.00,1000.00,No,0.00
698,06/14/2026,46364083290309,General Op. Fund,1,1000.00,0.00,1000.00,No,0.00
696,06/14/2026,46364083126469,Annual Appeal 99,1,1000.00,0.00,1000.00,No,0.00
695,06/14/2026,46364082864325,Mem Renewal MM,1,100.00,0.00,100.00,No,0.00
694,06/14/2026,46364082536645,Capital Campaign,1,100.00,0.00,100.00,No,0.00
691,06/14/2026,46364083617989,Annual Giving MM,1,1000.00,0.00,1000.00,No,0.00
692,06/14/2026,46364084011205,Sales,1,5.00,0.00,5.00,No,0.00
693,06/14/2026,46364084011205,Sales,1,24.00,0.00,24.00,No,0.00
690,06/14/2026,46364082897093,Mem Renewal MM,1,250.00,0.00,250.00,No,0.00
689,06/14/2026,46364082864325,Mem Renewal MM,1,100.00,0.00,100.00,No,0.00
687,06/14/2026,46364082831557,Mem Renewal MM,1,50.00,0.00,50.00,No,0.00
688,06/14/2026,46364082864325,Mem Renewal MM,1,100.00,0.00,100.00,No,0.00
680,06/14/2026,46364082864325,Mem Renewal MM,1,100.00,0.00,100.00,No,0.00
686,06/14/2026,46364082667717,General MM,1,50.00,0.00,50.00,No,0.00
683,06/14/2026,46364082864325,Mem Renewal MM,1,100.00,0.00,100.00,No,0.00
681,06/14/2026,46364082667717,General MM,1,50.00,0.00,50.00,No,0.00
685,06/14/2026,46364082831557,Mem Renewal MM,1,50.00,0.00,50.00,No,0.00
682,06/14/2026,46364082864325,Mem Renewal MM,1,100.00,0.00,100.00,No,0.00
679,06/14/2026,46364082536645,Capital Campaign,1,100.00,0.00,100.00,No,0.00
684,06/14/2026,46364082864325,Mem Renewal MM,1,100.00,0.00,100.00,No,0.00
220003,06/14/2026,JEWEL-100-992,Sterling Silver Box Chain Necklaces,1,26.00,0.00,26.00,No,0.00
220003,06/14/2026,JEWEL-100-916,Cross and Crown Pendants - Melissa Shipley,1,60.00,0.00,60.00,No,0.00
220003,06/14/2026,46364019228869,Longyear Fund,1,250.00,0.00,250.00,No,0.00
218479,06/14/2026,JEWEL-100-916,Cross and Crown Pendants - Melissa Shipley,1,290.00,0.00,290.00,No,0.00
678,06/14/2026,46364082831557,Mem Renewal MM,1,50.00,0.00,50.00,No,0.00
228915,06/14/2026,46364040069317,Ongoing Fundraising,1,500.00,0.00,500.00,No,0.00
677,06/14/2026,46364082536645,Capital Campaign,1,100.00,0.00,100.00,No,0.00
207992,06/14/2026,46364040003781,Ongoing Fundraising,1,100.00,0.00,100.00,No,0.00
196561,06/14/2026,46364040102085,Ongoing Fundraising,1,200.00,0.00,200.00,No,0.00
175533,06/14/2026,46363848179909,Membership,1,75.00,0.00,75.00,No,0.00
175533,06/14/2026,46363848179909,Membership,1,150.00,0.00,150.00,No,0.00
186233,06/14/2026,46364037808325,Annual Appeal,1,250.00,0.00,250.00,No,0.00
166083,06/14/2026,46363848179909,Membership,1,75.00,0.00,75.00,No,0.00
166083,06/14/2026,46364040102085,Ongoing Fundraising,1,125.00,0.00,125.00,No,0.00
154559,06/14/2026,46363848179909,Membership,1,65.00,0.00,65.00,No,0.00
154559,06/14/2026,46364040102085,Ongoing Fundraising,1,35.00,0.00,35.00,No,0.00
146005,06/14/2026,46363848179909,Membership,1,65.00,0.00,65.00,No,0.00
146005,06/14/2026,46363848179909,Membership,1,35.00,0.00,35.00,No,0.00
145733,06/14/2026,46363848179909,Membership,1,65.00,0.00,65.00,No,0.00
145733,06/14/2026,46363848179909,Membership,1,35.00,0.00,35.00,No,0.00
676,06/14/2026,46363848179909,Membership,1,35.00,0.00,35.00,No,0.00
675,06/14/2026,46363848179909,Membership,1,65.00,0.00,65.00,No,0.00
673,06/14/2026,46364040102085,Ongoing Fundraising,1,200.00,0.00,200.00,No,0.00
671,06/14/2026,46364040102085,Ongoing Fundraising,1,200.00,0.00,200.00,No,0.00
666,06/14/2026,46364083290309,General Op. Fund,1,185.00,0.00,185.00,No,0.00
665,06/14/2026,46364083290309,General Op. Fund,1,65.00,0.00,65.00,No,0.00
664,06/14/2026,46364083192005,General Op. Fund,1,100.00,0.00,100.00,No,0.00
663,06/14/2026,46364083159237,General Op. Fund,1,50.00,0.00,50.00,No,0.00
662,06/14/2026,46364083814597,Capital Fund,1,150.00,0.00,150.00,No,0.00
660,06/14/2026,46364083192005,General Op. Fund,1,100.00,0.00,100.00,No,0.00
659,06/14/2026,46364083683525,Capital Fund,1,50.00,0.00,50.00,No,0.00
658,06/14/2026,46364083159237,General Op. Fund,1,50.00,0.00,50.00,No,0.00
656,06/14/2026,46364082634949,Capital Campaign,1,150.00,0.00,150.00,No,0.00
655,06/14/2026,46364083617989,Annual Giving MM,1,15.00,0.00,15.00,No,0.00
654,06/14/2026,46364083617989,Annual Giving MM,1,15.00,0.00,15.00,No,0.00
653,06/14/2026,46364082962629,Mem Renewal MM,1,20.00,0.00,20.00,No,0.00
652,06/14/2026,46364082962629,Mem Renewal MM,1,20.00,0.00,20.00,No,0.00
651,06/14/2026,46364083617989,Annual Giving MM,1,15.00,0.00,15.00,No,0.00
650,06/14/2026,46364082798789,General MM,1,10.00,0.00,10.00,No,0.00
649,06/14/2026,46364082962629,Mem Renewal MM,1,20.00,0.00,20.00,No,0.00
648,06/14/2026,46364083617989,Annual Giving MM,1,15.00,0.00,15.00,No,0.00
646,06/14/2026,46364082962629,Mem Renewal MM,1,25.00,0.00,25.00,No,0.00
645,06/14/2026,46364082962629,Mem Renewal MM,1,25.00,0.00,25.00,No,0.00
647,06/14/2026,46364082962629,Mem Renewal MM,1,25.00,0.00,25.00,No,0.00
644,06/14/2026,46364082503877,Capital Campaign,1,50.00,0.00,50.00,No,0.00
643,06/14/2026,46364082962629,Mem Renewal MM,1,20.00,0.00,20.00,No,0.00
642,06/14/2026,46364085125317,Exhibits,1,10.00,0.00,10.00,No,0.00
641,06/14/2026,46364082962629,Mem Renewal MM,1,20.00,0.00,20.00,No,0.00
640,06/14/2026,46364082962629,Mem Renewal MM,1,20.00,0.00,20.00,No,0.00
639,06/14/2026,46364082962629,Mem Renewal MM,1,20.00,0.00,20.00,No,0.00
638,06/14/2026,46364082798789,General MM,1,20.00,0.00,20.00,No,0.00
637,06/14/2026,46364082962629,Mem Renewal MM,1,20.00,0.00,20.00,No,0.00
636,06/14/2026,46364082962629,Mem Renewal MM,1,20.00,0.00,20.00,No,0.00
635,06/14/2026,46364082962629,Mem Renewal MM,1,25.00,0.00,25.00,No,0.00
634,06/14/2026,46364083617989,Annual Giving MM,1,25.00,0.00,25.00,No,0.00
633,06/14/2026,46364082962629,Mem Renewal MM,1,20.00,0.00,20.00,No,0.00
632,06/14/2026,46364082962629,Mem Renewal MM,1,20.00,0.00,20.00,No,0.00
631,06/14/2026,46364082962629,Mem Renewal MM,1,20.00,0.00,20.00,No,0.00
630,06/14/2026,46364082962629,Mem Renewal MM,1,20.00,0.00,20.00,No,0.00
629,06/14/2026,46364082798789,General MM,1,25.00,0.00,25.00,No,0.00
628,06/14/2026,46364082962629,Mem Renewal MM,1,35.00,0.00,35.00,No,0.00
627,06/14/2026,46364082667717,General MM,1,50.00,0.00,50.00,No,0.00
626,06/14/2026,46364083486917,Annual Giving MM,1,50.00,0.00,50.00,No,0.00
625,06/14/2026,46364084994245,Exhibits,1,50.00,0.00,50.00,No,0.00
623,06/14/2026,46364083290309,General Op. Fund,1,200.00,0.00,200.00,No,0.00
624,06/14/2026,46364083290309,General Op. Fund,1,75000.00,0.00,75000.00,No,0.00
622,06/14/2026,46364083290309,General Op. Fund,1,200.00,0.00,200.00,No,0.00
621,06/14/2026,46364083290309,General Op. Fund,1,300.00,0.00,300.00,No,0.00
620,06/14/2026,46364083290309,General Op. Fund,1,175.00,0.00,175.00,No,0.00
619,06/14/2026,46364083290309,General Op. Fund,1,25.00,0.00,25.00,No,0.00
618,06/14/2026,46364083716293,Capital Fund,1,100.00,0.00,100.00,No,0.00
617,06/14/2026,46364083290309,General Op. Fund,1,150.00,0.00,150.00,No,0.00
616,06/14/2026,46364082798789,General MM,1,175.00,0.00,175.00,No,0.00
615,06/14/2026,46364082962629,Mem Renewal MM,1,25.00,0.00,25.00,No,0.00
614,06/14/2026,46364082962629,Mem Renewal MM,1,25.00,0.00,25.00,No,0.00
613,06/14/2026,46364082634949,Capital Campaign,1,300.00,0.00,300.00,No,0.00
612,06/14/2026,46364082962629,Mem Renewal MM,1,25.00,0.00,25.00,No,0.00
611,06/14/2026,46364082569413,Capital Campaign,1,250.00,0.00,250.00,No,0.00
610,06/14/2026,46364082962629,Mem Renewal MM,1,35.00,0.00,35.00,No,0.00
609,06/14/2026,46364082798789,General MM,1,180.00,0.00,180.00,No,0.00
607,06/14/2026,46364082798789,General MM,1,200.00,0.00,200.00,No,0.00
608,06/14/2026,46364082962629,Mem Renewal MM,1,20.00,0.00,20.00,No,0.00
606,06/14/2026,46364082831557,Mem Renewal MM,1,50.00,0.00,50.00,No,0.00
605,06/14/2026,46364083617989,Annual Giving MM,1,74.00,0.00,74.00,No,0.00
604,06/14/2026,46364082798789,General MM,1,25.00,0.00,25.00,No,0.00
603,06/14/2026,46364082831557,Mem Renewal MM,1,50.00,0.00,50.00,No,0.00
602,06/14/2026,46364082831557,Mem Renewal MM,1,50.00,0.00,50.00,No,0.00
601,06/14/2026,46364083617989,Annual Giving MM,1,25.00,0.00,25.00,No,0.00
600,06/14/2026,46364082962629,Mem Renewal MM,1,20.00,0.00,20.00,No,0.00
599,06/14/2026,46364082962629,Mem Renewal MM,1,35.00,0.00,35.00,No,0.00
598,06/14/2026,46364082798789,General MM,1,10.00,0.00,10.00,No,0.00
597,06/14/2026,46364082831557,Mem Renewal MM,1,50.00,0.00,50.00,No,0.00
596,06/14/2026,46364082831557,Mem Renewal MM,1,50.00,0.00,50.00,No,0.00
594,06/14/2026,46364083519685,Annual Giving MM,1,100.00,0.00,100.00,No,0.00
595,06/14/2026,46364082503877,Capital Campaign,1,50.00,0.00,50.00,No,0.00
593,06/14/2026,46364082962629,Mem Renewal MM,1,20.00,0.00,20.00,No,0.00
592,06/14/2026,46364083290309,General Op. Fund,1,12.50,0.00,12.50,No,0.00
591,06/14/2026,46364082962629,Mem Renewal MM,1,25.00,0.00,25.00,No,0.00
590,06/14/2026,46364082962629,Mem Renewal MM,1,25.00,0.00,25.00,No,0.00
589,06/14/2026,46364082962629,Mem Renewal MM,1,25.00,0.00,25.00,No,0.00
588,06/14/2026,46364083617989,Annual Giving MM,1,25.00,0.00,25.00,No,0.00
587,06/14/2026,46364082798789,General MM,1,20.00,0.00,20.00,No,0.00
586,06/14/2026,46364083617989,Annual Giving MM,1,25.00,0.00,25.00,No,0.00
583,06/14/2026,46364083290309,General Op. Fund,1,35.00,0.00,35.00,No,0.00
585,06/14/2026,46364083159237,General Op. Fund,1,50.00,0.00,50.00,No,0.00
584,06/14/2026,46364083159237,General Op. Fund,1,50.00,0.00,50.00,No,0.00
582,06/14/2026,46364083159237,General Op. Fund,1,50.00,0.00,50.00,No,0.00
581,06/14/2026,46364083814597,Capital Fund,1,150.00,0.00,150.00,No,0.00
580,06/14/2026,46364083290309,General Op. Fund,1,40.00,0.00,40.00,No,0.00
579,06/14/2026,46364083290309,General Op. Fund,1,35.00,0.00,35.00,No,0.00
578,06/14/2026,46364083290309,General Op. Fund,1,25.00,0.00,25.00,No,0.00
577,06/14/2026,46364083290309,General Op. Fund,1,40.00,0.00,40.00,No,0.00
576,06/14/2026,46364083290309,General Op. Fund,1,25.00,0.00,25.00,No,0.00
575,06/14/2026,46364083290309,General Op. Fund,1,40.00,0.00,40.00,No,0.00
574,06/14/2026,46364083290309,General Op. Fund,1,25.00,0.00,25.00,No,0.00
573,06/14/2026,46364083290309,General Op. Fund,1,40.00,0.00,40.00,No,0.00
572,06/14/2026,46364083290309,General Op. Fund,1,35.00,0.00,35.00,No,0.00
571,06/14/2026,46364083290309,General Op. Fund,1,40.00,0.00,40.00,No,0.00
570,06/14/2026,46364083814597,Capital Fund,1,120.00,0.00,120.00,No,0.00
569,06/14/2026,46364082962629,Mem Renewal MM,1,40.00,0.00,40.00,No,0.00
568,06/14/2026,46364082962629,Mem Renewal MM,1,25.00,0.00,25.00,No,0.00
567,06/14/2026,46364082962629,Mem Renewal MM,1,25.00,0.00,25.00,No,0.00
566,06/14/2026,46364082962629,Mem Renewal MM,1,25.00,0.00,25.00,No,0.00
565,06/14/2026,46364082962629,Mem Renewal MM,1,25.00,0.00,25.00,No,0.00
564,06/14/2026,46364082962629,Mem Renewal MM,1,20.00,0.00,20.00,No,0.00
563,06/14/2026,46364082962629,Mem Renewal MM,1,20.00,0.00,20.00,No,0.00
562,06/14/2026,46364082962629,Mem Renewal MM,1,20.00,0.00,20.00,No,0.00
560,06/14/2026,46364082962629,Mem Renewal MM,1,20.00,0.00,20.00,No,0.00
561,06/14/2026,46364082962629,Mem Renewal MM,1,20.00,0.00,20.00,No,0.00
559,06/14/2026,46364082962629,Mem Renewal MM,1,20.00,0.00,20.00,No,0.00
557,06/14/2026,46364083617989,Annual Giving MM,1,35.00,0.00,35.00,No,0.00
556,06/14/2026,46364083159237,General Op. Fund,1,50.00,0.00,50.00,No,0.00
558,06/14/2026,46364082962629,Mem Renewal MM,1,20.00,0.00,20.00,No,0.00
555,06/14/2026,46364083290309,General Op. Fund,1,25.00,0.00,25.00,No,0.00
554,06/14/2026,46364083290309,General Op. Fund,1,25.00,0.00,25.00,No,0.00
553,06/14/2026,46364083716293,Capital Fund,1,100.00,0.00,100.00,No,0.00
552,06/14/2026,46364082962629,Mem Renewal MM,1,25.00,0.00,25.00,No,0.00
551,06/14/2026,46364082831557,Mem Renewal MM,1,50.00,0.00,50.00,No,0.00
550,06/14/2026,46364082962629,Mem Renewal MM,1,25.00,0.00,25.00,No,0.00
549,06/14/2026,46364082634949,Capital Campaign,1,125.00,0.00,125.00,No,0.00
548,06/14/2026,46364082962629,Mem Renewal MM,1,25.00,0.00,25.00,No,0.00
547,06/14/2026,46364082634949,Capital Campaign,1,25.00,0.00,25.00,No,0.00
546,06/14/2026,46364083617989,Annual Giving MM,1,15.00,0.00,15.00,No,0.00
545,06/14/2026,46364083617989,Annual Giving MM,1,30.00,0.00,30.00,No,0.00
542,06/14/2026,46364082798789,General MM,1,20.00,0.00,20.00,No,0.00
541,06/14/2026,46364082962629,Mem Renewal MM,1,20.00,0.00,20.00,No,0.00
540,06/14/2026,46364082962629,Mem Renewal MM,1,20.00,0.00,20.00,No,0.00
539,06/14/2026,46364082962629,Mem Renewal MM,1,20.00,0.00,20.00,No,0.00
538,06/14/2026,46364082798789,General MM,1,5.00,0.00,5.00,No,0.00
537,06/14/2026,46364082962629,Mem Renewal MM,1,20.00,0.00,20.00,No,0.00
536,06/14/2026,46364082962629,Mem Renewal MM,1,25.00,0.00,25.00,No,0.00
535,06/14/2026,46364082962629,Mem Renewal MM,1,25.00,0.00,25.00,No,0.00
534,06/14/2026,46364083617989,Annual Giving MM,1,15.00,0.00,15.00,No,0.00
533,06/14/2026,46364085125317,Exhibits,1,10.00,0.00,10.00,No,0.00
532,06/14/2026,46364083617989,Annual Giving MM,1,15.00,0.00,15.00,No,0.00
531,06/14/2026,46364082962629,Mem Renewal MM,1,20.00,0.00,20.00,No,0.00
530,06/14/2026,46364082962629,Mem Renewal MM,1,20.00,0.00,20.00,No,0.00
529,06/14/2026,46364083617989,Annual Giving MM,1,10.00,0.00,10.00,No,0.00
528,06/14/2026,46364082962629,Mem Renewal MM,1,20.00,0.00,20.00,No,0.00
527,06/14/2026,46364082962629,Mem Renewal MM,1,20.00,0.00,20.00,No,0.00
526,06/14/2026,46364082962629,Mem Renewal MM,1,20.00,0.00,20.00,No,0.00
525,06/14/2026,46364082962629,Mem Renewal MM,1,20.00,0.00,20.00,No,0.00
524,06/14/2026,46364082962629,Mem Renewal MM,1,20.00,0.00,20.00,No,0.00
523,06/14/2026,46364083159237,General Op. Fund,1,50.00,0.00,50.00,No,0.00
522,06/14/2026,46364083126469,Annual Appeal 99,1,20.00,0.00,20.00,No,0.00
521,06/14/2026,46364083454149,Events,1,7.00,0.00,7.00,No,0.00
520,06/14/2026,46364083290309,General Op. Fund,1,25.00,0.00,25.00,No,0.00
519,06/14/2026,46364083290309,General Op. Fund,1,25.00,0.00,25.00,No,0.00
518,06/14/2026,46364083290309,General Op. Fund,1,25.00,0.00,25.00,No,0.00
517,06/14/2026,46364083290309,General Op. Fund,1,25.00,0.00,25.00,No,0.00
516,06/14/2026,46364083683525,Capital Fund,1,50.00,0.00,50.00,No,0.00
515,06/14/2026,46364083290309,General Op. Fund,1,25.00,0.00,25.00,No,0.00
514,06/14/2026,46364083290309,General Op. Fund,1,25.00,0.00,25.00,No,0.00
513,06/14/2026,46364083290309,General Op. Fund,1,25.00,0.00,25.00,No,0.00
512,06/14/2026,46364083290309,General Op. Fund,1,25.00,0.00,25.00,No,0.00
511,06/14/2026,46364082962629,Mem Renewal MM,1,25.00,0.00,25.00,No,0.00
510,06/14/2026,46364082962629,Mem Renewal MM,1,25.00,0.00,25.00,No,0.00
507,06/14/2026,46364082634949,Capital Campaign,1,450.00,0.00,450.00,No,0.00
506,06/14/2026,46364082962629,Mem Renewal MM,1,40.00,0.00,40.00,No,0.00
505,06/14/2026,46364082962629,Mem Renewal MM,1,40.00,0.00,40.00,No,0.00
504,06/14/2026,46364082962629,Mem Renewal MM,1,40.00,0.00,40.00,No,0.00
503,06/14/2026,46364082962629,Mem Renewal MM,1,35.00,0.00,35.00,No,0.00
501,06/14/2026,46364082962629,Mem Renewal MM,1,35.00,0.00,35.00,No,0.00
500,06/14/2026,46364082962629,Mem Renewal MM,1,35.00,0.00,35.00,No,0.00
498,06/14/2026,46364084011205,Sales,1,14.00,0.00,14.00,No,0.00
502,06/14/2026,46364082962629,Mem Renewal MM,1,35.00,0.00,35.00,No,0.00
499,06/14/2026,46364082962629,Mem Renewal MM,1,35.00,0.00,35.00,No,0.00
497,06/14/2026,46364082962629,Mem Renewal MM,1,35.00,0.00,35.00,No,0.00
496,06/14/2026,46364082962629,Mem Renewal MM,1,35.00,0.00,35.00,No,0.00
494,06/14/2026,46364083290309,General Op. Fund,1,10.00,0.00,10.00,No,0.00
491,06/14/2026,46364082962629,Mem Renewal MM,1,20.00,0.00,20.00,No,0.00
492,06/14/2026,46364083617989,Annual Giving MM,1,30.00,0.00,30.00,No,0.00
489,06/14/2026,46364083617989,Annual Giving MM,1,30.00,0.00,30.00,No,0.00
490,06/14/2026,46364082962629,Mem Renewal MM,1,20.00,0.00,20.00,No,0.00
488,06/14/2026,46364082962629,Mem Renewal MM,1,35.00,0.00,35.00,No,0.00
487,06/14/2026,46364083617989,Annual Giving MM,1,20.00,0.00,20.00,No,0.00
486,06/14/2026,46364082962629,Mem Renewal MM,1,20.00,0.00,20.00,No,0.00
485,06/14/2026,46364083617989,Annual Giving MM,1,2.00,0.00,2.00,No,0.00
484,06/14/2026,46364083224773,General Op. Fund,1,250.00,0.00,250.00,No,0.00
482,06/14/2026,46364083192005,General Op. Fund,1,100.00,0.00,100.00,No,0.00
480,06/14/2026,46364083617989,Annual Giving MM,1,30.00,0.00,30.00,No,0.00
481,06/14/2026,46364082962629,Mem Renewal MM,1,20.00,0.00,20.00,No,0.00
479,06/14/2026,46364082962629,Mem Renewal MM,1,25.00,0.00,25.00,No,0.00
478,06/14/2026,46364083290309,General Op. Fund,1,25.00,0.00,25.00,No,0.00
477,06/14/2026,46364083290309,General Op. Fund,1,25.00,0.00,25.00,No,0.00
476,06/14/2026,46364083192005,General Op. Fund,1,100.00,0.00,100.00,No,0.00
475,06/14/2026,46364083290309,General Op. Fund,1,25.00,0.00,25.00,No,0.00
474,06/14/2026,46364083290309,General Op. Fund,1,200.00,0.00,200.00,No,0.00
473,06/14/2026,46364083290309,General Op. Fund,1,25.00,0.00,25.00,No,0.00
472,06/14/2026,46364083290309,General Op. Fund,1,175.00,0.00,175.00,No,0.00
471,06/14/2026,46364083290309,General Op. Fund,1,25.00,0.00,25.00,No,0.00
470,06/14/2026,46364083192005,General Op. Fund,1,100.00,0.00,100.00,No,0.00
469,06/14/2026,46364083192005,General Op. Fund,1,100.00,0.00,100.00,No,0.00
468,06/14/2026,46364083159237,General Op. Fund,1,50.00,0.00,50.00,No,0.00
467,06/14/2026,46364083290309,General Op. Fund,1,25.00,0.00,25.00,No,0.00
466,06/14/2026,46364083192005,General Op. Fund,1,100.00,0.00,100.00,No,0.00
465,06/14/2026,46364083159237,General Op. Fund,1,50.00,0.00,50.00,No,0.00
463,06/14/2026,46364083290309,General Op. Fund,1,10.00,0.00,10.00,No,0.00
464,06/14/2026,46364083192005,General Op. Fund,1,100.00,0.00,100.00,No,0.00
462,06/14/2026,46364082536645,Capital Campaign,1,100.00,0.00,100.00,No,0.00
461,06/14/2026,46364082962629,Mem Renewal MM,1,25.00,0.00,25.00,No,0.00
460,06/14/2026,46364082536645,Capital Campaign,1,100.00,0.00,100.00,No,0.00
459,06/14/2026,46364082536645,Capital Campaign,1,100.00,0.00,100.00,No,0.00
458,06/14/2026,46364082536645,Capital Campaign,1,100.00,0.00,100.00,No,0.00
454,06/14/2026,46364082536645,Capital Campaign,1,100.00,0.00,100.00,No,0.00
452,06/14/2026,46364083716293,Capital Fund,1,100.00,0.00,100.00,No,0.00
450,06/14/2026,46364083290309,General Op. Fund,1,40.00,0.00,40.00,No,0.00
451,06/14/2026,46364083290309,General Op. Fund,1,40.00,0.00,40.00,No,0.00
449,06/14/2026,46364083290309,General Op. Fund,1,40.00,0.00,40.00,No,0.00
447,06/14/2026,46364082962629,Mem Renewal MM,1,40.00,0.00,40.00,No,0.00
446,06/14/2026,46364082962629,Mem Renewal MM,1,40.00,0.00,40.00,No,0.00
448,06/14/2026,46364082962629,Mem Renewal MM,1,40.00,0.00,40.00,No,0.00
445,06/14/2026,46364082962629,Mem Renewal MM,1,40.00,0.00,40.00,No,0.00
444,06/14/2026,46364082962629,Mem Renewal MM,1,20.00,0.00,20.00,No,0.00
443,06/14/2026,46364082962629,Mem Renewal MM,1,20.00,0.00,20.00,No,0.00
187496,06/14/2026,BOOK-500-002,Peter Henniker-Heaton: Man of Joy by Kim M. Schuette,1,28.00,0.00,28.00,No,0.00
442,06/14/2026,46364082962629,Mem Renewal MM,1,20.00,0.00,20.00,No,0.00
441,06/14/2026,46364082962629,Mem Renewal MM,1,40.00,0.00,40.00,No,0.00
165884,06/14/2026,46364018933957,Give Now,1,250.00,0.00,250.00,No,0.00
440,06/14/2026,46364082962629,Mem Renewal MM,1,35.00,0.00,35.00,No,0.00
217925,06/14/2026,46364037873861,Annual Appeal,1,1000.00,0.00,1000.00,No,0.00
204647,06/14/2026,46364037873861,Annual Appeal,1,1000.00,0.00,1000.00,No,0.00
194360,06/14/2026,46364037873861,Annual Appeal,1,1000.00,0.00,1000.00,No,0.00
185170,06/14/2026,46364037873861,Annual Appeal,1,1000.00,0.00,1000.00,No,0.00
175394,06/14/2026,46364037841093,Annual Appeal,1,500.00,0.00,500.00,No,0.00
439,06/14/2026,46364083290309,General Op. Fund,1,1000.00,0.00,1000.00,No,0.00
438,06/14/2026,46364083290309,General Op. Fund,1,65.00,0.00,65.00,No,0.00
437,06/14/2026,46364040069317,Ongoing Fundraising,1,500.00,0.00,500.00,No,0.00
436,06/14/2026,46364083290309,General Op. Fund,1,65.00,0.00,65.00,No,0.00
435,06/14/2026,46364083257541,General Op. Fund,1,500.00,0.00,500.00,No,0.00
434,06/14/2026,46364040102085,Ongoing Fundraising,1,200.00,0.00,200.00,No,0.00
433,06/14/2026,46364083290309,General Op. Fund,1,150.00,0.00,150.00,No,0.00
432,06/14/2026,46364083159237,General Op. Fund,1,50.00,0.00,50.00,No,0.00
431,06/14/2026,46364083290309,General Op. Fund,1,200.00,0.00,200.00,No,0.00
430,06/14/2026,46364083192005,General Op. Fund,1,100.00,0.00,100.00,No,0.00
429,06/14/2026,46364040003781,Ongoing Fundraising,1,100.00,0.00,100.00,No,0.00
427,06/14/2026,46364083192005,General Op. Fund,1,100.00,0.00,100.00,No,0.00
428,06/14/2026,46364083192005,General Op. Fund,1,100.00,0.00,100.00,No,0.00
426,06/14/2026,46364083192005,General Op. Fund,1,100.00,0.00,100.00,No,0.00
425,06/14/2026,46364083814597,Capital Fund,1,107.90,0.00,107.90,No,0.00
424,06/14/2026,46364083814597,Capital Fund,1,200.00,0.00,200.00,No,0.00
423,06/14/2026,46364040003781,Ongoing Fundraising,1,100.00,0.00,100.00,No,0.00
422,06/14/2026,46364083814597,Capital Fund,1,200.00,0.00,200.00,No,0.00
421,06/14/2026,46364083814597,Capital Fund,1,200.00,0.00,200.00,No,0.00
420,06/14/2026,46364083192005,General Op. Fund,1,100.00,0.00,100.00,No,0.00
419,06/14/2026,46364083192005,General Op. Fund,1,100.00,0.00,100.00,No,0.00
417,06/14/2026,46364083159237,General Op. Fund,1,50.00,0.00,50.00,No,0.00
418,06/14/2026,46364083159237,General Op. Fund,1,50.00,0.00,50.00,No,0.00
416,06/14/2026,46364083159237,General Op. Fund,1,50.00,0.00,50.00,No,0.00
415,06/14/2026,46364082962629,Mem Renewal MM,1,25.00,0.00,25.00,No,0.00
414,06/14/2026,46364082503877,Capital Campaign,1,50.00,0.00,50.00,No,0.00
408,06/14/2026,46364085125317,Exhibits,1,30.00,0.00,30.00,No,0.00
412,06/14/2026,46364082995397,Annual Appeal 99,1,50.00,0.00,50.00,No,0.00
410,06/14/2026,46364082831557,Mem Renewal MM,1,50.00,0.00,50.00,No,0.00
411,06/14/2026,46364084142277,Annual Appeal 98,1,100.00,0.00,100.00,No,0.00
409,06/14/2026,46364082962629,Mem Renewal MM,1,20.00,0.00,20.00,No,0.00
406,06/14/2026,46364082962629,Mem Renewal MM,1,20.00,0.00,20.00,No,0.00
407,06/14/2026,46364082962629,Mem Renewal MM,1,20.00,0.00,20.00,No,0.00
405,06/14/2026,46364082831557,Mem Renewal MM,1,50.00,0.00,50.00,No,0.00
404,06/14/2026,46364083617989,Annual Giving MM,1,30.00,0.00,30.00,No,0.00
403,06/14/2026,46364082962629,Mem Renewal MM,1,20.00,0.00,20.00,No,0.00
402,06/14/2026,46364082962629,Mem Renewal MM,1,20.00,0.00,20.00,No,0.00
401,06/14/2026,46364083486917,Annual Giving MM,1,50.00,0.00,50.00,No,0.00
400,06/14/2026,46364082831557,Mem Renewal MM,1,50.00,0.00,50.00,No,0.00
399,06/14/2026,46364082536645,Capital Campaign,1,100.00,0.00,100.00,No,0.00
398,06/14/2026,46364083486917,Annual Giving MM,1,50.00,0.00,50.00,No,0.00
397,06/14/2026,46364083617989,Annual Giving MM,1,35.00,0.00,35.00,No,0.00
396,06/14/2026,46364083290309,General Op. Fund,1,15.00,0.00,15.00,No,0.00
395,06/14/2026,46364083290309,General Op. Fund,1,30.00,0.00,30.00,No,0.00
394,06/14/2026,46364083290309,General Op. Fund,1,25.00,0.00,25.00,No,0.00
393,06/14/2026,46364083159237,General Op. Fund,1,50.00,0.00,50.00,No,0.00
392,06/14/2026,46364083159237,General Op. Fund,1,50.00,0.00,50.00,No,0.00
391,06/14/2026,46364083290309,General Op. Fund,1,25.00,0.00,25.00,No,0.00
390,06/14/2026,46364083290309,General Op. Fund,1,25.00,0.00,25.00,No,0.00
389,06/14/2026,46364083159237,General Op. Fund,1,50.00,0.00,50.00,No,0.00
388,06/14/2026,46364083814597,Capital Fund,1,200.00,0.00,200.00,No,0.00
387,06/14/2026,46364083290309,General Op. Fund,1,40.00,0.00,40.00,No,0.00
386,06/14/2026,46364083290309,General Op. Fund,1,25.00,0.00,25.00,No,0.00
385,06/14/2026,46364083290309,General Op. Fund,1,25.00,0.00,25.00,No,0.00
384,06/14/2026,46364082798789,General MM,1,40.00,0.00,40.00,No,0.00
383,06/14/2026,46364082798789,General MM,1,15.00,0.00,15.00,No,0.00
382,06/14/2026,46364082962629,Mem Renewal MM,1,25.00,0.00,25.00,No,0.00
381,06/14/2026,46364083126469,Annual Appeal 99,1,30.00,0.00,30.00,No,0.00
379,06/14/2026,46364082634949,Capital Campaign,1,125.00,0.00,125.00,No,0.00
380,06/14/2026,46364082831557,Mem Renewal MM,1,50.00,0.00,50.00,No,0.00
378,06/14/2026,46364083617989,Annual Giving MM,1,35.00,0.00,35.00,No,0.00
377,06/14/2026,46364082962629,Mem Renewal MM,1,35.00,0.00,35.00,No,0.00
376,06/14/2026,46364082962629,Mem Renewal MM,1,20.00,0.00,20.00,No,0.00
375,06/14/2026,46364082798789,General MM,1,20.00,0.00,20.00,No,0.00
374,06/14/2026,46364082798789,General MM,1,10.00,0.00,10.00,No,0.00
373,06/14/2026,46364082962629,Mem Renewal MM,1,20.00,0.00,20.00,No,0.00
372,06/14/2026,46364082798789,General MM,1,20.00,0.00,20.00,No,0.00
371,06/14/2026,46364082962629,Mem Renewal MM,1,35.00,0.00,35.00,No,0.00
370,06/14/2026,46364083454149,Events,1,5.00,0.00,5.00,No,0.00
368,06/14/2026,46364082962629,Mem Renewal MM,1,20.00,0.00,20.00,No,0.00
369,06/14/2026,46364082962629,Mem Renewal MM,1,25.00,0.00,25.00,No,0.00
367,06/14/2026,46364083290309,General Op. Fund,1,25.00,0.00,25.00,No,0.00
366,06/14/2026,46364083290309,General Op. Fund,1,25.00,0.00,25.00,No,0.00
365,06/14/2026,46364082962629,Mem Renewal MM,1,20.00,0.00,20.00,No,0.00
364,06/14/2026,46364082962629,Mem Renewal MM,1,20.00,0.00,20.00,No,0.00
363,06/14/2026,46364082962629,Mem Renewal MM,1,20.00,0.00,20.00,No,0.00
362,06/14/2026,46364082962629,Mem Renewal MM,1,20.00,0.00,20.00,No,0.00
361,06/14/2026,46364082962629,Mem Renewal MM,1,20.00,0.00,20.00,No,0.00
360,06/14/2026,46364083454149,Events,1,5.00,0.00,5.00,No,0.00
359,06/14/2026,46364082962629,Mem Renewal MM,1,20.00,0.00,20.00,No,0.00
358,06/14/2026,46364083290309,General Op. Fund,1,700.00,0.00,700.00,No,0.00
357,06/14/2026,46364083257541,General Op. Fund,1,500.00,0.00,500.00,No,0.00
356,06/14/2026,46364083290309,General Op. Fund,1,700.00,0.00,700.00,No,0.00
355,06/14/2026,46364083257541,General Op. Fund,1,500.00,0.00,500.00,No,0.00
354,06/14/2026,46364083290309,General Op. Fund,1,700.00,0.00,700.00,No,0.00
353,06/14/2026,46364083257541,General Op. Fund,1,500.00,0.00,500.00,No,0.00
352,06/14/2026,46364083290309,General Op. Fund,1,700.00,0.00,700.00,No,0.00
351,06/14/2026,46364083290309,General Op. Fund,1,1000.00,0.00,1000.00,No,0.00
350,06/14/2026,46364083716293,Capital Fund,1,100.00,0.00,100.00,No,0.00
349,06/14/2026,46364083290309,General Op. Fund,1,1000.00,0.00,1000.00,No,0.00
348,06/14/2026,46364083781829,Capital Fund,1,500.00,0.00,500.00,No,0.00
347,06/14/2026,46364082798789,General MM,1,700.00,0.00,700.00,No,0.00
346,06/14/2026,46364082634949,Capital Campaign,1,200.00,0.00,200.00,No,0.00
345,06/14/2026,46364082634949,Capital Campaign,1,750.00,0.00,750.00,No,0.00
342,06/14/2026,46364083093701,Annual Appeal 99,1,500.00,0.00,500.00,No,0.00
343,06/14/2026,46364082798789,General MM,1,1000.00,0.00,1000.00,No,0.00
344,06/14/2026,46364082700485,General MM,1,100.00,0.00,100.00,No,0.00
341,06/14/2026,46364082667717,General MM,1,50.00,0.00,50.00,No,0.00
340,06/14/2026,46364082864325,Mem Renewal MM,1,100.00,0.00,100.00,No,0.00
339,06/14/2026,46364082962629,Mem Renewal MM,1,35.00,0.00,35.00,No,0.00
338,06/14/2026,46364082962629,Mem Renewal MM,1,35.00,0.00,35.00,No,0.00
337,06/14/2026,46364083617989,Annual Giving MM,1,24.00,0.00,24.00,No,0.00
336,06/14/2026,46364082962629,Mem Renewal MM,1,35.00,0.00,35.00,No,0.00
335,06/14/2026,46364083617989,Annual Giving MM,1,35.00,0.00,35.00,No,0.00
334,06/14/2026,46364082962629,Mem Renewal MM,1,35.00,0.00,35.00,No,0.00
333,06/14/2026,46364082962629,Mem Renewal MM,1,35.00,0.00,35.00,No,0.00
332,06/14/2026,46364083617989,Annual Giving MM,1,30.00,0.00,30.00,No,0.00
331,06/14/2026,46364082962629,Mem Renewal MM,1,35.00,0.00,35.00,No,0.00
330,06/14/2026,46364083617989,Annual Giving MM,1,25.00,0.00,25.00,No,0.00
328,06/14/2026,46364082962629,Mem Renewal MM,1,35.00,0.00,35.00,No,0.00
329,06/14/2026,46364082831557,Mem Renewal MM,1,50.00,0.00,50.00,No,0.00
324,06/14/2026,46364084797637,Restricted Op.Fd.,1,25.00,0.00,25.00,No,0.00
327,06/14/2026,46364082602181,Capital Campaign,1,500.00,0.00,500.00,No,0.00
326,06/14/2026,46364083290309,General Op. Fund,1,35.00,0.00,35.00,No,0.00
325,06/14/2026,46364083290309,General Op. Fund,1,35.00,0.00,35.00,No,0.00
323,06/14/2026,46364083290309,General Op. Fund,1,25.00,0.00,25.00,No,0.00
322,06/14/2026,46364083290309,General Op. Fund,1,25.00,0.00,25.00,No,0.00
321,06/14/2026,46364083290309,General Op. Fund,1,25.00,0.00,25.00,No,0.00
319,06/14/2026,46364083290309,General Op. Fund,1,25.00,0.00,25.00,No,0.00
320,06/14/2026,46364083290309,General Op. Fund,1,25.00,0.00,25.00,No,0.00
318,06/14/2026,46364083290309,General Op. Fund,1,25.00,0.00,25.00,No,0.00
317,06/14/2026,46364083814597,Capital Fund,1,25.00,0.00,25.00,No,0.00
316,06/14/2026,46364083290309,General Op. Fund,1,25.00,0.00,25.00,No,0.00
315,06/14/2026,46364083290309,General Op. Fund,1,25.00,0.00,25.00,No,0.00
314,06/14/2026,46364083290309,General Op. Fund,1,25.00,0.00,25.00,No,0.00
313,06/14/2026,46364083290309,General Op. Fund,1,25.00,0.00,25.00,No,0.00
312,06/14/2026,46364083290309,General Op. Fund,1,25.00,0.00,25.00,No,0.00
311,06/14/2026,46364083290309,General Op. Fund,1,25.00,0.00,25.00,No,0.00
308,06/14/2026,46364082962629,Mem Renewal MM,1,25.00,0.00,25.00,No,0.00
310,06/14/2026,46364082962629,Mem Renewal MM,1,25.00,0.00,25.00,No,0.00
309,06/14/2026,46364082962629,Mem Renewal MM,1,25.00,0.00,25.00,No,0.00
307,06/14/2026,46364082962629,Mem Renewal MM,1,25.00,0.00,25.00,No,0.00
306,06/14/2026,46364083617989,Annual Giving MM,1,15.00,0.00,15.00,No,0.00
304,06/14/2026,46364082798789,General MM,1,5.00,0.00,5.00,No,0.00
305,06/14/2026,46364082962629,Mem Renewal MM,1,20.00,0.00,20.00,No,0.00
303,06/14/2026,46364082962629,Mem Renewal MM,1,20.00,0.00,20.00,No,0.00
302,06/14/2026,46364082962629,Mem Renewal MM,1,20.00,0.00,20.00,No,0.00
301,06/14/2026,46364082962629,Mem Renewal MM,1,20.00,0.00,20.00,No,0.00
300,06/14/2026,46364082962629,Mem Renewal MM,1,20.00,0.00,20.00,No,0.00
299,06/14/2026,46364083617989,Annual Giving MM,1,15.00,0.00,15.00,No,0.00
298,06/14/2026,46364082962629,Mem Renewal MM,1,20.00,0.00,20.00,No,0.00
177336,06/14/2026,46364040102085,Ongoing Fundraising,1,20.00,0.00,20.00,No,0.00
176482,06/14/2026,46364040102085,Ongoing Fundraising,1,20.00,0.00,20.00,No,0.00
175910,06/14/2026,46364040102085,Ongoing Fundraising,1,20.00,0.00,20.00,No,0.00
174631,06/14/2026,46364040102085,Ongoing Fundraising,1,20.00,0.00,20.00,No,0.00
173296,06/14/2026,46364040102085,Ongoing Fundraising,1,20.00,0.00,20.00,No,0.00
172520,06/14/2026,46364040102085,Ongoing Fundraising,1,20.00,0.00,20.00,No,0.00
171832,06/14/2026,46364040102085,Ongoing Fundraising,1,20.00,0.00,20.00,No,0.00
171269,06/14/2026,46363848147141,Membership,1,40.00,0.00,40.00,No,0.00
171269,06/14/2026,46364040102085,Ongoing Fundraising,1,10.00,0.00,10.00,No,0.00
171146,06/14/2026,46364040102085,Ongoing Fundraising,1,20.00,0.00,20.00,No,0.00
170200,06/14/2026,46364040102085,Ongoing Fundraising,1,20.00,0.00,20.00,No,0.00
168281,06/14/2026,46364040102085,Ongoing Fundraising,1,20.00,0.00,20.00,No,0.00
168759,06/14/2026,46364040102085,Ongoing Fundraising,1,20.00,0.00,20.00,No,0.00
169220,06/14/2026,46364040102085,Ongoing Fundraising,1,20.00,0.00,20.00,No,0.00
167841,06/14/2026,46364040102085,Ongoing Fundraising,1,20.00,0.00,20.00,No,0.00
166883,06/14/2026,46364040102085,Ongoing Fundraising,1,20.00,0.00,20.00,No,0.00
166314,06/14/2026,46364040102085,Ongoing Fundraising,1,20.00,0.00,20.00,No,0.00
165335,06/14/2026,46364040102085,Ongoing Fundraising,1,20.00,0.00,20.00,No,0.00
163775,06/14/2026,46364040102085,Ongoing Fundraising,1,20.00,0.00,20.00,No,0.00
162604,06/14/2026,46364040102085,Ongoing Fundraising,1,20.00,0.00,20.00,No,0.00
161877,06/14/2026,46363848147141,Membership,1,40.00,0.00,40.00,No,0.00
161826,06/14/2026,46364040102085,Ongoing Fundraising,1,20.00,0.00,20.00,No,0.00
161172,06/14/2026,46364040102085,Ongoing Fundraising,1,20.00,0.00,20.00,No,0.00
160481,06/14/2026,46364040102085,Ongoing Fundraising,1,20.00,0.00,20.00,No,0.00
155241,06/14/2026,PREORDER-BOOK-400-000,*Pre-Order Life at 400 Beacon Street by Heather Vogel Frederick (Coming soon!),1,40.00,0.00,40.00,No,0.00
155241,06/14/2026,JEWEL-100-260,Feed My Sheep Pin,1,11.00,0.00,11.00,No,0.00
155241,06/14/2026,BOOK-400-524,Homeward Part I: Lynn by Stephen R. Howard,1,9.00,0.00,9.00,No,0.00
155241,06/14/2026,BOOK-400-525,Homeward Part II: Chestnut Hill by Stephen R. Howard,1,16.00,0.00,16.00,No,0.00
159743,06/14/2026,46364040102085,Ongoing Fundraising,1,20.00,0.00,20.00,No,0.00
157232,06/14/2026,PH-300-473,Daniel's Answer to the King,1,27.00,0.00,27.00,No,1.69
158440,06/14/2026,46364040102085,Ongoing Fundraising,1,20.00,0.00,20.00,No,0.00
157236,06/14/2026,BOOK-400-000,Life at 400 Beacon Street by Heather Vogel Frederick,1,36.00,0.00,36.00,No,0.00
157511,06/14/2026,46364040102085,Ongoing Fundraising,1,20.00,0.00,20.00,No,0.00
157230,06/14/2026,PH-300-473,Daniel's Answer to the King,1,27.00,0.00,27.00,No,1.69
157237,06/14/2026,BOOK-400-000,Life at 400 Beacon Street by Heather Vogel Frederick,1,36.00,0.00,36.00,No,0.00
155240,06/14/2026,PREORDER-BOOK-400-000,*Pre-Order Life at 400 Beacon Street by Heather Vogel Frederick (Coming soon!),1,40.00,0.00,40.00,No,0.00
155240,06/14/2026,JEWEL-100-260,Feed My Sheep Pin,1,11.00,0.00,11.00,No,0.00
155240,06/14/2026,BOOK-400-524,Homeward Part I: Lynn by Stephen R. Howard,1,9.00,0.00,9.00,No,0.00
155240,06/14/2026,BOOK-400-525,Homeward Part II: Chestnut Hill by Stephen R. Howard,1,16.00,0.00,16.00,No,0.00
157231,06/14/2026,PH-300-473,Daniel's Answer to the King,1,27.00,0.00,27.00,No,1.69
155239,06/14/2026,PREORDER-BOOK-400-000,*Pre-Order Life at 400 Beacon Street by Heather Vogel Frederick (Coming soon!),1,40.00,0.00,40.00,No,0.00
155239,06/14/2026,JEWEL-100-260,Feed My Sheep Pin,1,11.00,0.00,11.00,No,0.00
155239,06/14/2026,BOOK-400-524,Homeward Part I: Lynn by Stephen R. Howard,1,9.00,0.00,9.00,No,0.00
155239,06/14/2026,BOOK-400-525,Homeward Part II: Chestnut Hill by Stephen R. Howard,1,16.00,0.00,16.00,No,0.00
155242,06/14/2026,PREORDER-BOOK-400-000,*Pre-Order Life at 400 Beacon Street by Heather Vogel Frederick (Coming soon!),1,40.00,0.00,40.00,No,0.00
155242,06/14/2026,JEWEL-100-260,Feed My Sheep Pin,1,11.00,0.00,11.00,No,0.00
155242,06/14/2026,BOOK-400-524,Homeward Part I: Lynn by Stephen R. Howard,1,9.00,0.00,9.00,No,0.00
155242,06/14/2026,BOOK-400-525,Homeward Part II: Chestnut Hill by Stephen R. Howard,1,16.00,0.00,16.00,No,0.00
155238,06/14/2026,PREORDER-BOOK-400-000,*Pre-Order Life at 400 Beacon Street by Heather Vogel Frederick (Coming soon!),1,40.00,0.00,40.00,No,0.00
155238,06/14/2026,JEWEL-100-260,Feed My Sheep Pin,1,11.00,0.00,11.00,No,0.00
155238,06/14/2026,BOOK-400-524,Homeward Part I: Lynn by Stephen R. Howard,1,9.00,0.00,9.00,No,0.00
155238,06/14/2026,BOOK-400-525,Homeward Part II: Chestnut Hill by Stephen R. Howard,1,16.00,0.00,16.00,No,0.00
156581,06/14/2026,46364040102085,Ongoing Fundraising,1,20.00,0.00,20.00,No,0.00
155641,06/14/2026,46364040102085,Ongoing Fundraising,1,20.00,0.00,20.00,No,0.00
155133,06/14/2026,46364040102085,Ongoing Fundraising,1,20.00,0.00,20.00,No,0.00
154614,06/14/2026,46364037873861,Annual Appeal,1,25.00,0.00,25.00,No,0.00
154148,06/14/2026,46364040102085,Ongoing Fundraising,1,20.00,0.00,20.00,No,0.00
152906,06/14/2026,46364040102085,Ongoing Fundraising,1,20.00,0.00,20.00,No,0.00
151414,06/14/2026,46364040102085,Ongoing Fundraising,1,20.00,0.00,20.00,No,0.00
152272,06/14/2026,46364040102085,Ongoing Fundraising,1,20.00,0.00,20.00,No,0.00
150874,06/14/2026,46364040102085,Ongoing Fundraising,1,20.00,0.00,20.00,No,0.00
150291,06/14/2026,46364040102085,Ongoing Fundraising,1,20.00,0.00,20.00,No,0.00
150324,06/14/2026,46363848147141,Membership,1,35.00,0.00,35.00,No,0.00
149510,06/14/2026,46364040102085,Ongoing Fundraising,1,20.00,0.00,20.00,No,0.00
148130,06/14/2026,46364040102085,Ongoing Fundraising,1,20.00,0.00,20.00,No,0.00
297,06/14/2026,46364037873861,Annual Appeal,1,25.00,0.00,25.00,No,0.00
147428,06/14/2026,46364040102085,Ongoing Fundraising,1,20.00,0.00,20.00,No,0.00
146605,06/14/2026,46364040102085,Ongoing Fundraising,1,20.00,0.00,20.00,No,0.00
146138,06/14/2026,46364040102085,Ongoing Fundraising,1,20.00,0.00,20.00,No,0.00
296,06/14/2026,46363848147141,Membership,1,25.00,0.00,25.00,No,0.00
295,06/14/2026,46363848147141,Membership,1,35.00,0.00,35.00,No,0.00
294,06/14/2026,46363848147141,Membership,1,25.00,0.00,25.00,No,0.00
293,06/14/2026,46363848147141,Membership,1,35.00,0.00,35.00,No,0.00
292,06/14/2026,46363848147141,Membership,1,25.00,0.00,25.00,No,0.00
291,06/14/2026,46363848147141,Membership,1,35.00,0.00,35.00,No,0.00
290,06/14/2026,46364083290309,General Op. Fund,1,25.00,0.00,25.00,No,0.00
289,06/14/2026,46364083290309,General Op. Fund,1,35.00,0.00,35.00,No,0.00
287,06/14/2026,46364083290309,General Op. Fund,1,35.00,0.00,35.00,No,0.00
288,06/14/2026,46364083290309,General Op. Fund,1,25.00,0.00,25.00,No,0.00
286,06/14/2026,46364083290309,General Op. Fund,1,25.00,0.00,25.00,No,0.00
285,06/14/2026,46364083290309,General Op. Fund,1,15.00,0.00,15.00,No,0.00
284,06/14/2026,46364083290309,General Op. Fund,1,35.00,0.00,35.00,No,0.00
282,06/14/2026,46364083290309,General Op. Fund,1,25.00,0.00,25.00,No,0.00
283,06/14/2026,46364083290309,General Op. Fund,1,25.00,0.00,25.00,No,0.00
281,06/14/2026,46364083290309,General Op. Fund,1,25.00,0.00,25.00,No,0.00
279,06/14/2026,46364083290309,General Op. Fund,1,25.00,0.00,25.00,No,0.00
280,06/14/2026,46364083290309,General Op. Fund,1,25.00,0.00,25.00,No,0.00
278,06/14/2026,46364083290309,General Op. Fund,1,25.00,0.00,25.00,No,0.00
277,06/14/2026,46364083290309,General Op. Fund,1,25.00,0.00,25.00,No,0.00
276,06/14/2026,46364083290309,General Op. Fund,1,10.00,0.00,10.00,No,0.00
273,06/14/2026,46364083290309,General Op. Fund,1,40.00,0.00,40.00,No,0.00
275,06/14/2026,46364083290309,General Op. Fund,1,25.00,0.00,25.00,No,0.00
274,06/14/2026,46364083290309,General Op. Fund,1,10.00,0.00,10.00,No,0.00
272,06/14/2026,46364083290309,General Op. Fund,1,10.00,0.00,10.00,No,0.00
271,06/14/2026,46364083290309,General Op. Fund,1,40.00,0.00,40.00,No,0.00
270,06/14/2026,46364083290309,General Op. Fund,1,10.00,0.00,10.00,No,0.00
269,06/14/2026,46364083290309,General Op. Fund,1,40.00,0.00,40.00,No,0.00
268,06/14/2026,46364083290309,General Op. Fund,1,40.00,0.00,40.00,No,0.00
267,06/14/2026,46364083290309,General Op. Fund,1,25.00,0.00,25.00,No,0.00
266,06/14/2026,46364083290309,General Op. Fund,1,40.00,0.00,40.00,No,0.00
264,06/14/2026,46364083290309,General Op. Fund,1,400.00,0.00,400.00,No,0.00
261,06/14/2026,46364082962629,Mem Renewal MM,1,40.00,0.00,40.00,No,0.00
263,06/14/2026,46364083290309,General Op. Fund,1,25.00,0.00,25.00,No,0.00
260,06/14/2026,46364082962629,Mem Renewal MM,1,40.00,0.00,40.00,No,0.00
259,06/14/2026,46364082798789,General MM,1,25.00,0.00,25.00,No,0.00
257,06/14/2026,46364082962629,Mem Renewal MM,1,35.00,0.00,35.00,No,0.00
256,06/14/2026,46364082962629,Mem Renewal MM,1,35.00,0.00,35.00,No,0.00
258,06/14/2026,46364082962629,Mem Renewal MM,1,40.00,0.00,40.00,No,0.00
253,06/14/2026,46364082962629,Mem Renewal MM,1,35.00,0.00,35.00,No,0.00
255,06/14/2026,46364082962629,Mem Renewal MM,1,35.00,0.00,35.00,No,0.00
254,06/14/2026,46364082962629,Mem Renewal MM,1,35.00,0.00,35.00,No,0.00
252,06/14/2026,46364082962629,Mem Renewal MM,1,35.00,0.00,35.00,No,0.00
251,06/14/2026,46364082962629,Mem Renewal MM,1,40.00,0.00,40.00,No,0.00
250,06/14/2026,46364082962629,Mem Renewal MM,1,35.00,0.00,35.00,No,0.00
249,06/14/2026,46364082798789,General MM,1,7.00,0.00,7.00,No,0.00
248,06/14/2026,46364083486917,Annual Giving MM,1,50.00,0.00,50.00,No,0.00
247,06/14/2026,46364083290309,General Op. Fund,1,10.00,0.00,10.00,No,0.00
246,06/14/2026,46364082536645,Capital Campaign,1,100.00,0.00,100.00,No,0.00
245,06/14/2026,46364082962629,Mem Renewal MM,1,35.00,0.00,35.00,No,0.00
244,06/14/2026,46364083617989,Annual Giving MM,1,30.00,0.00,30.00,No,0.00
243,06/14/2026,46364082962629,Mem Renewal MM,1,35.00,0.00,35.00,No,0.00
242,06/14/2026,46364082962629,Mem Renewal MM,1,35.00,0.00,35.00,No,0.00
241,06/14/2026,46364082962629,Mem Renewal MM,1,35.00,0.00,35.00,No,0.00
240,06/14/2026,46364082962629,Mem Renewal MM,1,35.00,0.00,35.00,No,0.00
239,06/14/2026,46364082962629,Mem Renewal MM,1,35.00,0.00,35.00,No,0.00
238,06/14/2026,46364083617989,Annual Giving MM,1,25.00,0.00,25.00,No,0.00
237,06/14/2026,46364082962629,Mem Renewal MM,1,20.00,0.00,20.00,No,0.00
236,06/14/2026,46364082962629,Mem Renewal MM,1,20.00,0.00,20.00,No,0.00
235,06/14/2026,46364082962629,Mem Renewal MM,1,20.00,0.00,20.00,No,0.00
234,06/14/2026,46364082962629,Mem Renewal MM,1,20.00,0.00,20.00,No,0.00
233,06/14/2026,46364082962629,Mem Renewal MM,1,20.00,0.00,20.00,No,0.00
232,06/14/2026,46364082962629,Mem Renewal MM,1,20.00,0.00,20.00,No,0.00
231,06/14/2026,46364083159237,General Op. Fund,1,50.00,0.00,50.00,No,0.00
230,06/14/2026,46364083290309,General Op. Fund,1,10.00,0.00,10.00,No,0.00
229,06/14/2026,46364083290309,General Op. Fund,1,25.00,0.00,25.00,No,0.00
228,06/14/2026,46364083159237,General Op. Fund,1,50.00,0.00,50.00,No,0.00
226,06/14/2026,46364083159237,General Op. Fund,1,50.00,0.00,50.00,No,0.00
225,06/14/2026,46364083716293,Capital Fund,1,100.00,0.00,100.00,No,0.00
227,06/14/2026,46364083159237,General Op. Fund,1,50.00,0.00,50.00,No,0.00
224,06/14/2026,46364083159237,General Op. Fund,1,50.00,0.00,50.00,No,0.00
223,06/14/2026,46364083290309,General Op. Fund,1,25.00,0.00,25.00,No,0.00
222,06/14/2026,46364083159237,General Op. Fund,1,50.00,0.00,50.00,No,0.00
221,06/14/2026,46364083290309,General Op. Fund,1,25.00,0.00,25.00,No,0.00
220,06/14/2026,46364083290309,General Op. Fund,1,25.00,0.00,25.00,No,0.00
219,06/14/2026,46364083290309,General Op. Fund,1,25.00,0.00,25.00,No,0.00
217,06/14/2026,46364083290309,General Op. Fund,1,10.00,0.00,10.00,No,0.00
218,06/14/2026,46364083159237,General Op. Fund,1,50.00,0.00,50.00,No,0.00
216,06/14/2026,46364083159237,General Op. Fund,1,50.00,0.00,50.00,No,0.00
215,06/14/2026,46364082831557,Mem Renewal MM,1,50.00,0.00,50.00,No,0.00
214,06/14/2026,46364082634949,Capital Campaign,1,25.00,0.00,25.00,No,0.00
213,06/14/2026,46364082962629,Mem Renewal MM,1,25.00,0.00,25.00,No,0.00
211,06/14/2026,46364082962629,Mem Renewal MM,1,25.00,0.00,25.00,No,0.00
212,06/14/2026,46364082962629,Mem Renewal MM,1,40.00,0.00,40.00,No,0.00
210,06/14/2026,46364083617989,Annual Giving MM,1,25.00,0.00,25.00,No,0.00
209,06/14/2026,46364082962629,Mem Renewal MM,1,35.00,0.00,35.00,No,0.00
208,06/14/2026,46364083617989,Annual Giving MM,1,15.00,0.00,15.00,No,0.00
207,06/14/2026,46364082962629,Mem Renewal MM,1,35.00,0.00,35.00,No,0.00
206,06/14/2026,46364082962629,Mem Renewal MM,1,20.00,0.00,20.00,No,0.00
205,06/14/2026,46364083617989,Annual Giving MM,1,25.00,0.00,25.00,No,0.00
204,06/14/2026,46364082962629,Mem Renewal MM,1,20.00,0.00,20.00,No,0.00
203,06/14/2026,46364083617989,Annual Giving MM,1,25.00,0.00,25.00,No,0.00
202,06/14/2026,46364082962629,Mem Renewal MM,1,35.00,0.00,35.00,No,0.00
201,06/14/2026,46364082962629,Mem Renewal MM,1,35.00,0.00,35.00,No,0.00
200,06/14/2026,46364082962629,Mem Renewal MM,1,20.00,0.00,20.00,No,0.00
199,06/14/2026,46364082634949,Capital Campaign,1,125.00,0.00,125.00,No,0.00
198,06/14/2026,46364082864325,Mem Renewal MM,1,100.00,0.00,100.00,No,0.00
197,06/14/2026,46364083519685,Annual Giving MM,1,100.00,0.00,100.00,No,0.00
196,06/14/2026,46364082962629,Mem Renewal MM,1,35.00,0.00,35.00,No,0.00
195,06/14/2026,46364082667717,General MM,1,50.00,0.00,50.00,No,0.00
194,06/14/2026,46364082864325,Mem Renewal MM,1,100.00,0.00,100.00,No,0.00
193,06/14/2026,46364082897093,Mem Renewal MM,1,250.00,0.00,250.00,No,0.00
192,06/14/2026,46364082962629,Mem Renewal MM,1,20.00,0.00,20.00,No,0.00
191,06/14/2026,46364082798789,General MM,1,80.00,0.00,80.00,No,0.00
190,06/14/2026,46364082962629,Mem Renewal MM,1,20.00,0.00,20.00,No,0.00
189,06/14/2026,46364082962629,Mem Renewal MM,1,20.00,0.00,20.00,No,0.00
188,06/14/2026,46364082962629,Mem Renewal MM,1,20.00,0.00,20.00,No,0.00
187,06/14/2026,46364082962629,Mem Renewal MM,1,20.00,0.00,20.00,No,0.00
186,06/14/2026,46364082962629,Mem Renewal MM,1,20.00,0.00,20.00,No,0.00
185,06/14/2026,46364082962629,Mem Renewal MM,1,35.00,0.00,35.00,No,0.00
184,06/14/2026,46364083290309,General Op. Fund,1,25.00,0.00,25.00,No,0.00
183,06/14/2026,46364083290309,General Op. Fund,1,30.00,0.00,30.00,No,0.00
181,06/14/2026,46364082634949,Capital Campaign,1,20.00,0.00,20.00,No,0.00
179,06/14/2026,46364082962629,Mem Renewal MM,1,20.00,0.00,20.00,No,0.00
180,06/14/2026,46364083126469,Annual Appeal 99,1,20.00,0.00,20.00,No,0.00
178,06/14/2026,46364082962629,Mem Renewal MM,1,20.00,0.00,20.00,No,0.00
177,06/14/2026,46364082962629,Mem Renewal MM,1,20.00,0.00,20.00,No,0.00
176,06/14/2026,46364083192005,General Op. Fund,1,100.00,0.00,100.00,No,0.00
175,06/14/2026,46364083716293,Capital Fund,1,100.00,0.00,100.00,No,0.00
173,06/14/2026,46364082798789,General MM,1,40.00,0.00,40.00,No,0.00
172,06/14/2026,46364082962629,Mem Renewal MM,1,35.00,0.00,35.00,No,0.00
171,06/14/2026,46364082962629,Mem Renewal MM,1,20.00,0.00,20.00,No,0.00
170,06/14/2026,46364082962629,Mem Renewal MM,1,20.00,0.00,20.00,No,0.00
169,06/14/2026,46364082962629,Mem Renewal MM,1,20.00,0.00,20.00,No,0.00
168,06/14/2026,46364082962629,Mem Renewal MM,1,20.00,0.00,20.00,No,0.00
167,06/14/2026,46364082962629,Mem Renewal MM,1,20.00,0.00,20.00,No,0.00
166,06/14/2026,46364083290309,General Op. Fund,1,35.00,0.00,35.00,No,0.00
165,06/14/2026,46364083290309,General Op. Fund,1,35.00,0.00,35.00,No,0.00
162,06/14/2026,46364083290309,General Op. Fund,1,125.00,0.00,125.00,No,0.00
163,06/14/2026,46364083290309,General Op. Fund,1,25.00,0.00,25.00,No,0.00
164,06/14/2026,46364083290309,General Op. Fund,1,25.00,0.00,25.00,No,0.00
161,06/14/2026,46364083290309,General Op. Fund,1,25.00,0.00,25.00,No,0.00
160,06/14/2026,46364083290309,General Op. Fund,1,25.00,0.00,25.00,No,0.00
159,06/14/2026,46364083290309,General Op. Fund,1,25.00,0.00,25.00,No,0.00
158,06/14/2026,46364083192005,General Op. Fund,1,100.00,0.00,100.00,No,0.00
157,06/14/2026,46364083290309,General Op. Fund,1,40.00,0.00,40.00,No,0.00
156,06/14/2026,46364083192005,General Op. Fund,1,100.00,0.00,100.00,No,0.00
155,06/14/2026,46364083290309,General Op. Fund,1,40.00,0.00,40.00,No,0.00
154,06/14/2026,46364083192005,General Op. Fund,1,100.00,0.00,100.00,No,0.00
153,06/14/2026,46364083290309,General Op. Fund,1,40.00,0.00,40.00,No,0.00
152,06/14/2026,46364083159237,General Op. Fund,1,50.00,0.00,50.00,No,0.00
151,06/14/2026,46364083290309,General Op. Fund,1,25.00,0.00,25.00,No,0.00
150,06/14/2026,46364083159237,General Op. Fund,1,50.00,0.00,50.00,No,0.00
149,06/14/2026,46364083290309,General Op. Fund,1,25.00,0.00,25.00,No,0.00
146,06/14/2026,46364082536645,Capital Campaign,1,100.00,0.00,100.00,No,0.00
148,06/14/2026,46364082700485,General MM,1,100.00,0.00,100.00,No,0.00
147,06/14/2026,46364082962629,Mem Renewal MM,1,25.00,0.00,25.00,No,0.00
143,06/14/2026,46364084109509,Annual Appeal 98,1,50.00,0.00,50.00,No,0.00
145,06/14/2026,46364083028165,Annual Appeal 99,1,100.00,0.00,100.00,No,0.00
144,06/14/2026,46364082962629,Mem Renewal MM,1,25.00,0.00,25.00,No,0.00
142,06/14/2026,46364082962629,Mem Renewal MM,1,25.00,0.00,25.00,No,0.00
141,06/14/2026,46364082962629,Mem Renewal MM,1,25.00,0.00,25.00,No,0.00
140,06/14/2026,46364082798789,General MM,1,25.00,0.00,25.00,No,0.00
139,06/14/2026,46364084011205,Sales,1,5.00,0.00,5.00,No,0.00
138,06/14/2026,46364084011205,Sales,1,2.00,0.00,2.00,No,0.00
137,06/14/2026,46364082962629,Mem Renewal MM,1,20.00,0.00,20.00,No,0.00
136,06/14/2026,46364083617989,Annual Giving MM,1,30.00,0.00,30.00,No,0.00
135,06/14/2026,46364082798789,General MM,1,20.00,0.00,20.00,No,0.00
134,06/14/2026,46364083617989,Annual Giving MM,1,5.00,0.00,5.00,No,0.00
133,06/14/2026,46364082962629,Mem Renewal MM,1,20.00,0.00,20.00,No,0.00
132,06/14/2026,46364082962629,Mem Renewal MM,1,20.00,0.00,20.00,No,0.00
131,06/14/2026,46364082962629,Mem Renewal MM,1,20.00,0.00,20.00,No,0.00
130,06/14/2026,46364082962629,Mem Renewal MM,1,20.00,0.00,20.00,No,0.00
129,06/14/2026,46364084011205,Sales,1,36.00,0.00,36.00,No,0.00
128,06/14/2026,46364084011205,Sales,1,7.00,0.00,7.00,No,0.00
127,06/14/2026,46364083224773,General Op. Fund,1,250.00,0.00,250.00,No,0.00
126,06/14/2026,46364083290309,General Op. Fund,1,20.00,0.00,20.00,No,0.00
125,06/14/2026,46364084011205,Sales,1,11.65,0.00,11.65,No,0.00
124,06/14/2026,46364082798789,General MM,1,10.00,0.00,10.00,No,0.00
123,06/14/2026,46364082962629,Mem Renewal MM,1,25.00,0.00,25.00,No,0.00
122,06/14/2026,46364082962629,Mem Renewal MM,1,25.00,0.00,25.00,No,0.00
121,06/14/2026,46364082962629,Mem Renewal MM,1,10.00,0.00,10.00,No,0.00
120,06/14/2026,46364084011205,Sales,1,3.00,0.00,3.00,No,0.00
119,06/14/2026,46364082962629,Mem Renewal MM,1,20.00,0.00,20.00,No,0.00
118,06/14/2026,46364082831557,Mem Renewal MM,1,50.00,0.00,50.00,No,0.00
114,06/14/2026,46364084011205,Sales,1,24.00,0.00,24.00,No,0.00
117,06/14/2026,46364083617989,Annual Giving MM,1,60.00,0.00,60.00,No,0.00
116,06/14/2026,46364082831557,Mem Renewal MM,1,50.00,0.00,50.00,No,0.00
115,06/14/2026,46364083454149,Events,1,5.00,0.00,5.00,No,0.00
113,06/14/2026,46364082831557,Mem Renewal MM,1,50.00,0.00,50.00,No,0.00
112,06/14/2026,46364082962629,Mem Renewal MM,1,35.00,0.00,35.00,No,0.00
106,06/14/2026,46364083192005,General Op. Fund,1,100.00,0.00,100.00,No,0.00
105,06/14/2026,46364083192005,General Op. Fund,1,100.00,0.00,100.00,No,0.00
104,06/14/2026,46364083290309,General Op. Fund,1,40.00,0.00,40.00,No,0.00
101,06/14/2026,46364083290309,General Op. Fund,1,40.00,0.00,40.00,No,0.00
102,06/14/2026,46364083814597,Capital Fund,1,150.00,0.00,150.00,No,0.00
97,06/14/2026,46364083683525,Capital Fund,1,50.00,0.00,50.00,No,0.00
99,06/14/2026,46364083290309,General Op. Fund,1,25.00,0.00,25.00,No,0.00
100,06/14/2026,46364083290309,General Op. Fund,1,40.00,0.00,40.00,No,0.00
98,06/14/2026,46364083290309,General Op. Fund,1,40.00,0.00,40.00,No,0.00
95,06/14/2026,46364083290309,General Op. Fund,1,25.00,0.00,25.00,No,0.00
94,06/14/2026,46364083192005,General Op. Fund,1,100.00,0.00,100.00,No,0.00
93,06/14/2026,46364082602181,Capital Campaign,1,500.00,0.00,500.00,No,0.00
92,06/14/2026,46364083126469,Annual Appeal 99,1,1593.48,0.00,1593.48,No,0.00
91,06/14/2026,46364082634949,Capital Campaign,1,3151.95,0.00,3151.95,No,0.00
90,06/14/2026,46364082962629,Mem Renewal MM,1,20.00,0.00,20.00,No,0.00
89,06/14/2026,46364082962629,Mem Renewal MM,1,20.00,0.00,20.00,No,0.00
88,06/14/2026,46364082962629,Mem Renewal MM,1,20.00,0.00,20.00,No,0.00
87,06/14/2026,46364082962629,Mem Renewal MM,1,35.00,0.00,35.00,No,0.00
86,06/14/2026,46364082831557,Mem Renewal MM,1,50.00,0.00,50.00,No,0.00
85,06/14/2026,46364082962629,Mem Renewal MM,1,20.00,0.00,20.00,No,0.00
84,06/14/2026,46364082831557,Mem Renewal MM,1,50.00,0.00,50.00,No,0.00
83,06/14/2026,46364082831557,Mem Renewal MM,1,50.00,0.00,50.00,No,0.00
82,06/14/2026,46364082634949,Capital Campaign,1,125.00,0.00,125.00,No,0.00
81,06/14/2026,46364082569413,Capital Campaign,1,250.00,0.00,250.00,No,0.00
80,06/14/2026,46364083290309,General Op. Fund,1,35.00,0.00,35.00,No,0.00
79,06/14/2026,46364083290309,General Op. Fund,1,35.00,0.00,35.00,No,0.00
78,06/14/2026,46364083290309,General Op. Fund,1,25.00,0.00,25.00,No,0.00
77,06/14/2026,46364083290309,General Op. Fund,1,25.00,0.00,25.00,No,0.00
76,06/14/2026,46364083290309,General Op. Fund,1,25.00,0.00,25.00,No,0.00
75,06/14/2026,46364083290309,General Op. Fund,1,25.00,0.00,25.00,No,0.00
74,06/14/2026,46364083290309,General Op. Fund,1,25.00,0.00,25.00,No,0.00
73,06/14/2026,46364083290309,General Op. Fund,1,25.00,0.00,25.00,No,0.00
72,06/14/2026,46364083290309,General Op. Fund,1,40.00,0.00,40.00,No,0.00
71,06/14/2026,46364083192005,General Op. Fund,1,100.00,0.00,100.00,No,0.00
70,06/14/2026,46364083192005,General Op. Fund,1,100.00,0.00,100.00,No,0.00
69,06/14/2026,46364083290309,General Op. Fund,1,40.00,0.00,40.00,No,0.00
68,06/14/2026,46364083290309,General Op. Fund,1,40.00,0.00,40.00,No,0.00
67,06/14/2026,46364083290309,General Op. Fund,1,40.00,0.00,40.00,No,0.00
66,06/14/2026,46364083192005,General Op. Fund,1,100.00,0.00,100.00,No,0.00
65,06/14/2026,46364082962629,Mem Renewal MM,1,40.00,0.00,40.00,No,0.00
64,06/14/2026,46364082962629,Mem Renewal MM,1,40.00,0.00,40.00,No,0.00
63,06/14/2026,46364083126469,Annual Appeal 99,1,200.00,0.00,200.00,No,0.00
62,06/14/2026,46364082962629,Mem Renewal MM,1,30.00,0.00,30.00,No,0.00
61,06/14/2026,46364082962629,Mem Renewal MM,1,20.00,0.00,20.00,No,0.00
60,06/14/2026,46364082962629,Mem Renewal MM,1,20.00,0.00,20.00,No,0.00
59,06/14/2026,46364082962629,Mem Renewal MM,1,20.00,0.00,20.00,No,0.00
56,06/14/2026,46364083617989,Annual Giving MM,1,10.00,0.00,10.00,No,0.00
58,06/14/2026,46364082962629,Mem Renewal MM,1,20.00,0.00,20.00,No,0.00
57,06/14/2026,46364082798789,General MM,1,10.00,0.00,10.00,No,0.00
55,06/14/2026,46364082634949,Capital Campaign,1,125.00,0.00,125.00,No,0.00
54,06/14/2026,46364083290309,General Op. Fund,1,25.00,0.00,25.00,No,0.00
235233,06/14/2026,46364037546181,Historic House Appeal,1,25.00,0.00,25.00,No,0.00
53,06/14/2026,46364082962629,Mem Renewal MM,1,25.00,0.00,25.00,No,0.00
52,06/14/2026,46364083290309,General Op. Fund,1,20.00,0.00,20.00,No,0.00
51,06/14/2026,46364082962629,Mem Renewal MM,1,25.00,0.00,25.00,No,0.00
50,06/14/2026,46364082962629,Mem Renewal MM,1,25.00,0.00,25.00,No,0.00
49,06/14/2026,46364082962629,Mem Renewal MM,1,25.00,0.00,25.00,No,0.00
43,06/14/2026,46364083454149,Events,1,5.00,0.00,5.00,No,0.00
48,06/14/2026,46364082962629,Mem Renewal MM,1,20.00,0.00,20.00,No,0.00
47,06/14/2026,46364082962629,Mem Renewal MM,1,20.00,0.00,20.00,No,0.00
46,06/14/2026,46364082962629,Mem Renewal MM,1,20.00,0.00,20.00,No,0.00
165608,06/14/2026,BOOK-400-080,"Genesis of a Poem: Rosa Maud Turner's ""O Dreamer, Leave Thy Dreams for Joyful Waking"" by Peter J. Hodgson",2,7.20,0.00,14.40,No,0.00
45,06/14/2026,46364082962629,Mem Renewal MM,1,20.00,0.00,20.00,No,0.00
44,06/14/2026,46364082962629,Mem Renewal MM,1,20.00,0.00,20.00,No,0.00
165458,06/14/2026,BOOK-300-104,Christian Science in East Germany: The Church that Came in from the Cold by Gregory Sandford,1,13.50,0.00,13.50,No,0.00
42,06/14/2026,46364082962629,Mem Renewal MM,1,20.00,0.00,20.00,No,0.00
41,06/14/2026,46364082962629,Mem Renewal MM,1,25.00,0.00,25.00,No,0.00
235232,06/14/2026,46364037415109,Historic House Appeal,1,50.00,0.00,50.00,No,0.00
40,06/14/2026,46364082962629,Mem Renewal MM,1,20.00,0.00,20.00,No,0.00
39,06/14/2026,46364082602181,Capital Campaign,1,500.00,0.00,500.00,No,0.00
173371,06/14/2026,46363848147141,Membership,1,40.00,0.00,40.00,No,0.00
173371,06/14/2026,46364040102085,Ongoing Fundraising,1,60.00,0.00,60.00,No,0.00
187693,06/14/2026,46363848147141,Membership,1,40.00,0.00,40.00,No,0.00
153001,06/14/2026,46363848147141,Membership,1,35.00,0.00,35.00,No,0.00
153001,06/14/2026,46364040102085,Ongoing Fundraising,1,65.00,0.00,65.00,No,0.00
163729,06/14/2026,46363848147141,Membership,1,40.00,0.00,40.00,No,0.00
145655,06/14/2026,46363848147141,Membership,1,35.00,0.00,35.00,No,0.00
145655,06/14/2026,46363848147141,Membership,1,100.00,0.00,100.00,No,0.00
33,06/14/2026,46363848147141,Membership,1,35.00,0.00,35.00,No,0.00
145893,06/14/2026,46363848147141,Membership,1,35.00,0.00,35.00,No,0.00
145893,06/14/2026,46363848147141,Membership,1,65.00,0.00,65.00,No,0.00
34,06/14/2026,46363848147141,Membership,1,65.00,0.00,65.00,No,0.00
31,06/14/2026,46364083290309,General Op. Fund,1,35.00,0.00,35.00,No,0.00
32,06/14/2026,46364083192005,General Op. Fund,1,100.00,0.00,100.00,No,0.00
30,06/14/2026,46364083290309,General Op. Fund,1,35.00,0.00,35.00,No,0.00
29,06/14/2026,46364083159237,General Op. Fund,1,50.00,0.00,50.00,No,0.00
28,06/14/2026,46364083290309,General Op. Fund,1,35.00,0.00,35.00,No,0.00
27,06/14/2026,46364083290309,General Op. Fund,1,25.00,0.00,25.00,No,0.00
26,06/14/2026,46364083290309,General Op. Fund,1,25.00,0.00,25.00,No,0.00
25,06/14/2026,46364083290309,General Op. Fund,1,25.00,0.00,25.00,No,0.00
235231,06/14/2026,46364037415109,Historic House Appeal,1,50.00,0.00,50.00,No,0.00
24,06/14/2026,46364083290309,General Op. Fund,1,25.00,0.00,25.00,No,0.00
23,06/14/2026,46364083290309,General Op. Fund,1,25.00,0.00,25.00,No,0.00
22,06/14/2026,46364083290309,General Op. Fund,1,25.00,0.00,25.00,No,0.00
21,06/14/2026,46364083290309,General Op. Fund,1,25.00,0.00,25.00,No,0.00
20,06/14/2026,46364083290309,General Op. Fund,1,25.00,0.00,25.00,No,0.00
19,06/14/2026,46364083290309,General Op. Fund,1,25.00,0.00,25.00,No,0.00
18,06/14/2026,46364083290309,General Op. Fund,1,25.00,0.00,25.00,No,0.00
17,06/14/2026,46364083159237,General Op. Fund,1,50.00,0.00,50.00,No,0.00
13,06/14/2026,46364082995397,Annual Appeal 99,1,50.00,0.00,50.00,No,0.00
14,06/14/2026,46364083290309,General Op. Fund,1,45.00,0.00,45.00,No,0.00
16,06/14/2026,46364082962629,Mem Renewal MM,1,25.00,0.00,25.00,No,0.00
15,06/14/2026,46364082503877,Capital Campaign,1,50.00,0.00,50.00,No,0.00
10,06/14/2026,46364082962629,Mem Renewal MM,1,25.00,0.00,25.00,No,0.00
11,06/14/2026,46364082962629,Mem Renewal MM,1,25.00,0.00,25.00,No,0.00
12,06/14/2026,46364082798789,General MM,1,15.00,0.00,15.00,No,0.00
235230,06/14/2026,46364037415109,Historic House Appeal,1,50.00,0.00,50.00,No,0.00
9,06/14/2026,46364082962629,Mem Renewal MM,1,20.00,0.00,20.00,No,0.00
8,06/14/2026,46364082962629,Mem Renewal MM,1,20.00,0.00,20.00,No,0.00
4,06/14/2026,46364082962629,Mem Renewal MM,1,20.00,0.00,20.00,No,0.00
5,06/14/2026,46364082962629,Mem Renewal MM,1,20.00,0.00,20.00,No,0.00
7,06/14/2026,46364082962629,Mem Renewal MM,1,20.00,0.00,20.00,No,0.00
3,06/14/2026,46364082962629,Mem Renewal MM,1,20.00,0.00,20.00,No,0.00
1,06/14/2026,46364082634949,Capital Campaign,1,25.00,0.00,25.00,No,0.00
2,06/14/2026,46364082798789,General MM,1,10.00,0.00,10.00,No,0.00
6,06/14/2026,46364082798789,General MM,1,5.00,0.00,5.00,No,0.00
235229,06/14/2026,46364037447877,Historic House Appeal,1,100.00,0.00,100.00,No,0.00
235226,06/14/2026,46363848147141,Membership,1,40.00,0.00,40.00,No,0.00
235226,06/14/2026,46363848147141,Membership,1,40.00,0.00,40.00,No,0.00
235225,06/14/2026,46364037447877,Historic House Appeal,1,100.00,0.00,100.00,No,0.00
235224,06/14/2026,46364037447877,Historic House Appeal,1,100.00,0.00,100.00,No,0.00
235220,06/14/2026,46364037546181,Historic House Appeal,1,200.00,0.00,200.00,No,0.00
235219,06/14/2026,46364037447877,Historic House Appeal,1,100.00,0.00,100.00,No,0.00
235218,06/14/2026,46364037480645,Historic House Appeal,1,250.00,0.00,250.00,No,0.00
235217,06/14/2026,46364037480645,Historic House Appeal,1,250.00,0.00,250.00,No,0.00
235216,06/14/2026,46364037513413,Historic House Appeal,1,500.00,0.00,500.00,No,0.00
235215,06/14/2026,46364037546181,Historic House Appeal,1,40.00,0.00,40.00,No,0.00
235214,06/14/2026,46364040102085,Ongoing Fundraising,1,1000.00,0.00,1000.00,No,0.00
235213,06/14/2026,46364040036549,Ongoing Fundraising,1,250.00,0.00,250.00,No,0.00
235210,06/14/2026,BOOK-400-000,Life at 400 Beacon Street by Heather Vogel Frederick,1,36.00,0.00,36.00,No,0.00
235210,06/14/2026,46363848147141,Membership,1,40.00,0.00,40.00,No,0.00
235206,06/14/2026,46363848147141,Membership,1,40.00,0.00,40.00,No,0.00
235204,06/14/2026,BOOK-400-318,Paths of Pioneer Christian Scientists by Christopher L. Tyner,1,24.00,0.00,24.00,No,0.00
235204,06/14/2026,46364018999493,Longyear Fund,1,10.00,0.00,10.00,No,0.00
235203,06/14/2026,46364018868421,Longyear Fund,1,50.00,0.00,50.00,No,0.00
235203,06/14/2026,46363848147141,Membership,1,40.00,0.00,40.00,No,0.00
235203,06/14/2026,46363976827077,Donor Cover Cost,1,3.06,0.00,3.06,No,0.00
235202,06/14/2026,46364018999493,Longyear Fund,1,10.00,0.00,10.00,No,0.00
235199,06/14/2026,46363848179909,Membership,1,75.00,0.00,75.00,No,0.00
235196,06/14/2026,46364003893445,Historic House Fund,1,50.00,0.00,50.00,No,0.00
235196,06/14/2026,46363976827077,Donor Cover Cost,1,1.75,0.00,1.75,No,0.00
235195,06/14/2026,46363848147141,Membership,1,40.00,0.00,40.00,No,0.00
235195,06/14/2026,46363976827077,Donor Cover Cost,1,1.46,0.00,1.46,No,0.00
235194,06/14/2026,BOOK-500-001,Christmas in the Manger,1,7.20,0.00,7.20,No,0.19
235194,06/14/2026,BOOK-500-347,On Noah's Ark by Jan Brett,1,7.20,0.00,7.20,No,0.19
235194,06/14/2026,STA-100-2000WCI,Watercolor Historic House Cards,1,4.95,0.00,4.95,No,0.13
235194,06/14/2026,BOOK-400-316,"A Chronological Reference to Mary Baker Eddy's Books Miscellaneous Writings: 1883 - 1896 and The First Church of Christ, Scientist, and Miscellany",1,10.80,0.00,10.80,No,0.28
235194,06/14/2026,GIFT-300-154,Decorative Wooden Spinning Tops,1,2.70,0.00,2.70,No,0.07
235194,06/14/2026,46363848147141,Membership,1,40.00,0.00,40.00,No,1.02
235193,06/14/2026,46363848147141,Membership,1,40.00,0.00,40.00,No,0.00
235191,06/14/2026,46363848147141,Membership,1,40.00,0.00,40.00,No,0.00
235190,06/14/2026,46364018999493,Longyear Fund,1,10.00,0.00,10.00,No,0.00
235189,06/14/2026,46364018868421,Longyear Fund,1,50.00,0.00,50.00,No,0.00
235188,06/14/2026,46363848179909,Membership,1,75.00,0.00,75.00,No,0.00
235186,06/14/2026,46364018999493,Longyear Fund,1,10.00,0.00,10.00,No,0.00
235184,06/14/2026,46364018999493,Longyear Fund,1,10.00,0.00,10.00,No,0.00
235184,06/14/2026,46363976827077,Donor Cover Cost,1,0.59,0.00,0.59,No,0.00
235183,06/14/2026,46363848147141,Membership,1,40.00,0.00,40.00,No,0.00
235183,06/14/2026,46364019163333,Longyear Fund,1,50.00,0.00,50.00,No,0.00
235182,06/14/2026,46364018999493,Longyear Fund,1,10.00,0.00,10.00,No,0.00
235172,06/14/2026,46364018999493,Longyear Fund,1,25.00,0.00,25.00,No,0.00
235172,06/14/2026,46363976827077,Donor Cover Cost,1,1.02,0.00,1.02,No,0.00
235171,06/14/2026,46363848147141,Membership,1,40.00,0.00,40.00,No,0.00
235171,06/14/2026,46364019294405,Longyear Fund,1,160.00,0.00,160.00,No,0.00
235168,06/14/2026,46363848147141,Membership,1,40.00,0.00,40.00,No,0.00
235168,06/14/2026,46364019294405,Longyear Fund,1,160.00,0.00,160.00,No,0.00
235167,06/14/2026,46364004024517,Historic House Fund,1,1000.00,0.00,1000.00,No,0.00
235167,06/14/2026,46363976827077,Donor Cover Cost,1,29.20,0.00,29.20,No,0.00
235164,06/14/2026,46363848147141,Membership,1,40.00,0.00,40.00,No,0.00
235164,06/14/2026,46363976827077,Donor Cover Cost,1,1.46,0.00,1.46,No,0.00
235154,06/14/2026,46364004024517,Historic House Fund,1,45.00,0.00,45.00,No,0.00
235154,06/14/2026,46363976827077,Donor Cover Cost,1,1.60,0.00,1.60,No,0.00
235151,06/14/2026,46364019196101,Longyear Fund,1,100.00,0.00,100.00,No,0.00
235151,06/14/2026,46363976827077,Donor Cover Cost,1,3.19,0.00,3.19,No,0.00
235145,06/14/2026,STA-101-306,Chestnut Hill Photo Notecards,1,4.50,0.00,4.50,No,0.28
235145,06/14/2026,STA-101-306,Chestnut Hill Photo Notecards,1,4.50,0.00,4.50,No,0.28
235145,06/14/2026,GIFT-800-600,Longyear Magnetic Flashlight Keychain,1,4.50,0.00,4.50,No,0.28
235139,06/14/2026,46364037546181,Historic House Appeal,1,25.00,0.00,25.00,No,0.00
235138,06/14/2026,46364037415109,Historic House Appeal,1,50.00,0.00,50.00,No,0.00
235137,06/14/2026,46364037447877,Historic House Appeal,1,100.00,0.00,100.00,No,0.00
235136,06/14/2026,46364037447877,Historic House Appeal,1,100.00,0.00,100.00,No,0.00
235131,06/14/2026,JEWEL-100-792,Cross and Crown Plain Ring Pendants - Melissa Shipley,1,109.00,0.00,109.00,No,0.00
235131,06/14/2026,JEWEL-100-992,Sterling Silver Box Chain Necklaces,1,32.32,0.00,32.32,No,0.00
235123,06/14/2026,HH-GIFT-100-007CH,HH - Carpet Coasters - CHESTNUT HILL,1,15.00,0.00,15.00,No,0.94
235104,06/14/2026,BOOK-400-649,The Devil's Auction by William Rathvon,1,8.10,0.00,8.10,No,0.51
235104,06/14/2026,GIFT-900-102,Glass Cross & Crown Paperweight,1,23.40,0.00,23.40,No,1.47
235104,06/14/2026,STA-101-306,Chestnut Hill Photo Notecards,1,4.50,0.00,4.50,No,0.29
235104,06/14/2026,STA-100-098,Sheep Notecards,2,5.40,0.00,10.80,No,0.68
235104,06/14/2026,GIFT-700-968,All Natural Goat Milk Soap,1,7.20,0.00,7.20,No,0.45
235104,06/14/2026,GIFT-700-968,All Natural Goat Milk Soap,1,7.20,0.00,7.20,No,0.45
235104,06/14/2026,BOOK-300-496,Lectures and Articles on Christian Science by Edward A. Kimball,1,18.00,0.00,18.00,No,1.12
235104,06/14/2026,GIFT-700-968,All Natural Goat Milk Soap,1,7.20,0.00,7.20,No,0.45
235104,06/14/2026,PH-300-108,Rathvon Framed Quote,1,9.00,0.00,9.00,No,0.56
235104,06/14/2026,JEWEL-100-800,Cross and Crown Stained Glass Lapel Pin,1,6.30,0.00,6.30,No,0.38
235096,06/14/2026,,Squirrel Socks,1,19.80,0.00,19.80,No,0.00
235093,06/14/2026,BOOK-400-649,The Devil's Auction by William Rathvon,1,8.10,0.00,8.10,No,0.51
235092,06/14/2026,46364037546181,Historic House Appeal,1,25.00,0.00,25.00,No,0.00
235091,06/14/2026,46364037546181,Historic House Appeal,1,30.00,0.00,30.00,No,0.00
235090,06/14/2026,46364067397829,General Donation,1,50.00,0.00,50.00,No,0.00
235088,06/14/2026,46364037447877,Historic House Appeal,1,100.00,0.00,100.00,No,0.00
235087,06/14/2026,46364037447877,Historic House Appeal,1,100.00,0.00,100.00,No,0.00
235086,06/14/2026,46364037447877,Historic House Appeal,1,100.00,0.00,100.00,No,0.00
235085,06/14/2026,46364037447877,Historic House Appeal,1,100.00,0.00,100.00,No,0.00
235084,06/14/2026,46364037447877,Historic House Appeal,1,100.00,0.00,100.00,No,0.00
235083,06/14/2026,46364037546181,Historic House Appeal,1,200.00,0.00,200.00,No,0.00
235292,06/14/2026,46364003958981,Historic House Fund,1,250.00,0.00,250.00,No,0.00
235292,06/14/2026,46364019228869,Longyear Fund,1,250.00,0.00,250.00,No,0.00
235292,06/14/2026,46363976827077,Donor Cover Cost,1,15.06,0.00,15.06,No,0.00
235295,06/14/2026,46364003958981,Historic House Fund,1,250.00,0.00,250.00,No,0.00
235295,06/14/2026,46364019228869,Longyear Fund,1,250.00,0.00,250.00,No,0.00
235295,06/14/2026,46363976827077,Donor Cover Cost,1,15.06,0.00,15.06,No,0.00
235076,06/14/2026,,Squirrel Socks,1,17.60,0.00,17.60,No,0.21
235076,06/14/2026,GIFT-800-600,Longyear Magnetic Flashlight Keychain,1,4.00,0.00,4.00,No,0.04
235073,06/14/2026,46363848179909,Membership,1,75.00,0.00,75.00,No,0.00
235073,06/14/2026,46363976827077,Donor Cover Cost,1,2.47,0.00,2.47,No,0.00
235052,06/14/2026,PH-300-103,The Quiet Room - Matted,1,10.80,0.00,10.80,No,0.68
235052,06/14/2026,GIFT-400-732,Home Plaque,1,18.00,0.00,18.00,No,1.12
235052,06/14/2026,GIFT-900-104,Cross and Crown Acrylic Magnet,1,9.00,0.00,9.00,No,0.56
235040,06/14/2026,HH-STA-300-905CH,HH - Artwork of 400 Beacon Street Notecards - Chestnut Hill,1,30.00,0.00,30.00,No,1.88
235040,06/14/2026,HH-BOOK-400-649-CH,HH-The Devil's Auction by William Rathvon - Chestnut Hill,1,9.00,0.00,9.00,No,0.57
235040,06/14/2026,HH-GIFT-800-700CH,HH - What Our Leader Says Matted Prints - Chestnut Hill,1,12.00,0.00,12.00,No,0.74
235036,06/14/2026,PH-100-967,Joy - Matted Perforated Embroidery with Light Background,1,20.00,0.00,20.00,No,1.25
235036,06/14/2026,PH-100-964,Faith - Matted Perforated Embroidery,1,20.00,0.00,20.00,No,1.25
235026,06/14/2026,46364037546181,Historic House Appeal,1,300.00,0.00,300.00,No,0.00
235025,06/14/2026,46364037447877,Historic House Appeal,1,100.00,0.00,100.00,No,0.00
235024,06/14/2026,46364037415109,Historic House Appeal,1,50.00,0.00,50.00,No,0.00
235021,06/14/2026,HH-GIFT-900-100-CH,HH - Blest Christmas Morn Ornament - CHESTNUT HILL,1,18.00,0.00,18.00,No,1.13
235017,06/14/2026,BOOK-500-005,"A Home for Spike, by Heather Vogel Frederick",1,19.80,0.00,19.80,No,1.00
235017,06/14/2026,BOOK-300-725,"Christian Science Military Ministry, 1917-2004 by Kim M. Schuette",1,42.30,0.00,42.30,No,2.14
235017,06/14/2026,BOOK-500-002,Peter Henniker-Heaton: Man of Joy by Kim M. Schuette,1,36.00,0.00,36.00,No,1.82
235017,06/14/2026,BOOK-500-000,The Wartime Diaries of Chaplain Richard H. Chase by Kim M. Schuette,1,34.20,0.00,34.20,No,1.73
235017,06/14/2026,BOOK-400-000,Life at 400 Beacon Street by Heather Vogel Frederick,1,36.00,0.00,36.00,No,1.82
235017,06/14/2026,46363848147141,Membership,1,40.00,0.00,40.00,No,2.01
235015,06/14/2026,GIFT-900-104,Cross and Crown Acrylic Magnet,1,9.00,0.00,9.00,No,0.30
235015,06/14/2026,BOOK-900-905,Building of The Mother Church,1,18.00,0.00,18.00,No,0.60
235015,06/14/2026,HH-BOOK-400-020-LYNN,HH - “A Woman of Sound Education” – Mary Baker Eddy’s School Years by Heather Vogel Frederick - Lynn,1,18.00,0.00,18.00,No,0.60
235015,06/14/2026,46363848147141,Membership,1,40.00,0.00,40.00,No,1.31
235010,06/14/2026,46364004024517,Historic House Fund,1,200.00,0.00,200.00,No,0.00
235010,06/14/2026,46363976827077,Donor Cover Cost,1,6.08,0.00,6.08,No,0.00
235004,06/14/2026,46364003926213,Historic House Fund,1,100.00,0.00,100.00,No,0.00
235004,06/14/2026,46363976827077,Donor Cover Cost,1,3.19,0.00,3.19,No,0.00
235003,06/14/2026,BOOK-500-002,Peter Henniker-Heaton: Man of Joy by Kim M. Schuette,1,36.00,0.00,36.00,No,1.07
235003,06/14/2026,46363848147141,Membership,1,40.00,0.00,40.00,No,1.18
235002,06/14/2026,46363848147141,Membership,1,40.00,0.00,40.00,No,0.00
235001,06/14/2026,46364019294405,Longyear Fund,1,60.00,0.00,60.00,No,0.00
235000,06/14/2026,46364019491013,Longyear Legacy Endowment Fund,1,15.00,0.00,15.00,No,0.00
234997,06/14/2026,BOOK-400-103,A Precious Legacy: Christian Science Comes to Japan by Emi Abiko,1,10.00,0.00,10.00,No,0.00
234983,06/14/2026,GIFT-900-104,Cross and Crown Acrylic Magnet,1,9.00,0.00,9.00,No,0.57
234983,06/14/2026,HH-GIFT-900-103CH,HH-Cross and Crown Ornament - Chestnut Hill,1,18.00,0.00,18.00,No,1.13
234983,06/14/2026,GIFT-900-104,Cross and Crown Acrylic Magnet,1,9.00,0.00,9.00,No,0.56
234983,06/14/2026,HH-PH-300-106CH,HH-Diana or Christ - Framed - Chestnut Hill,1,16.20,0.00,16.20,No,1.01
234983,06/14/2026,HH-BOOK-400-318-CH,HH - Paths of Pioneer Christian Scientists by Christopher L. Tyner - Chestnut Hill,1,21.60,0.00,21.60,No,1.35
234983,06/14/2026,HH-STA-100-306CH,HH - Chestnut Hill Photo Notecards - Chestnut Hill,1,4.50,0.00,4.50,No,0.27
234977,06/14/2026,HH-JEWEL-100-800CH,HH - Cross and Crown Stained Glass Lapel Pin - Chestnut Hill,1,6.30,0.00,6.30,No,0.30
234977,06/14/2026,HH-GIFT-900-104CH,HH - Cross and Crown Acrylic Magnet - Chestnut Hill,1,9.00,0.00,9.00,No,0.43
234977,06/14/2026,,HH - Chestnut Hill Mini Notebooks - CONCORD,1,10.80,0.00,10.80,No,0.51
234977,06/14/2026,HH-GIFT-900-105-CH,HH - Peace Ornament - CH,1,18.00,0.00,18.00,No,0.84
234968,06/14/2026,GIFT-900-104,Cross and Crown Acrylic Magnet,1,10.00,0.00,10.00,No,0.63
234964,06/14/2026,PH-300-108,Rathvon Framed Quote,1,10.00,0.00,10.00,No,0.00
234964,06/14/2026,GIFT-600-110,Baby lamb,1,14.00,0.00,14.00,No,0.00
234955,06/14/2026,BOOK-500-184,The Ultimate Freedom by John H. Wyndham,1,11.65,0.00,11.65,No,0.73
234955,06/14/2026,GIFT-300-928,Kitchen Towels,2,16.20,0.00,32.40,No,2.02
234951,06/14/2026,GIFT-800-601,Longyear Magnets,1,3.00,0.00,3.00,No,0.19
234951,06/14/2026,PH-300-108,Rathvon Framed Quote,1,10.00,0.00,10.00,No,0.62
234921,06/14/2026,HH-STA-300-420CH,HH - Postcard - Chestnut Hill,1,0.90,0.00,0.90,No,0.06
234921,06/14/2026,HH-STA-300-420CH,HH - Postcard - Chestnut Hill,1,0.90,0.00,0.90,No,0.06
234921,06/14/2026,HH-STA-300-420CH,HH - Postcard - Chestnut Hill,1,0.90,0.00,0.90,No,0.06
234921,06/14/2026,HH-GIFT-800-601CH,HH - Longyear Magnets - Chestnut Hill,1,2.70,0.00,2.70,No,0.17
234921,06/14/2026,HH-PH-300-473-CH,HH - Daniel's Answer to the King - Chestnut Hill,1,27.00,0.00,27.00,No,1.68
234914,06/14/2026,HH-STA-100-306CH,HH - Chestnut Hill Photo Notecards - Chestnut Hill,1,4.50,0.00,4.50,No,0.29
234914,06/14/2026,HH-STA-100-306CH,HH - Chestnut Hill Photo Notecards - Chestnut Hill,2,4.50,0.00,9.00,No,0.56
234914,06/14/2026,HH-STA-100-306CH,HH - Chestnut Hill Photo Notecards - Chestnut Hill,1,4.50,0.00,4.50,No,0.28
234914,06/14/2026,STA-101-306,Chestnut Hill Photo Notecards,1,4.50,0.00,4.50,No,0.28
234914,06/14/2026,HH-STA-100-306CH,HH - Chestnut Hill Photo Notecards - Chestnut Hill,3,4.50,0.00,13.50,No,0.84
234879,06/14/2026,JEWEL-100-100,Cross and Crown Seal Pendants - Nikki Paulk,1,103.50,0.00,103.50,No,5.23
234879,06/14/2026,GIFT-900-104,Cross and Crown Acrylic Magnet,1,9.00,0.00,9.00,No,0.46
234879,06/14/2026,PH-100-963,Hope - Matted Perforated Embroidery,1,18.00,0.00,18.00,No,0.91
234879,06/14/2026,PH-100-967,Joy - Matted Perforated Embroidery with Light Background,1,18.00,0.00,18.00,No,0.91
234879,06/14/2026,PH-100-965,Love - Matted Perforated Embroidery,1,18.00,0.00,18.00,No,0.91
234879,06/14/2026,,Squirrel Socks,2,19.80,0.00,39.60,No,1.99
234832,06/14/2026,46364019294405,Longyear Fund,1,10.00,0.00,10.00,No,0.00
234832,06/14/2026,46363976827077,Donor Cover Cost,1,2.81,0.00,2.81,No,0.00
234831,06/14/2026,STA-300-824,Vintage Postcard,1,0.22,0.00,0.22,No,0.01
234831,06/14/2026,STA-300-420,Postcard,1,0.67,0.00,0.67,No,0.01
234831,06/14/2026,PH-300-103,The Quiet Room - Matted,1,10.80,0.00,10.80,No,0.09
234831,06/14/2026,46363848179909,Membership,1,75.00,0.00,75.00,No,0.62
234830,06/14/2026,46364019294405,Longyear Fund,1,30.00,0.00,30.00,No,0.00
234828,06/14/2026,46364019294405,Longyear Fund,1,30.00,0.00,30.00,No,0.00
234822,06/14/2026,46364019163333,Longyear Fund,1,50.00,0.00,50.00,No,0.00
234822,06/14/2026,46363848147141,Membership,1,40.00,0.00,40.00,No,0.00
234822,06/14/2026,46363976827077,Donor Cover Cost,1,14.18,0.00,14.18,No,0.00
234820,06/14/2026,46364019294405,Longyear Fund,1,10.00,0.00,10.00,No,0.00
234820,06/14/2026,46363976827077,Donor Cover Cost,1,2.81,0.00,2.81,No,0.00
234817,06/14/2026,BOOK-500-911,The Greatest Thing in the World by Henry Drummond,2,16.00,0.00,32.00,No,0.00
234809,06/14/2026,46364037415109,Historic House Appeal,1,50.00,0.00,50.00,No,0.00
234808,06/14/2026,46364037546181,Historic House Appeal,1,40.00,0.00,40.00,No,0.00
234805,06/14/2026,,"HH - ""The Dearest Spot"" Mug - CHESTNUT HILL",1,55.00,0.00,55.00,No,3.44
234804,06/14/2026,46364037415109,Historic House Appeal,1,50.00,0.00,50.00,No,0.00
234798,06/14/2026,46364037546181,Historic House Appeal,1,150.00,0.00,150.00,No,0.00
234795,06/14/2026,HH-PH-300-103-CH,HH-The Quiet Room - Matted - Chestnut Hill,1,12.00,0.00,12.00,No,0.75
234791,06/14/2026,PH-300-101,Vintage Swan Photo with Bible Verse - Matted,1,10.80,0.00,10.80,No,0.68
234791,06/14/2026,JEWEL-100-800,Cross and Crown Stained Glass Lapel Pin,1,6.30,0.00,6.30,No,0.39
234789,06/14/2026,46364037415109,Historic House Appeal,1,50.00,0.00,50.00,No,0.00
234788,06/14/2026,46364037415109,Historic House Appeal,1,50.00,0.00,50.00,No,0.00
234787,06/14/2026,46364037447877,Historic House Appeal,1,100.00,0.00,100.00,No,0.00
234783,06/14/2026,46364037447877,Historic House Appeal,1,100.00,0.00,100.00,No,0.00
235014,06/14/2026,46363848147141,Membership,1,40.00,0.00,40.00,No,0.00
234782,06/14/2026,46364037480645,Historic House Appeal,1,250.00,0.00,250.00,No,0.00
234781,06/14/2026,46364040102085,Ongoing Fundraising,1,3000.00,0.00,3000.00,No,0.00
234775,06/14/2026,PH-300-473,Daniel's Answer to the King,1,27.00,0.00,27.00,No,1.69
234775,06/14/2026,BOOK-500-745,Island of Peace in an Ocean of Unrest: The Letters of Dorothy von Moltke by Catherine R. Hammond,1,26.95,0.00,26.95,No,1.69
234775,06/14/2026,PH-300-107,Vintage Swan Print - Floating Frame,1,22.50,0.00,22.50,No,1.40
234780,06/14/2026,46364040102085,Ongoing Fundraising,1,365.00,0.00,365.00,No,0.00
234772,06/14/2026,46364004024517,Historic House Fund,1,70.00,0.00,70.00,No,0.00
234772,06/14/2026,46363976827077,Donor Cover Cost,1,2.32,0.00,2.32,No,0.00
234769,06/14/2026,BOOK-500-006,"A Home for Spike, by Heather Vogel Frederick",1,33.30,0.00,33.30,No,2.08
234766,06/14/2026,HH-BOOK-400-000CH,HH - Life at 400 Beacon Street by Heather Vogel Frederick - Chestnut Hill,1,36.00,0.00,36.00,No,2.25
234761,06/14/2026,GIFT-600-110,Baby lamb,1,14.00,0.00,14.00,No,0.88
234761,06/14/2026,JEWEL-100-800,Cross and Crown Stained Glass Lapel Pin,1,7.00,0.00,7.00,No,0.43
234761,06/14/2026,STA-200-500,Longyear Pencil,1,0.99,0.00,0.99,No,0.06
234751,06/14/2026,GIFT-500-001,Chestnut Hill Coasters,1,14.40,0.00,14.40,No,0.90
234751,06/14/2026,JEWEL-100-800,Cross and Crown Stained Glass Lapel Pin,1,6.30,0.00,6.30,No,0.40
234751,06/14/2026,GIFT-500-009,Chestnut Hill Magnetic Floral Notepads,1,10.80,0.00,10.80,No,0.67
234751,06/14/2026,GIFT-500-004,Chestnut Hill Mini Notebooks,1,10.80,0.00,10.80,No,0.67
234722,06/14/2026,46363848147141,Membership,1,40.00,0.00,40.00,No,0.00
234709,06/14/2026,Gift-100-100,Gift Certificate - Redeem,1,-50.00,0.00,-50.00,No,0.00
234709,06/14/2026,Gift-100-100,Gift Certificate - Redeem,1,-50.00,0.00,-50.00,No,0.00
234709,06/14/2026,GIFT-600-108,Musical Lamb,1,55.00,0.00,55.00,No,3.44
234709,06/14/2026,GIFT-600-108,Musical Lamb,1,55.00,0.00,55.00,No,3.44
234701,06/14/2026,BOOK-400-317,Violet Hay by Peter J. Hodgson,1,10.80,0.00,10.80,No,0.49
234701,06/14/2026,BOOK-400-103,A Precious Legacy: Christian Science Comes to Japan by Emi Abiko,1,9.00,0.00,9.00,No,0.41
234701,06/14/2026,BOOK-400-112,Pioneers in Christian Science,1,11.70,0.00,11.70,No,0.53
234701,06/14/2026,BOOK-400-645,My Life Model by Carol Norton,1,8.10,0.00,8.10,No,0.37
234701,06/14/2026,BOOK-400-649,The Devil's Auction by William Rathvon,1,8.10,0.00,8.10,No,0.37
234701,06/14/2026,BOOK-500-911,The Greatest Thing in the World by Henry Drummond,1,14.40,0.00,14.40,No,0.65
234701,06/14/2026,BOOK-100-912,Triumph of Job by Dr. Laura C. Pleming,1,10.80,0.00,10.80,No,0.49
234701,06/14/2026,GIFT-900-102,Glass Cross & Crown Paperweight,1,22.50,0.00,22.50,No,1.01
234701,06/14/2026,BOOK-400-163,Young Pioneers,1,2.70,0.00,2.70,No,0.12
234701,06/14/2026,GIFT-800-601,Longyear Magnets,1,2.70,0.00,2.70,No,0.12
234701,06/14/2026,STA-200-500,Longyear Pencil,2,0.89,0.00,1.78,No,0.08
234701,06/14/2026,46363848147141,Membership,1,40.00,0.00,40.00,No,1.77
234703,06/14/2026,46363848147141,Membership,1,40.00,0.00,40.00,No,0.00
234703,06/14/2026,46363976827077,Donor Cover Cost,1,1.46,0.00,1.46,No,0.00
234702,06/14/2026,46363848147141,Membership,1,40.00,0.00,40.00,No,0.00
234928,06/14/2026,AUD-100-172,I Heard Lincoln That Day,1,12.60,0.00,12.60,No,0.67
234928,06/14/2026,GIFT-800-600,Longyear Magnetic Flashlight Keychain,1,4.50,0.00,4.50,No,0.24
234928,06/14/2026,STA-300-420,Postcard,1,0.90,0.00,0.90,No,0.05
234928,06/14/2026,BOOK-400-103,A Precious Legacy: Christian Science Comes to Japan by Emi Abiko,1,9.00,0.00,9.00,No,0.48
234928,06/14/2026,BOOK-500-826,By Their Fruits Ye Shall Know Them,1,13.50,0.00,13.50,No,0.71
234928,06/14/2026,BOOK-400-317,Violet Hay by Peter J. Hodgson,1,10.80,0.00,10.80,No,0.57
234928,06/14/2026,BOOK-500-002,Peter Henniker-Heaton: Man of Joy by Kim M. Schuette,1,36.00,0.00,36.00,No,1.89
234700,06/14/2026,HH-GIFT-600-108CH,HH- Musical Lamb - Chestnut Hill,1,52.00,0.00,52.00,No,2.09
234700,06/14/2026,BOOK-500-005,"A Home for Spike, by Heather Vogel Frederick",1,19.80,0.00,19.80,No,0.80
234700,06/14/2026,46363848147141,Membership,1,40.00,0.00,40.00,No,1.60
234699,06/14/2026,BOOK-400-104,Christian Science In Germany by Frances Thurber Seal,1,9.00,0.00,9.00,No,0.00
234699,06/14/2026,46364019196101,Longyear Fund,1,100.00,0.00,100.00,No,0.00
234698,06/14/2026,46364040102085,Ongoing Fundraising,1,1500.00,0.00,1500.00,No,0.00
234686,06/14/2026,BOOK-400-104,Christian Science In Germany by Frances Thurber Seal,1,9.00,0.00,9.00,No,0.00
234683,06/14/2026,46363848147141,Membership,1,40.00,0.00,40.00,No,0.00
234683,06/14/2026,46363976827077,Donor Cover Cost,1,1.46,0.00,1.46,No,0.00
234682,06/14/2026,GIFT-900-102,Glass Cross & Crown Paperweight,1,23.40,0.00,23.40,No,0.81
234682,06/14/2026,JEWEL-100-800,Cross and Crown Stained Glass Lapel Pin,1,6.30,0.00,6.30,No,0.22
234682,06/14/2026,GIFT-800-601,Longyear Magnets,1,2.70,0.00,2.70,No,0.10
234682,06/14/2026,GIFT-300-928,Kitchen Towels,1,16.20,0.00,16.20,No,0.56
234682,06/14/2026,46363848147141,Membership,1,40.00,0.00,40.00,No,1.35
234677,06/14/2026,46363848147141,Membership,1,40.00,0.00,40.00,No,0.00
234673,06/14/2026,46364039971013,Ongoing Fundraising,1,50.00,0.00,50.00,No,0.00
235368,06/14/2026,GIFT-600-108,Musical Lamb,1,49.50,0.00,49.50,No,3.10
235368,06/14/2026,BOOK-200-100,Science and Health with Key to the Scriptures by Mary Baker Eddy  - Sterling Edition,1,18.00,0.00,18.00,No,1.13
235368,06/14/2026,BOOK-500-079,On the Way There by Katherine M. Yates,1,17.10,0.00,17.10,No,1.07
235368,06/14/2026,BOOK-300-496,Lectures and Articles on Christian Science by Edward A. Kimball,1,18.00,0.00,18.00,No,1.13
235368,06/14/2026,STA-100-098,Sheep Notecards,2,5.40,0.00,10.80,No,0.68
235368,06/14/2026,STA-100-099,Sheep Notecards,1,5.40,0.00,5.40,No,0.34
235368,06/14/2026,STA-101-306,Chestnut Hill Photo Notecards,1,4.50,0.00,4.50,No,0.28
235368,06/14/2026,GIFT-800-700,What Our Leader Says Matted Prints,1,10.80,0.00,10.80,No,0.67
235368,06/14/2026,GIFT-800-700,What Our Leader Says Matted Prints,1,10.80,0.00,10.80,No,0.66
235368,06/14/2026,STA-100-2000WCI,Watercolor Historic House Cards,1,1.80,0.00,1.80,No,0.11
234674,06/14/2026,46364037415109,Historic House Appeal,1,50.00,0.00,50.00,No,0.00
234600,06/14/2026,AUD-500-531,Life at 400 Beacon Street - Audiobook,1,45.00,0.00,45.00,No,2.11
234600,06/14/2026,AUD-500-533,Paths of Pioneer Christian Scientists by Christopher L. Tyner - Audiobook,1,31.50,0.00,31.50,No,1.48
234600,06/14/2026,GIFT-400-733,A Paean of Praise by Mary Baker Eddy,1,18.00,0.00,18.00,No,0.85
234600,06/14/2026,BOOK-500-002,Peter Henniker-Heaton: Man of Joy by Kim M. Schuette,1,25.20,0.00,25.20,No,1.18
234600,06/14/2026,46363848147141,Membership,1,40.00,0.00,40.00,No,1.86
234625,06/14/2026,JEWEL-100-992,Sterling Silver Box Chain Necklaces,1,38.44,0.00,38.44,No,0.00
235116,06/14/2026,GIFT-900-102,Glass Cross & Crown Paperweight,1,26.00,0.00,26.00,No,1.63
235116,06/14/2026,GIFT-400-111,Cross and Crown Trinket Dish,1,20.00,0.00,20.00,No,1.25
235116,06/14/2026,BOOK-400-104,Christian Science In Germany by Frances Thurber Seal,1,9.00,0.00,9.00,No,0.57
235116,06/14/2026,JEWEL-100-801,Cross and Crown Brooch Pin,2,20.00,0.00,40.00,No,2.49
235116,06/14/2026,STA-101-306,Chestnut Hill Photo Notecards,1,5.00,0.00,5.00,No,0.31
234605,06/14/2026,GIFT-600-108,Musical Lamb,1,55.00,0.00,55.00,No,0.00
235287,06/14/2026,GIFT-400-111,Cross and Crown Trinket Dish,1,20.00,0.00,20.00,No,0.00
235287,06/14/2026,BOOK-400-649,The Devil's Auction by William Rathvon,1,9.00,0.00,9.00,No,0.00
235287,06/14/2026,JEWEL-100-310,Cross and Crown Enamel Pin,1,28.00,0.00,28.00,No,0.00
235354,06/14/2026,JEWEL-100-992,Sterling Silver Box Chain Necklaces,1,34.59,0.00,34.59,No,2.17
235354,06/14/2026,JEWEL-100-992,Sterling Silver Box Chain Necklaces,1,34.59,0.00,34.59,No,2.17
235354,06/14/2026,JEWEL-100-100,Cross and Crown Seal Pendants - Nikki Paulk,2,94.50,0.00,189.00,No,11.81
235354,06/14/2026,GIFT-800-601,Longyear Magnets,2,2.70,0.00,5.40,No,0.34
235354,06/14/2026,GIFT-600-108,Musical Lamb,1,49.50,0.00,49.50,No,3.08
235395,06/14/2026,HH-GIFT-100-001LY,HH-Longyear Museum Mug - Lynn,1,23.40,0.00,23.40,No,1.47
235395,06/14/2026,HH-GIFT-100-001LY,HH-Longyear Museum Mug - Lynn,1,23.40,0.00,23.40,No,1.47
235395,06/14/2026,JEWEL-100-100,Cross and Crown Seal Pendants - Nikki Paulk,2,94.50,0.00,189.00,No,11.81
235395,06/14/2026,JEWEL-100-992,Sterling Silver Box Chain Necklaces,2,34.59,0.00,69.18,No,4.31
235365,06/14/2026,GIFT-500-004,Chestnut Hill Mini Notebooks,1,10.80,0.00,10.80,No,0.68
234944,06/14/2026,AUD-100-172,I Heard Lincoln That Day,2,14.00,0.00,28.00,No,1.76
234944,06/14/2026,AUD-100-417,Violet Hay - Audiobook,1,22.00,0.00,22.00,No,1.38
234944,06/14/2026,AUD-100-415,William Tyndale: A Ploughman's Talk,1,22.00,0.00,22.00,No,1.38
234944,06/14/2026,STA-300-905,Artwork of 400 Beacon Street Notecards,1,30.00,0.00,30.00,No,1.87
234944,06/14/2026,BOOK-400-317,Violet Hay by Peter J. Hodgson,1,12.00,0.00,12.00,No,0.74
234849,06/14/2026,GIFT-800-611,Artisanal Bookmarks,1,12.60,0.00,12.60,No,0.65
234849,06/14/2026,GIFT-800-611,Artisanal Bookmarks,1,12.60,0.00,12.60,No,0.65
234849,06/14/2026,HH-GIFT-100-005-CH,HH - Wallpaper Coasters - CHESTNUT HILL,1,13.50,0.00,13.50,No,0.70
234849,06/14/2026,HH-GIFT-100-003-CH,HH - Wallpaper Mugs - CHESTNUT HILL,1,14.40,0.00,14.40,No,0.74
234849,06/14/2026,PH-100-964,Faith - Matted Perforated Embroidery,1,18.00,0.00,18.00,No,0.93
234849,06/14/2026,PH-100-963,Hope - Matted Perforated Embroidery,1,18.00,0.00,18.00,No,0.93
234849,06/14/2026,PH-100-965,Love - Matted Perforated Embroidery,1,18.00,0.00,18.00,No,0.92
234849,06/14/2026,GIFT-800-700,What Our Leader Says Matted Prints,1,10.80,0.00,10.80,No,0.56
234849,06/14/2026,BOOK-500-006,"A Home for Spike, by Heather Vogel Frederick",1,33.30,0.00,33.30,No,1.70
234849,06/14/2026,46363848147141,Membership,1,36.00,0.00,36.00,No,1.84
234849,06/14/2026,GIFT-900-104,Cross and Crown Acrylic Magnet,1,9.00,0.00,9.00,No,0.46
234849,06/14/2026,HH-GIFT-800-601-CO,HH - Longyear Magnets - CONCORD,1,2.70,0.00,2.70,No,0.14
234849,06/14/2026,HH-GIFT-800-601-CO,HH - Longyear Magnets - CONCORD,1,2.70,0.00,2.70,No,0.13
234891,06/14/2026,HH-GIFT-900-104CH,HH - Cross and Crown Acrylic Magnet - Chestnut Hill,1,10.00,0.00,10.00,No,0.63
234891,06/14/2026,HH-GIFT-100-007CH,HH - Carpet Coasters - CHESTNUT HILL,1,15.00,0.00,15.00,No,0.94
234891,06/14/2026,HH-STA-200-501-CH,HH - Wallpaper Pen - CHESTNUT HILL,1,8.00,0.00,8.00,No,0.50
234891,06/14/2026,HH-PH-300-103-CH,HH-The Quiet Room - Matted - Chestnut Hill,1,12.00,0.00,12.00,No,0.75
234891,06/14/2026,HH-GIFT-100-007CH,HH - Carpet Coasters - CHESTNUT HILL,1,15.00,0.00,15.00,No,0.94
234891,06/14/2026,HH-GIFT-900-104CH,HH - Cross and Crown Acrylic Magnet - Chestnut Hill,1,10.00,0.00,10.00,No,0.63
234891,06/14/2026,HH-BOOK-400-318-CH,HH - Paths of Pioneer Christian Scientists by Christopher L. Tyner - Chestnut Hill,1,24.00,0.00,24.00,No,1.50
234891,06/14/2026,HH-STA-300-420CH,HH - Postcard - Chestnut Hill,1,1.00,0.00,1.00,No,0.07
234891,06/14/2026,HH-GIFT-400-732-CH,HH- Home Plaque - Chestnut Hill,1,20.00,0.00,20.00,No,1.25
234891,06/14/2026,HH-GIFT-100-003-CH,HH - Wallpaper Mugs - CHESTNUT HILL,1,16.00,0.00,16.00,No,0.99
234891,06/14/2026,HH-GIFT-100-003-CH,HH - Wallpaper Mugs - CHESTNUT HILL,1,16.00,0.00,16.00,No,0.99
234907,06/14/2026,HH-GIFT-900-104CH,HH - Cross and Crown Acrylic Magnet - Chestnut Hill,1,10.00,0.00,10.00,No,0.63
234907,06/14/2026,HH-GIFT-400-111-CH,HH-Cross and Crown Trinket Dish - Chestnut Hill,1,20.00,0.00,20.00,No,1.25
234907,06/14/2026,HH-PH-300-100-CH,HH - Rathvon Framed Quote - CHESTNUT HILL,1,10.00,0.00,10.00,No,0.63
234907,06/14/2026,HH-BOOK-400-649-CH,HH-The Devil's Auction by William Rathvon - Chestnut Hill,1,9.00,0.00,9.00,No,0.56
234907,06/14/2026,HH-GIFT-800-601CH,HH - Longyear Magnets - Chestnut Hill,1,3.00,0.00,3.00,No,0.18
234991,06/14/2026,HH-PH-300-105CH,HH-The Quiet Room - Framed - Chestnut Hill,1,18.00,0.00,18.00,No,1.13
234974,06/14/2026,HH-GIFT-900-105-CH,HH - Peace Ornament - CH,1,20.00,0.00,20.00,No,1.25
234971,06/14/2026,HH-PH-300-100-CH,HH - Rathvon Framed Quote - CHESTNUT HILL,1,10.00,0.00,10.00,No,0.63
234938,06/14/2026,STA-300-420,Postcard,1,1.00,0.00,1.00,No,0.06
234938,06/14/2026,BOOK-500-826,By Their Fruits Ye Shall Know Them,1,15.00,0.00,15.00,No,0.76
234938,06/14/2026,BOOK-500-002,Peter Henniker-Heaton: Man of Joy by Kim M. Schuette,1,40.00,0.00,40.00,No,2.03
234938,06/14/2026,BOOK-400-318,Paths of Pioneer Christian Scientists by Christopher L. Tyner,1,24.00,0.00,24.00,No,1.21
234904,06/14/2026,HH-BOOK-400-318-CH,HH - Paths of Pioneer Christian Scientists by Christopher L. Tyner - Chestnut Hill,1,24.00,0.00,24.00,No,1.50
234874,06/14/2026,HH-GIFT-500-004CH,HH- Mini Notebooks - Chestnut Hill,1,12.00,0.00,12.00,No,0.75
234874,06/14/2026,HH-GIFT-100-005-CH,HH - Wallpaper Coasters - CHESTNUT HILL,1,15.00,0.00,15.00,No,0.94
234874,06/14/2026,HH-GIFT-300-928CH,HH-Kitchen Towels - Chestnut Hill,1,18.00,0.00,18.00,No,1.12
234887,06/14/2026,GIFT-500-004,Chestnut Hill Mini Notebooks,7,12.00,0.00,84.00,No,5.25
234887,06/14/2026,GIFT-500-004,Chestnut Hill Mini Notebooks,7,12.00,0.00,84.00,No,5.25
234865,06/14/2026,BOOK-500-002,Peter Henniker-Heaton: Man of Joy by Kim M. Schuette,1,36.00,0.00,36.00,No,2.26
234865,06/14/2026,AUD-300-460,Inhabiting Eternity,1,17.10,0.00,17.10,No,1.06
234834,06/14/2026,GIFT-800-611,Artisanal Bookmarks,1,14.00,0.00,14.00,No,0.88
234834,06/14/2026,BOOK-200-075,Science and Health with Key to the Scriptures by Mary Baker Eddy  - Spanish,1,28.00,0.00,28.00,No,1.75
234834,06/14/2026,PH-300-323,"Arise, Shine! Prints",1,66.00,0.00,66.00,No,4.12
234844,06/14/2026,BOOK-500-826,By Their Fruits Ye Shall Know Them,1,15.00,0.00,15.00,No,0.58
234844,06/14/2026,PH-300-103,The Quiet Room - Matted,1,12.00,0.00,12.00,No,0.46
234844,06/14/2026,GIFT-800-700,What Our Leader Says Matted Prints,1,12.00,0.00,12.00,No,0.46
234869,06/14/2026,STA-100-199,Watercolor Historic House Notecard Sets,1,30.00,0.00,30.00,No,1.88
234869,06/14/2026,STA-100-199,Watercolor Historic House Notecard Sets,1,30.00,0.00,30.00,No,1.87
234719,06/14/2026,,The Mother Church Impressionist Painting Notecard,12,4.50,0.00,54.00,No,0.00
234839,06/14/2026,JEWEL-100-800,Cross and Crown Stained Glass Lapel Pin,4,7.00,0.00,28.00,No,1.75
234839,06/14/2026,,The Mother Church Impressionist Painting Notecard,1,4.50,0.00,4.50,No,0.28
234746,06/14/2026,,The Mother Church Impressionist Painting Notecard,6,4.50,0.00,27.00,No,0.00
234784,06/14/2026,BOOK-200-100,Science and Health with Key to the Scriptures by Mary Baker Eddy  - Sterling Edition,1,12.00,0.00,12.00,No,0.75
234716,06/14/2026,HH-BOOK-500-349LY,HH - Lullaby for a Child by Doris Peel - Lynn,1,14.95,0.00,14.95,No,0.93
234673,06/14/2026,46364039971013,Ongoing Fundraising,1,50.00,0.00,50.00,No,0.00
234672,06/14/2026,46364040102085,Ongoing Fundraising,1,20.00,0.00,20.00,No,0.00
234671,06/14/2026,46364040036549,Ongoing Fundraising,1,250.00,0.00,250.00,No,0.00
234669,06/14/2026,46364040003781,Ongoing Fundraising,1,100.00,0.00,100.00,No,0.00
234654,06/14/2026,46364003926213,Historic House Fund,1,100.00,0.00,100.00,No,0.00
234654,06/14/2026,46363976827077,Donor Cover Cost,1,3.19,0.00,3.19,No,0.00
234614,06/14/2026,46364003926213,Historic House Fund,1,100.00,0.00,100.00,No,0.00
234614,06/14/2026,46363976827077,Donor Cover Cost,1,3.19,0.00,3.19,No,0.00
234602,06/14/2026,46363848179909,Membership,1,75.00,0.00,75.00,No,0.00
234601,06/14/2026,46363848147141,Membership,1,40.00,0.00,40.00,No,0.00
234601,06/14/2026,TOUR-100-600,Lynn and Swampscott Tours,1,0.00,0.00,0.00,No,0.00
235178,06/14/2026,46363848147141,Membership,1,40.00,0.00,40.00,No,0.00
235178,06/14/2026,46363976827077,Donor Cover Cost,1,1.46,0.00,1.46,No,0.00
235173,06/14/2026,46363848147141,Membership,1,40.00,0.00,40.00,No,0.00
235173,06/14/2026,46363976827077,Donor Cover Cost,1,1.46,0.00,1.46,No,0.00
235459,06/14/2026,PH-300-108,Rathvon Framed Quote,1,9.00,0.00,9.00,No,0.56
235401,06/14/2026,PH-300-108,Rathvon Framed Quote,2,9.00,0.00,18.00,No,1.13
235401,06/14/2026,BOOK-200-363,A Complete Concordance to the Writings of Mary Baker Eddy,1,40.50,0.00,40.50,No,2.53
235408,06/14/2026,PH-300-018,Red Rock at Sunset,1,16.20,0.00,16.20,No,1.01
235267,06/14/2026,46363848147141,Membership,1,40.00,0.00,40.00,No,0.00
235267,06/14/2026,46363976827077,Donor Cover Cost,1,1.46,0.00,1.46,No,0.00
235261,06/14/2026,46364067430597,General Donation,1,100.00,0.00,100.00,No,0.00
235045,06/14/2026,HH-GIFT-900-102CH,HH-Glass Cross & Crown Paperweight - Chestnut Hill,1,26.00,0.00,26.00,No,1.63
235070,06/14/2026,HH-STA-300-420CH,HH - Postcard - Chestnut Hill,1,1.00,0.00,1.00,No,0.00
235070,06/14/2026,HH-STA-300-420CH,HH - Postcard - Chestnut Hill,1,1.00,0.00,1.00,No,0.00
235027,06/14/2026,HH-GIFT-900-103CH,HH-Cross and Crown Ornament - Chestnut Hill,1,20.00,0.00,20.00,No,0.35
235027,06/14/2026,,HH - Chestnut Hill Mini Notebooks - CONCORD,1,12.00,0.00,12.00,No,0.21
235027,06/14/2026,46363848147141,Membership,1,40.00,0.00,40.00,No,0.69
235018,06/14/2026,46364003926213,Historic House Fund,1,100.00,0.00,100.00,No,0.00
235018,06/14/2026,46363976827077,Donor Cover Cost,1,3.19,0.00,3.19,No,0.00
234810,06/14/2026,HH-JEWEL-100-800CH,HH - Cross and Crown Stained Glass Lapel Pin - Chestnut Hill,1,7.00,0.00,7.00,No,0.12
234810,06/14/2026,HH-JEWEL-100-800CH,HH - Cross and Crown Stained Glass Lapel Pin - Chestnut Hill,1,7.00,0.00,7.00,No,0.12
234810,06/14/2026,BOOK-500-006,"A Home for Spike, by Heather Vogel Frederick",1,37.00,0.00,37.00,No,0.62
234810,06/14/2026,HH-GIFT-300-153CH,HH-Chestnut Hill Scarf - Chestnut Hill,2,50.00,0.00,100.00,No,1.67
234810,06/14/2026,46363848147141,Membership,1,40.00,0.00,40.00,No,0.66
234799,06/14/2026,GIFT-600-005,"""Spike"" the Squirrel",1,20.00,0.00,20.00,No,0.42
234799,06/14/2026,46363848147141,Membership,1,40.00,0.00,40.00,No,0.83
234678,06/14/2026,GIFT-600-108,Musical Lamb,1,55.00,0.00,55.00,No,0.00
234664,06/14/2026,BOOK-500-347,On Noah's Ark by Jan Brett,1,16.20,0.00,16.20,No,0.00
234664,06/14/2026,GIFT-400-730,Little Children's Prayer by Mary Baker Eddy,1,24.30,0.00,24.30,No,0.00
234664,06/14/2026,GIFT-300-000,Men's Fleece Vest,1,41.40,0.00,41.40,No,0.00
234664,06/14/2026,GIFT-300-927,Historic Houses Tote,2,31.50,0.00,63.00,No,0.00
234647,06/14/2026,BOOK-400-318,Paths of Pioneer Christian Scientists by Christopher L. Tyner,1,24.00,0.00,24.00,No,0.00
234636,06/14/2026,GIFT-800-600,Longyear Magnetic Flashlight Keychain,1,5.00,0.00,5.00,No,0.31
235057,06/14/2026,PH-100-963,Hope - Matted Perforated Embroidery,1,18.00,0.00,18.00,No,1.13
235057,06/14/2026,PH-100-965,Love - Matted Perforated Embroidery,1,18.00,0.00,18.00,No,1.13
235057,06/14/2026,PH-100-967,Joy - Matted Perforated Embroidery with Light Background,1,18.00,0.00,18.00,No,1.13
235057,06/14/2026,PH-100-964,Faith - Matted Perforated Embroidery,1,18.00,0.00,18.00,No,1.12
235057,06/14/2026,GIFT-100-102,Framed “Brother Birds” Prints,1,36.00,0.00,36.00,No,2.24
235048,06/14/2026,HH-BOOK-400-649-CH,HH-The Devil's Auction by William Rathvon - Chestnut Hill,1,8.10,0.00,8.10,No,0.51
235048,06/14/2026,HH-AUD-100-172CH,HH-I Heard Lincoln That Day - Chestnut Hill,1,12.60,0.00,12.60,No,0.78
235237,06/14/2026,46363848147141,Membership,1,40.00,0.00,40.00,No,0.00
235254,06/14/2026,46363848147141,Membership,1,40.00,0.00,40.00,No,0.00
234676,06/14/2026,46363848147141,Membership,1,40.00,0.00,40.00,No,0.00
234644,06/14/2026,GIFT-400-109,Cross and Crown Stained-glass Suncatcher,1,60.00,0.00,60.00,No,0.00
234689,06/14/2026,BOOK-500-002,Peter Henniker-Heaton: Man of Joy by Kim M. Schuette,1,40.00,0.00,40.00,No,0.00
235221,06/14/2026,46363848147141,Membership,1,40.00,0.00,40.00,No,0.00
235221,06/14/2026,46363848147141,Membership,1,60.00,0.00,60.00,No,0.00
235319,06/14/2026,JEWEL-100-100,Cross and Crown Seal Pendants - Nikki Paulk,1,103.50,0.00,103.50,No,6.47
234790,06/14/2026,46364037415109,Historic House Appeal,1,50.00,0.00,50.00,No,0.00
234628,06/14/2026,JEWEL-100-801,Cross and Crown Brooch Pin,1,20.00,0.00,20.00,No,0.00
234658,06/14/2026,46363848147141,Membership,1,40.00,0.00,40.00,No,0.00
235064,06/14/2026,BOOK-400-104,Christian Science In Germany by Frances Thurber Seal,3,9.00,0.00,27.00,No,0.00
235064,06/14/2026,46363848147141,Membership,1,40.00,0.00,40.00,No,0.00
235064,06/14/2026,BOOK-500-745,Island of Peace in an Ocean of Unrest: The Letters of Dorothy von Moltke by Catherine R. Hammond,1,29.95,0.00,29.95,No,0.00
234639,06/14/2026,GIFT-400-109,Cross and Crown Stained-glass Suncatcher,1,54.00,0.00,54.00,No,0.00
234639,06/14/2026,46363848147141,Membership,1,40.00,0.00,40.00,No,0.00
234757,06/14/2026,STA-100-098,Sheep Notecards,1,5.40,0.00,5.40,No,0.34
234757,06/14/2026,STA-100-099,Sheep Notecards,1,5.40,0.00,5.40,No,0.34
234750,06/14/2026,46363848147141,Membership,1,40.00,0.00,40.00,No,0.00
234681,06/14/2026,46363848147141,Membership,1,40.00,0.00,40.00,No,0.00
234631,06/14/2026,46363848147141,Membership,1,40.00,0.00,40.00,No,0.00
235007,06/14/2026,46364019491013,Graham Historic House Endowment Fund,1,150.00,0.00,150.00,No,0.00
235007,06/14/2026,46363976827077,Donor Cover Cost,1,4.64,0.00,4.64,No,0.00
234611,06/14/2026,46364019196101,Longyear Fund,1,100.00,0.00,100.00,No,0.00
234611,06/14/2026,46363976827077,Donor Cover Cost,1,3.19,0.00,3.19,No,0.00
235299,06/14/2026,46363848179909,Membership,1,75.00,0.00,75.00,No,0.00
235140,06/14/2026,BOOK-500-059,Walking Between the Times: Paul's Moral Reasoning by J. Paul Sampley,1,21.60,0.00,21.60,No,0.64
235140,06/14/2026,GIFT-500-009,Chestnut Hill Magnetic Floral Notepads,1,10.80,0.00,10.80,No,0.32
235140,06/14/2026,46363848147141,Membership,1,36.00,0.00,36.00,No,1.06
235163,06/14/2026,46363848147141,Membership,1,40.00,0.00,40.00,No,0.00
235163,06/14/2026,46364019163333,Longyear Fund,1,50.00,0.00,50.00,No,0.00
235162,06/14/2026,46363848147141,Membership,1,40.00,0.00,40.00,No,0.00
235162,06/14/2026,46364019163333,Longyear Fund,1,50.00,0.00,50.00,No,0.00
235212,06/14/2026,46364037546181,Historic House Appeal,1,200.00,0.00,200.00,No,0.00
234959,06/14/2026,GIFT-300-927,Historic Houses Tote,1,31.50,0.00,31.50,No,1.97
234959,06/14/2026,BOOK-400-316,"A Chronological Reference to Mary Baker Eddy's Books Miscellaneous Writings: 1883 - 1896 and The First Church of Christ, Scientist, and Miscellany",2,10.80,0.00,21.60,No,1.35
234959,06/14/2026,BOOK-400-046,A Most Agreeable Man: Lyman Foster Brackett by Peter J. Hodgson,1,18.00,0.00,18.00,No,1.12
234608,06/14/2026,GIFT-400-109,Cross and Crown Stained-glass Suncatcher,1,54.00,0.00,54.00,No,0.00
235097,06/14/2026,GIFT-400-109,Cross and Crown Stained-glass Suncatcher,1,54.00,0.00,54.00,No,2.34
235097,06/14/2026,GIFT-900-103,Cross and Crown Ornament,1,18.00,0.00,18.00,No,0.78
235097,06/14/2026,BOOK-400-103,A Precious Legacy: Christian Science Comes to Japan by Emi Abiko,1,9.00,0.00,9.00,No,0.39
235097,06/14/2026,46363848147141,Membership,1,36.00,0.00,36.00,No,1.55
235016,06/14/2026,GIFT-800-601,Longyear Magnets,1,2.70,0.00,2.70,No,0.04
235016,06/14/2026,GIFT-800-601,Longyear Magnets,1,2.70,0.00,2.70,No,0.04
235016,06/14/2026,GIFT-800-601,Longyear Magnets,1,2.70,0.00,2.70,No,0.04
235016,06/14/2026,GIFT-800-601,Longyear Magnets,1,2.70,0.00,2.70,No,0.04
235016,06/14/2026,46363848147141,Membership,1,40.00,0.00,40.00,No,0.52
235454,06/14/2026,JEWEL-100-100,Cross and Crown Seal Pendants - Nikki Paulk,1,94.50,0.00,94.50,No,5.91
235454,06/14/2026,JEWEL-100-992,Sterling Silver Box Chain Necklaces,1,34.59,0.00,34.59,No,2.16
235454,06/14/2026,PH-300-108,Rathvon Framed Quote,1,9.00,0.00,9.00,No,0.56
235451,06/14/2026,GIFT-300-928,Kitchen Towels,2,16.20,0.00,32.40,No,2.02
235437,06/14/2026,GIFT-800-601,Longyear Magnets,1,2.70,0.00,2.70,No,0.17
235437,06/14/2026,GIFT-800-601,Longyear Magnets,1,2.70,0.00,2.70,No,0.17
235437,06/14/2026,,The Mother Church Impressionist Painting Notecard,2,4.05,0.00,8.10,No,0.51
235437,06/14/2026,STA-100-323,Spike Notecard,1,4.05,0.00,4.05,No,0.26
235437,06/14/2026,STA-300-900,James Gilman Notecards,1,19.80,0.00,19.80,No,1.24
235437,06/14/2026,GIFT-900-103,Cross and Crown Ornament,1,18.00,0.00,18.00,No,1.13
235437,06/14/2026,STA-300-902,Amesbury Notecards,1,25.20,0.00,25.20,No,1.58
235437,06/14/2026,GIFT-300-927,Historic Houses Tote,2,31.50,0.00,63.00,No,3.93
235437,06/14/2026,GIFT-500-009,Chestnut Hill Magnetic Floral Notepads,1,10.80,0.00,10.80,No,0.68
235437,06/14/2026,STA-300-901,Chestnut Hill Notecards,1,25.20,0.00,25.20,No,1.57
235437,06/14/2026,PH-300-108,Rathvon Framed Quote,1,9.00,0.00,9.00,No,0.56
235437,06/14/2026,BOOK-400-020,“A Woman of Sound Education” – Mary Baker Eddy’s School Years by Heather Vogel Frederick,1,18.00,0.00,18.00,No,1.11
235253,06/14/2026,46363848147141,Membership,1,40.00,0.00,40.00,No,0.00
235250,06/14/2026,JEWEL-100-110,Cross and Crown Seal Pendant Earrings,1,196.20,0.00,196.20,No,12.26
235208,06/14/2026,46364004024517,Historic House Fund,1,25.00,0.00,25.00,No,0.00
235208,06/14/2026,46363976827077,Donor Cover Cost,1,1.02,0.00,1.02,No,0.00
234825,06/14/2026,46364019294405,Longyear Fund,1,75.00,0.00,75.00,No,0.00
234825,06/14/2026,46363976827077,Donor Cover Cost,1,10.87,0.00,10.87,No,0.00
235394,06/14/2026,46363848147141,Membership,1,40.00,0.00,40.00,No,0.00
234675,06/14/2026,46363848147141,Membership,1,40.00,0.00,40.00,No,0.00
235150,06/14/2026,46364037415109,Historic House Appeal,1,50.00,0.00,50.00,No,0.00
234994,06/14/2026,GIFT-900-103,Cross and Crown Ornament,3,18.00,0.00,54.00,No,0.00
234632,06/14/2026,GIFT-400-109,Cross and Crown Stained-glass Suncatcher,2,60.00,0.00,120.00,No,0.00
234632,06/14/2026,46363848147141,Membership,1,40.00,0.00,40.00,No,0.00
235080,06/14/2026,46363848179909,Membership,1,75.00,0.00,75.00,No,0.00
235080,06/14/2026,46363848179909,Membership,1,25.00,0.00,25.00,No,0.00
235239,06/14/2026,46363848147141,Membership,1,40.00,0.00,40.00,No,0.00
235238,06/14/2026,46363848147141,Membership,1,40.00,0.00,40.00,No,0.00
235180,06/14/2026,AUD-300-530,"Hymn Music from ""Follow and Rejoice""",1,14.40,0.00,14.40,No,0.59
235180,06/14/2026,AUD-100-415,William Tyndale: A Ploughman's Talk,1,19.80,0.00,19.80,No,0.81
235180,06/14/2026,BOOK-300-104,Christian Science in East Germany: The Church that Came in from the Cold by Gregory Sandford,1,13.50,0.00,13.50,No,0.55
235180,06/14/2026,GIFT-800-700,What Our Leader Says Matted Prints,1,10.80,0.00,10.80,No,0.44
235180,06/14/2026,STA-100-301,Longyear Notecard,1,3.37,0.00,3.37,No,0.14
235180,06/14/2026,STA-100-301,Longyear Notecard,1,3.37,0.00,3.37,No,0.14
235180,06/14/2026,STA-100-300,Photo Cards,1,3.37,0.00,3.37,No,0.14
235180,06/14/2026,STA-100-301,Longyear Notecard,1,3.37,0.00,3.37,No,0.14
235180,06/14/2026,STA-300-420,Postcard,1,0.67,0.00,0.67,No,0.03
235180,06/14/2026,STA-300-420,Postcard,1,0.67,0.00,0.67,No,0.03
235180,06/14/2026,46363848147141,Membership,1,40.00,0.00,40.00,No,1.58
234692,06/14/2026,46363848147141,Membership,1,40.00,0.00,40.00,No,0.00
234692,06/14/2026,46364019196101,Longyear Fund,1,100.00,0.00,100.00,No,0.00
234692,06/14/2026,46363976827077,Donor Cover Cost,1,4.65,0.00,4.65,No,0.00
235135,06/14/2026,46364040102085,Ongoing Fundraising,1,4121.10,0.00,4121.10,No,0.00
234833,06/14/2026,BDCA8D4,Mary Baker Eddy's New England Tour Deposit (Fall 2026),1,900.00,0.00,900.00,No,0.00
234660,06/14/2026,46364037447877,Historic House Appeal,1,100.00,0.00,100.00,No,0.00
234659,06/14/2026,46363848147141,Membership,1,50.00,0.00,50.00,No,0.00
234650,06/14/2026,JEWEL-100-100,Cross and Crown Seal Pendants - Nikki Paulk,1,115.00,0.00,115.00,No,0.00
234650,06/14/2026,CHARGE-200-100,Gift Wrap,1,5.00,0.00,5.00,No,0.00
235273,06/14/2026,GIFT-500-009,Chestnut Hill Magnetic Floral Notepads,1,10.80,0.00,10.80,No,0.00
235273,06/14/2026,STA-200-501,Wallpaper Pen,1,7.20,0.00,7.20,No,0.00
235273,06/14/2026,GIFT-400-732,Home Plaque,1,18.00,0.00,18.00,No,0.00
235273,06/14/2026,GIFT-300-928,Kitchen Towels,1,16.20,0.00,16.20,No,0.00
235273,06/14/2026,GIFT-500-001,Chestnut Hill Coasters,1,14.40,0.00,14.40,No,0.00
235273,06/14/2026,CHARGE-200-100,Gift Wrap,1,4.50,0.00,4.50,No,0.00
235089,06/14/2026,46364037447877,Historic House Appeal,1,100.00,0.00,100.00,No,0.00
235264,06/14/2026,BOOK-500-250,The Isotropic View by Barbara Cook Spencer,1,80.00,0.00,80.00,No,0.00
234706,06/14/2026,BOOK-500-250,The Isotropic View by Barbara Cook Spencer,1,100.00,0.00,100.00,No,0.00
234620,06/14/2026,GIFT100550,Decorative Wooden Bowls and More,1,72.00,0.00,72.00,No,0.00
234620,06/14/2026,GIFT100550,Decorative Wooden Bowls and More,1,54.00,0.00,54.00,No,0.00
234620,06/14/2026,GIFT-400-109,Cross and Crown Stained-glass Suncatcher,1,54.00,0.00,54.00,No,0.00
234603,06/14/2026,46363848179909,Membership,1,75.00,0.00,75.00,No,0.00
234603,06/14/2026,46364019163333,Longyear Fund,1,50.00,0.00,50.00,No,0.00
234670,06/14/2026,46364037808325,Annual Appeal,1,250.00,0.00,250.00,No,0.00
234617,06/14/2026,46364003958981,Historic House Fund,1,250.00,0.00,250.00,No,0.00
234617,06/14/2026,46363976827077,Donor Cover Cost,1,7.53,0.00,7.53,No,0.00
234604,06/14/2026,46363848147141,Membership,1,40.00,0.00,40.00,No,0.00
235256,06/14/2026,46364037546181,Historic House Appeal,1,200.00,0.00,200.00,No,0.00
235430,06/14/2026,GIFT-600-005,"""Spike"" the Squirrel",1,18.00,0.00,18.00,No,0.91
235430,06/14/2026,PH-300-108,Rathvon Framed Quote,1,9.00,0.00,9.00,No,0.46
235430,06/14/2026,,Squirrel Socks,1,19.80,0.00,19.80,No,0.99
235430,06/14/2026,STA-300-905,Artwork of 400 Beacon Street Notecards,1,27.00,0.00,27.00,No,1.35
235430,06/14/2026,STA-100-199,Watercolor Historic House Notecard Sets,1,27.00,0.00,27.00,No,1.35
233508,06/14/2026,46363848147141,Membership,1,40.00,0.00,40.00,No,0.00
233508,06/14/2026,46363976827077,Donor Cover Cost,1,1.46,0.00,1.46,No,0.00
232400,06/14/2026,BDCA8D4-SpringBalance,Mary Baker Eddy's New England Tour Balance (Spring 2026),1,2200.00,0.00,2200.00,No,0.00
231615,06/14/2026,BDCA8D5,Mary Baker Eddy's New England Tour Deposit (Spring 2026),1,2000.00,0.00,2000.00,No,0.00
235281,06/14/2026,46364003926213,Historic House Fund,1,100.00,0.00,100.00,No,0.00
235281,06/14/2026,46363976827077,Donor Cover Cost,1,3.19,0.00,3.19,No,0.00
229153,06/14/2026,BOOK-500-002,Peter Henniker-Heaton: Man of Joy by Kim M. Schuette,2,40.00,0.00,80.00,No,0.00
229153,06/14/2026,46363848147141,Membership,1,40.00,0.00,40.00,No,0.00